mtllib decomp.mtl
o link0000
usemtl Material000
v 0.181530917 0.181773120 -0.552774210
v 0.323063496 -0.039756134 -0.589695753
v 0.267681183 0.187926711 -0.589695753
v 0.175377327 0.274076976 -0.638924476
v 0.169225079 -0.064371539 -0.622019422
v 0.310756315 0.101776445 -0.645078066
v 0.175377327 0.274076976 -0.589695753
v 0.249220411 0.071008493 -0.552774210
v 0.316909906 0.071008493 -0.589695753
v 0.255374002 0.206387482 -0.638924476
v 0.218452459 -0.021295363 -0.638924476
v 0.218452459 0.243309024 -0.589695753
v 0.166957424 0.185292581 -0.555448028
v 0.212298869 0.151005168 -0.552774210
v 0.169223736 -0.064370496 -0.552774210
v 0.298449135 0.132544397 -0.595849343
v 0.323063496 0.046394132 -0.638924476
v 0.255374002 0.040240541 -0.552774210
v 0.304602725 0.114083626 -0.589695753
v 0.279988363 0.169465940 -0.645078066
v 0.169223736 0.243309024 -0.638924476
v 0.313053952 -0.063573423 -0.636359961
v 0.187684507 0.267923386 -0.589695753
v 0.243066821 0.218694663 -0.589695753
v 0.206145279 0.255616205 -0.638924476
v 0.175377327 0.187926711 -0.552774210
v 0.323063496 0.034086951 -0.589695753
v 0.316909906 0.077162084 -0.595849343
v 0.249220411 -0.064370496 -0.552774210
v 0.310756315 0.095622855 -0.589695753
v 0.224606050 0.126390807 -0.552774210
v 0.310756315 0.101776445 -0.608156524
v 0.236913231 0.071008493 -0.645078066
v 0.304602725 0.120237216 -0.638924476
v 0.279988363 0.169465940 -0.595849343
v 0.167401567 0.271949596 -0.637348194
v 0.296004815 -0.065108204 -0.636699281
v 0.323063496 -0.045909725 -0.638924476
v 0.255374002 0.206387482 -0.620463705
v 0.212298869 0.249462615 -0.602002934
v 0.187684507 0.267923386 -0.638924476
v 0.316909906 0.077162084 -0.638924476
v 0.323063496 0.046394132 -0.614310114
v 0.255374002 -0.039756134 -0.552774210
v 0.316909906 -0.064370496 -0.589695753
v 0.218452459 0.114083626 -0.645078066
v 0.298449135 0.132544397 -0.645078066
v 0.304602725 0.120237216 -0.620463705
v 0.166844586 0.270365825 -0.593768430
v 0.224606050 -0.027448953 -0.638924476
v 0.298449135 0.064854903 -0.645078066
v 0.249220411 0.212541072 -0.602002934
v 0.206145279 0.255616205 -0.626617295
v 0.323063496 0.040240541 -0.595849343
v 0.323063496 -0.045909725 -0.614310114
v 0.218452459 0.132544397 -0.645078066
v 0.243066821 0.064854903 -0.645078066
v 0.310756315 0.071008493 -0.645078066
v 0.261527592 0.169465940 -0.645078066
v 0.230759640 0.144851578 -0.645078066
f 14 1 8
f 15 13 5
f 15 8 1
f 18 9 8
f 18 8 15
f 19 16 3
f 20 10 3
f 21 11 5
f 23 4 7
f 24 10 12
f 24 14 3
f 24 12 1
f 24 1 14
f 25 12 10
f 25 10 20
f 26 7 13
f 26 23 7
f 26 1 12
f 26 12 23
f 26 15 1
f 26 13 15
f 27 2 17
f 27 18 2
f 27 9 18
f 28 9 27
f 29 18 15
f 30 19 8
f 30 8 9
f 30 9 28
f 31 14 8
f 31 8 19
f 31 19 3
f 31 3 14
f 32 16 19
f 32 19 30
f 32 30 28
f 32 28 6
f 33 20 6
f 34 32 6
f 35 20 3
f 35 3 16
f 35 16 20
f 36 21 5
f 36 7 4
f 36 4 21
f 37 29 15
f 37 15 5
f 38 17 2
f 38 6 17
f 38 22 37
f 39 3 10
f 39 10 24
f 40 23 12
f 41 4 23
f 41 23 25
f 41 25 20
f 41 20 4
f 42 28 17
f 42 17 6
f 42 6 28
f 43 27 17
f 43 17 28
f 44 29 2
f 44 2 18
f 44 18 29
f 45 2 29
f 45 22 38
f 45 37 22
f 45 29 37
f 46 33 11
f 46 11 21
f 46 20 33
f 47 34 6
f 47 6 20
f 47 20 16
f 47 16 34
f 48 34 16
f 48 16 32
f 48 32 34
f 49 36 5
f 49 5 13
f 49 13 7
f 49 7 36
f 50 37 5
f 50 5 11
f 50 38 37
f 50 11 33
f 51 33 6
f 52 39 24
f 52 24 3
f 52 3 39
f 53 25 23
f 53 23 40
f 53 40 12
f 53 12 25
f 54 43 28
f 54 28 27
f 54 27 43
f 55 45 38
f 55 38 2
f 55 2 45
f 56 46 21
f 56 21 4
f 56 20 46
f 57 50 33
f 57 38 50
f 57 51 38
f 57 33 51
f 58 51 6
f 58 6 38
f 58 38 51
f 59 4 20
f 59 20 56
f 60 59 56
f 60 56 4
f 60 4 59
o link0001
usemtl Material001
v 0.089227061 -0.064370496 -0.546620620
v 0.089227061 -0.150520761 -0.546620620
v 0.076919880 -0.082831267 -0.638924476
v -0.126148603 -0.064370496 -0.638924476
v -0.156916555 -0.150520761 -0.546620620
v 0.076919880 -0.064370496 -0.638924476
v 0.089227061 -0.064370496 -0.632770886
v -0.156916555 -0.064370496 -0.546620620
v 0.089227061 -0.150520215 -0.622010183
v -0.156915180 -0.064369320 -0.622005499
v 0.089227061 -0.076677677 -0.632770886
v -0.156916555 -0.150520761 -0.621999979
v -0.119995013 -0.082831267 -0.638924476
v -0.126148603 -0.076677677 -0.638924476
f 65 62 61
f 66 63 64
f 67 63 66
f 68 65 61
f 69 67 61
f 69 61 62
f 70 68 61
f 70 66 64
f 70 67 66
f 70 61 67
f 71 69 63
f 71 63 67
f 71 67 69
f 72 65 68
f 72 68 70
f 72 69 62
f 72 62 65
f 73 64 63
f 73 63 69
f 73 69 72
f 74 73 72
f 74 64 73
f 74 72 70
f 74 70 64
o link0002
usemtl Material002
v -0.236913231 0.089469264 -0.423548812
v -0.236913231 -0.076677677 -0.454316764
v -0.236913231 0.089469264 -0.515852668
v -0.267681183 0.095622855 -0.515852668
v -0.291854047 0.041396557 -0.437818560
v -0.249220411 -0.076677677 -0.534313439
v -0.267681183 0.114083626 -0.454316764
v -0.236913231 -0.021295363 -0.423548812
v -0.236913231 -0.088984857 -0.528159849
v -0.249220411 0.071008493 -0.522006258
v -0.279988363 -0.045909725 -0.485084716
v -0.243066821 0.101776445 -0.429702402
v -0.243066821 0.101776445 -0.509699078
v -0.292295544 0.082999997 -0.466623945
v -0.263999677 -0.024961715 -0.427643918
v -0.236913231 -0.045909725 -0.534313439
v -0.249220411 -0.045909725 -0.534313439
v -0.243066821 0.095622855 -0.515852668
v -0.273835055 -0.012113585 -0.505658833
v -0.249220411 -0.088984857 -0.485084716
v -0.286141954 0.083315674 -0.429702402
v -0.279988363 0.114083626 -0.485084716
v -0.292209616 0.040217522 -0.466623945
v -0.249220411 -0.076677677 -0.454316764
v -0.279988363 -0.045909725 -0.454316764
v -0.261527592 0.064854903 -0.522006258
v -0.273834827 0.080237408 -0.505571752
v -0.236913231 -0.088984857 -0.485084716
v -0.249220411 -0.088984857 -0.528159849
v -0.267681183 0.101776445 -0.429702402
v -0.286141954 0.040240541 -0.429702402
v -0.267681183 0.095622855 -0.423548812
v -0.291826018 0.081784329 -0.437940801
v -0.267681183 0.101776445 -0.509699078
v -0.267681183 0.114083626 -0.485084716
v -0.249220411 -0.082831267 -0.460470354
v -0.255374002 0.071008493 -0.522006258
v -0.279988363 0.114083626 -0.454316764
v -0.236913231 -0.080838785 -0.463922208
f 75 76 77
f 82 76 75
f 83 77 76
f 86 75 77
f 87 86 77
f 87 81 86
f 90 83 80
f 90 77 83
f 90 84 77
f 91 90 80
f 91 84 90
f 92 84 78
f 92 77 84
f 92 87 77
f 92 78 87
f 93 78 80
f 93 80 85
f 96 78 88
f 97 79 88
f 97 93 85
f 97 88 93
f 98 76 82
f 98 82 89
f 99 98 89
f 99 85 94
f 99 97 85
f 99 79 97
f 100 91 80
f 100 80 78
f 101 93 88
f 101 88 78
f 101 78 93
f 102 94 83
f 102 83 76
f 103 94 85
f 103 85 80
f 103 80 83
f 103 83 94
f 104 86 81
f 105 95 79
f 105 99 89
f 105 79 99
f 106 82 75
f 106 104 95
f 106 75 86
f 106 86 104
f 106 95 105
f 106 105 89
f 106 89 82
f 107 88 79
f 107 79 95
f 108 96 87
f 108 87 78
f 108 78 96
f 109 96 81
f 109 81 87
f 109 87 96
f 110 76 98
f 110 94 102
f 110 99 94
f 110 98 99
f 111 100 78
f 111 78 84
f 111 84 91
f 111 91 100
f 112 96 88
f 112 88 107
f 112 81 96
f 112 104 81
f 112 107 95
f 112 95 104
f 113 110 102
f 113 102 76
f 113 76 110
o link0003
usemtl Material003
v 0.113841422 -0.168981533 -0.294999987
v 0.113841422 -0.193595894 -0.294323413
v 0.113841422 -0.218210256 -0.466623945
v -0.156916555 -0.168981533 -0.466623945
v -0.138455784 -0.175135123 -0.294323413
v 0.113841422 -0.175135123 -0.466623945
v -0.136937201 -0.167685598 -0.295672208
v -0.046151928 -0.236671027 -0.331244956
v -0.153820539 -0.183791388 -0.466863995
v 0.113841422 -0.168981533 -0.374320089
v -0.156916555 -0.175135123 -0.331244956
v 0.052305518 -0.236671027 -0.337398546
v -0.052305518 -0.218210256 -0.294323413
v -0.039998338 -0.242824617 -0.466623945
v -0.070766290 -0.168981533 -0.466623945
v -0.155407305 -0.167341948 -0.333409590
v -0.156916555 -0.187442304 -0.355859317
v 0.107687832 -0.218210256 -0.337398546
v -0.107687832 -0.218210256 -0.337398546
v 0.052305518 -0.218210256 -0.294323413
v 0.039998338 -0.242824617 -0.466623945
v -0.156916555 -0.181288713 -0.337398546
v 0.113841422 -0.212056665 -0.331244956
v -0.126148603 -0.187442304 -0.294323413
v -0.089227061 -0.224363846 -0.331244956
v -0.138455784 -0.205903075 -0.466623945
v 0.089227061 -0.205903075 -0.294323413
v 0.089227061 -0.224363846 -0.331244956
v 0.046151928 -0.236671027 -0.331244956
v -0.009230386 -0.242824617 -0.380473679
v -0.138455784 -0.199749485 -0.343552137
v 0.113841422 -0.218210256 -0.417395221
v -0.070766290 -0.230517437 -0.331244956
v -0.089227061 -0.205903075 -0.294323413
v -0.089227061 -0.230517437 -0.454316764
v -0.089227061 -0.230517437 -0.466623945
v 0.070766290 -0.230517437 -0.331244956
v -0.033844747 -0.242824617 -0.423548812
v 0.021537566 -0.242824617 -0.398934450
v -0.132302194 -0.205903075 -0.368166498
v 0.089227061 -0.230517437 -0.454316764
v -0.076919880 -0.230517437 -0.343552137
v -0.113841422 -0.218210256 -0.411241631
v -0.070766290 -0.236671027 -0.466623945
v -0.021537566 -0.242824617 -0.392780860
v 0.039998338 -0.242824617 -0.448163174
v 0.009230386 -0.242824617 -0.380473679
v -0.119995013 -0.212056665 -0.343552137
v -0.144609374 -0.199749485 -0.417395221
v 0.101534242 -0.224363846 -0.423548812
v 0.076919880 -0.230517437 -0.343552137
v 0.070766290 -0.236671027 -0.466623945
v -0.095380651 -0.224363846 -0.355859317
v -0.052305518 -0.236671027 -0.337398546
v -0.126148603 -0.212056665 -0.429702402
v -0.070766290 -0.236671027 -0.460470354
v 0.027691157 -0.242824617 -0.411241631
v -0.138455784 -0.205903075 -0.460470354
v 0.095380651 -0.224363846 -0.355859317
v 0.089227061 -0.230517437 -0.466623945
v 0.064612699 -0.236671027 -0.411241631
v -0.101534242 -0.224363846 -0.429702402
v -0.064612699 -0.236671027 -0.411241631
v 0.070766290 -0.236671027 -0.460470354
f 118 115 114
f 119 114 116
f 120 118 114
f 122 119 116
f 123 114 119
f 124 118 120
f 126 115 118
f 128 123 119
f 128 122 117
f 128 119 122
f 129 120 114
f 129 114 123
f 129 123 128
f 129 128 117
f 129 124 120
f 129 117 124
f 130 124 117
f 130 117 122
f 133 115 126
f 133 126 121
f 134 127 122
f 135 118 124
f 135 124 130
f 136 115 131
f 136 114 115
f 137 126 118
f 137 118 135
f 139 130 122
f 140 131 115
f 140 115 133
f 141 140 133
f 141 131 140
f 142 133 121
f 143 127 134
f 143 142 121
f 144 135 130
f 144 137 135
f 144 132 137
f 145 136 131
f 145 116 114
f 145 114 136
f 146 121 126
f 146 126 138
f 147 138 126
f 147 126 137
f 147 137 132
f 147 132 138
f 149 139 122
f 150 141 133
f 150 133 142
f 150 142 125
f 151 127 143
f 152 143 134
f 153 144 130
f 155 138 132
f 155 146 138
f 157 148 149
f 157 149 122
f 157 122 127
f 158 151 143
f 158 143 121
f 159 152 134
f 160 152 125
f 160 125 142
f 160 142 143
f 160 143 152
f 161 132 144
f 161 144 153
f 161 156 132
f 162 153 130
f 162 130 139
f 163 145 131
f 163 116 145
f 164 131 141
f 164 141 150
f 164 150 125
f 165 134 122
f 165 159 134
f 166 155 132
f 166 148 155
f 166 132 156
f 167 121 146
f 167 146 155
f 167 158 121
f 167 151 158
f 168 139 156
f 168 161 153
f 168 156 161
f 169 155 148
f 169 148 157
f 169 157 127
f 170 159 125
f 170 125 152
f 170 152 159
f 171 162 139
f 171 153 162
f 171 168 153
f 171 139 168
f 172 163 131
f 172 131 164
f 172 164 154
f 172 154 163
f 173 154 165
f 173 163 154
f 173 116 163
f 173 165 122
f 173 122 116
f 174 125 159
f 174 164 125
f 175 166 156
f 175 148 166
f 175 149 148
f 175 156 139
f 175 139 149
f 176 167 155
f 176 155 169
f 176 151 167
f 176 169 127
f 176 127 151
f 177 174 159
f 177 159 165
f 177 165 154
f 177 154 164
f 177 164 174
o link0004
usemtl Material004
v 0.126148603 0.132544397 -0.294999987
v 0.126148603 -0.113599219 -0.294999987
v 0.126148603 0.132544397 -0.466623945
v -0.156916555 0.132544397 -0.466623945
v -0.156916555 -0.162827942 -0.294323413
v -0.156916555 0.132544397 -0.294999987
v 0.113841422 -0.175135123 -0.466623945
v 0.126148603 -0.113599219 -0.466623945
v 0.113841422 -0.168981533 -0.294999987
v -0.156916555 -0.168981533 -0.466623945
v 0.113841422 -0.175135123 -0.374320089
v -0.150762965 -0.168981533 -0.306630594
v -0.070766290 -0.175135123 -0.466623945
v -0.070766290 -0.175135123 -0.374320089
v -0.140997323 -0.164953460 -0.296458024
v -0.156916555 -0.168981533 -0.325091365
f 178 179 180
f 178 180 181
f 182 179 178
f 183 182 178
f 183 178 181
f 183 181 182
f 184 181 180
f 185 184 180
f 185 180 179
f 186 179 182
f 187 182 181
f 187 181 184
f 188 179 186
f 188 185 179
f 188 184 185
f 190 187 184
f 190 184 188
f 191 188 186
f 191 186 189
f 191 190 188
f 191 187 190
f 192 189 186
f 192 186 182
f 192 182 189
f 193 189 182
f 193 182 187
f 193 191 189
f 193 187 191
o link0005
usemtl Material005
v 0.076919880 0.237155434 -0.503545487
v 0.089227061 0.169465940 -0.503545487
v 0.089227061 0.212541072 -0.595849343
v -0.107731739 0.250301004 -0.595849343
v -0.107687832 0.169465940 -0.503545487
v 0.052449706 0.250222116 -0.601196224
v 0.089227061 0.237155434 -0.546620620
v -0.095380651 0.231001844 -0.503545487
v 0.089227061 0.169465940 -0.595849343
v 0.009230386 0.249462615 -0.522006258
v 0.087183836 0.225352772 -0.504045253
v 0.052305518 0.249462615 -0.546620620
v 0.089227061 0.237155434 -0.552774210
v -0.107687832 0.224848253 -0.503545487
v -0.107687832 0.169465940 -0.595849343
v -0.052305518 0.243309024 -0.503545487
v 0.083073470 0.237155434 -0.522006258
v 0.076919880 0.243309024 -0.546620620
v 0.052305518 0.243309024 -0.503545487
v -0.070766290 0.249462615 -0.552774210
v -0.076919880 0.237155434 -0.503545487
v 0.076919880 0.243309024 -0.552774210
v 0.021537566 0.249462615 -0.528159849
v -0.015383976 0.249462615 -0.522006258
f 198 195 194
f 200 195 196
f 201 198 194
f 202 196 195
f 202 195 198
f 202 199 196
f 203 199 197
f 204 194 195
f 204 195 200
f 206 200 196
f 206 196 199
f 207 201 197
f 207 197 198
f 207 198 201
f 208 202 198
f 208 198 197
f 208 197 199
f 208 199 202
f 209 201 194
f 210 204 200
f 210 194 204
f 211 199 205
f 211 200 206
f 211 210 200
f 211 194 210
f 212 211 205
f 212 194 211
f 212 209 194
f 212 203 209
f 213 197 209
f 214 209 197
f 214 197 201
f 214 201 209
f 215 211 206
f 215 206 199
f 215 199 211
f 216 212 205
f 216 203 212
f 216 205 199
f 216 199 203
f 217 213 209
f 217 209 203
f 217 203 197
f 217 197 213
o link0006
usemtl Material006
v 0.181530917 0.169465940 -0.466623945
v 0.243066821 -0.045909725 -0.472777535
v 0.243066821 0.077162084 -0.546620620
v 0.169223736 0.169465940 -0.552774210
v 0.169223736 -0.064370496 -0.466623945
v 0.206145279 0.151005168 -0.552774210
v 0.236913231 0.071008493 -0.466623945
v 0.166265223 0.172653528 -0.466834029
v 0.224971558 -0.099731094 -0.552983123
v 0.187684507 0.169465940 -0.534313439
v 0.249220411 0.015626179 -0.522006258
v 0.206145279 0.138697988 -0.466623945
v 0.243066821 -0.039756134 -0.466623945
v 0.175377327 0.175619530 -0.466623945
v 0.169223736 -0.064370496 -0.552774210
v 0.220198052 -0.099308486 -0.503921298
v 0.244689019 0.051536604 -0.556346674
v 0.185061062 0.167188937 -0.555447186
v 0.206145279 0.151005168 -0.546620620
v 0.249220411 0.052547722 -0.546620620
v 0.249220411 -0.052063315 -0.546620620
v 0.230759640 0.089469264 -0.466623945
v 0.243066821 0.040240541 -0.466623945
v 0.168628885 0.175023165 -0.522073466
v 0.212298869 -0.101292038 -0.552774210
v 0.231329655 -0.063017606 -0.466912058
v 0.218452459 0.132544397 -0.552774210
v 0.238469736 -0.075312897 -0.556346948
v 0.187684507 0.163312349 -0.472777535
v 0.244753701 -0.051066630 -0.556295695
v 0.230759640 -0.101292038 -0.528159849
v 0.249220411 -0.015141773 -0.522006258
v 0.243066821 0.046394132 -0.472777535
v 0.212298869 -0.101292038 -0.503545487
v 0.238369661 0.075762596 -0.556412164
v 0.218452459 0.132544397 -0.546620620
v 0.220437526 0.117966778 -0.556320865
v 0.243066821 -0.076677677 -0.546620620
v 0.230759640 -0.095138448 -0.503545487
v 0.249220411 -0.027448953 -0.528159849
v 0.224606050 0.107930036 -0.491238306
v 0.224606050 0.120237216 -0.546620620
v 0.218452459 0.120237216 -0.491238306
f 224 218 222
f 229 218 224
f 230 224 222
f 231 225 222
f 231 222 218
f 231 218 227
f 232 225 221
f 232 222 225
f 235 227 223
f 235 232 221
f 236 227 218
f 236 223 227
f 237 220 224
f 237 234 220
f 238 237 228
f 238 230 219
f 239 229 224
f 239 224 220
f 240 230 228
f 240 224 230
f 240 228 237
f 241 231 227
f 241 221 225
f 241 225 231
f 241 235 221
f 241 227 235
f 242 222 232
f 243 230 222
f 243 219 230
f 244 223 236
f 245 232 235
f 245 242 232
f 245 226 242
f 246 236 218
f 246 218 229
f 246 229 236
f 247 234 237
f 247 237 238
f 247 245 234
f 248 242 226
f 249 238 228
f 249 228 230
f 250 240 237
f 250 237 224
f 250 224 240
f 251 222 242
f 251 243 222
f 251 233 243
f 251 248 233
f 251 242 248
f 252 244 220
f 252 220 234
f 252 234 245
f 253 244 236
f 253 236 229
f 254 235 223
f 254 223 244
f 254 244 252
f 254 252 245
f 254 245 235
f 255 247 238
f 255 245 247
f 255 238 219
f 255 248 226
f 255 226 245
f 256 243 233
f 256 233 248
f 256 219 243
f 256 255 219
f 256 248 255
f 257 249 230
f 257 230 238
f 257 238 249
f 258 229 239
f 259 239 220
f 259 220 244
f 259 244 253
f 259 258 239
f 259 253 258
f 260 258 253
f 260 253 229
f 260 229 258
o link0007
usemtl Material007
v 0.206145279 -0.150520761 -0.552774210
v 0.286141954 -0.156674352 -0.595849343
v 0.150762598 -0.150519876 -0.622007615
v 0.147836756 -0.250701897 -0.642000020
v 0.169223736 -0.279746160 -0.589695753
v 0.286141954 -0.156674352 -0.645078066
v 0.243066821 -0.218210256 -0.589695753
v 0.150762965 -0.150520761 -0.552774210
v 0.250774249 -0.147883760 -0.642000020
v 0.169223736 -0.279746160 -0.645078066
v 0.267681183 -0.187442304 -0.589695753
v 0.156916555 -0.205903075 -0.552774210
v 0.281994334 -0.148274434 -0.597287197
v 0.149030082 -0.282765578 -0.642000020
v 0.156916555 -0.285899750 -0.645078066
v 0.206145279 -0.255131798 -0.614310114
v 0.279988363 -0.162827942 -0.589695753
v 0.206145279 -0.156674352 -0.552774210
v 0.255374002 -0.205903075 -0.638924476
v 0.279988363 -0.168981533 -0.595849343
v 0.212298869 -0.248978208 -0.589695753
v 0.282699152 -0.148677652 -0.641986149
v 0.148550667 -0.281785413 -0.597096919
v 0.181530917 -0.273592570 -0.626617295
v 0.255374002 -0.205903075 -0.614310114
v 0.279988363 -0.168981533 -0.645078066
v 0.187684507 -0.267438979 -0.589695753
v 0.150762965 -0.205903075 -0.552774210
v 0.156916555 -0.285899750 -0.595849343
v 0.206145279 -0.255131798 -0.638924476
v 0.249220411 -0.212056665 -0.595849343
v 0.181530917 -0.273592570 -0.638924476
f 268 263 264
f 269 266 264
f 269 264 263
f 269 263 268
f 272 261 268
f 273 261 262
f 273 269 268
f 273 268 261
f 275 264 266
f 275 266 270
f 275 274 264
f 275 270 265
f 277 262 261
f 278 267 271
f 278 272 267
f 278 261 272
f 278 277 261
f 278 271 277
f 280 266 262
f 280 277 271
f 280 262 277
f 280 271 279
f 281 267 272
f 281 276 267
f 282 273 262
f 282 262 266
f 282 266 269
f 282 269 273
f 283 268 264
f 283 264 274
f 284 265 270
f 285 279 271
f 285 267 279
f 286 270 266
f 286 280 279
f 286 266 280
f 287 281 272
f 287 272 265
f 287 276 281
f 287 284 276
f 287 265 284
f 288 265 272
f 288 272 268
f 288 268 283
f 289 275 265
f 289 288 283
f 289 265 288
f 289 283 274
f 289 274 275
f 290 276 284
f 290 279 267
f 290 267 276
f 290 286 279
f 290 270 286
f 291 285 271
f 291 271 267
f 291 267 285
f 292 290 284
f 292 284 270
f 292 270 290
o link0008
usemtl Material008
v 0.138455784 0.218694663 -0.552774210
v 0.169223736 0.218694663 -0.571234982
v 0.113841422 0.304844928 -0.589695753
v 0.070766290 0.310998519 -0.645078066
v 0.052300199 0.212535287 -0.622001963
v 0.169223736 0.280230567 -0.645078066
v 0.163070146 0.280230567 -0.589695753
v 0.136320818 0.209173201 -0.555842508
v 0.051269282 0.244818653 -0.556435438
v 0.101534242 0.310998519 -0.645078066
v 0.113841422 0.218694663 -0.645078066
v 0.132302194 0.298691338 -0.595849343
v 0.169223736 0.280230567 -0.602002934
v 0.070766290 0.249462615 -0.552774210
v 0.051718644 0.313465912 -0.593905801
v 0.052305518 0.212541072 -0.552774210
v 0.064612699 0.243309024 -0.645078066
v 0.169223736 0.212541072 -0.601000011
v 0.119995013 0.304844928 -0.620463705
v 0.170186874 0.250906696 -0.636842531
v 0.156916555 0.286384157 -0.595849343
v 0.126148603 0.224848253 -0.552774210
v 0.051987094 0.314890530 -0.636843714
v 0.070766290 0.317152109 -0.589695753
v 0.070766290 0.237155434 -0.645078066
v 0.167379447 0.210052243 -0.575460069
v 0.132302194 0.212541072 -0.626617295
v 0.132302194 0.298691338 -0.645078066
v 0.144609374 0.231001844 -0.645078066
v 0.052305518 0.292537748 -0.638924476
v 0.076919880 0.317152109 -0.638924476
v 0.101534242 0.310998519 -0.614310114
v 0.095380651 0.310998519 -0.589695753
v 0.119995013 0.304844928 -0.638924476
v 0.169223736 0.261769796 -0.645078066
v 0.132302194 0.218694663 -0.645078066
v 0.064612699 0.280230567 -0.645078066
v 0.076919880 0.317152109 -0.602002934
f 299 293 294
f 300 294 293
f 302 298 296
f 303 296 298
f 304 295 299
f 305 299 294
f 305 298 304
f 308 300 293
f 308 306 301
f 308 293 306
f 308 301 297
f 308 297 300
f 309 296 303
f 312 305 294
f 312 298 305
f 312 294 310
f 313 305 304
f 313 304 299
f 313 299 305
f 314 306 293
f 314 295 306
f 314 299 295
f 314 293 299
f 315 297 301
f 315 301 307
f 316 315 307
f 316 307 301
f 316 301 306
f 317 309 303
f 317 303 297
f 317 297 309
f 318 310 294
f 318 294 300
f 319 297 303
f 319 310 318
f 319 318 300
f 319 300 297
f 320 298 302
f 320 311 304
f 320 304 298
f 321 303 298
f 321 312 310
f 322 309 297
f 322 297 315
f 322 315 296
f 323 302 296
f 323 296 315
f 323 315 316
f 324 311 302
f 324 302 323
f 324 295 304
f 324 304 311
f 325 316 306
f 325 306 295
f 325 295 324
f 326 320 302
f 326 302 311
f 326 311 320
f 327 321 298
f 327 298 312
f 327 312 321
f 328 319 303
f 328 303 321
f 328 321 310
f 328 310 319
f 329 322 296
f 329 296 309
f 329 309 322
f 330 324 323
f 330 323 316
f 330 325 324
f 330 316 325
o link0009
usemtl Material009
v -0.156916555 0.151005168 -0.466623945
v -0.156916555 -0.150520761 -0.466623945
v -0.156916555 0.151005168 -0.503545487
v -0.190570617 0.148421663 -0.503852799
v -0.236913231 0.084250003 -0.466623945
v -0.156916555 -0.150520761 -0.503545487
v -0.189095064 0.147255005 -0.466927155
v -0.236913231 -0.088984857 -0.503545487
v -0.236881910 0.082582074 -0.502841017
v -0.190883103 -0.148119784 -0.503842671
v -0.236899832 -0.081773315 -0.466623945
v -0.218452459 -0.125906400 -0.466623945
v -0.189418991 -0.146930154 -0.466909484
v -0.236913231 -0.088984857 -0.485084716
v -0.214000002 -0.122028564 -0.503680903
f 331 332 333
f 331 333 334
f 335 332 331
f 336 333 332
f 336 334 333
f 337 335 331
f 337 331 334
f 337 334 335
f 339 338 335
f 339 335 334
f 339 334 338
f 340 338 334
f 340 334 336
f 340 336 332
f 342 332 335
f 342 335 341
f 343 342 340
f 343 340 332
f 343 332 342
f 344 342 341
f 344 338 342
f 344 341 335
f 344 335 338
f 345 342 338
f 345 338 340
f 345 340 342
o link0010
usemtl Material010
v 0.089227061 0.095622855 -0.546620620
v 0.089227061 -0.064370496 -0.546620620
v 0.076919880 0.064854903 -0.638924476
v -0.126148603 0.077162084 -0.638924476
v -0.156916555 -0.064370496 -0.546620620
v 0.089227208 0.095622500 -0.622015168
v -0.156916555 0.095622855 -0.546620620
v 0.089227061 -0.064370496 -0.632770886
v 0.076919880 0.083315674 -0.638924476
v -0.156928208 0.095599720 -0.622000017
v -0.156915180 -0.064369320 -0.622005499
v -0.126148603 0.064854903 -0.638924476
v 0.089227061 0.077162084 -0.632770886
v -0.119995013 0.083315674 -0.638924476
v -0.123499803 -0.064370496 -0.629999995
f 350 347 346
f 351 346 347
f 352 350 346
f 352 346 351
f 353 347 350
f 353 351 347
f 354 348 349
f 354 353 348
f 355 350 352
f 355 352 351
f 356 350 355
f 357 349 348
f 357 348 353
f 357 356 355
f 357 355 349
f 358 354 351
f 358 351 353
f 358 353 354
f 359 354 349
f 359 349 355
f 359 355 351
f 359 351 354
f 360 357 353
f 360 356 357
f 360 353 350
f 360 350 356
o link0011
usemtl Material011
v -0.224606050 0.163312349 -0.571234982
v -0.217515736 0.150376711 -0.572389536
v -0.216405623 0.234801441 -0.636614949
v -0.279988363 0.169465940 -0.645078066
v -0.307118236 0.082334107 -0.594176710
v -0.240108867 0.084451468 -0.642000020
v -0.243066821 0.218694663 -0.589695753
v -0.218452459 0.237155434 -0.589695753
v -0.310756315 0.095622855 -0.589695753
v -0.218452459 0.151005168 -0.601000011
v -0.261527592 0.169465940 -0.645078066
v -0.308720346 0.082681707 -0.642000020
v -0.236912982 0.083315201 -0.593996867
v -0.224606050 0.237155434 -0.638924476
v -0.215682260 0.161162189 -0.576018287
v -0.224606050 0.237155434 -0.589695753
v -0.230759640 0.151005168 -0.571234982
v -0.286141954 0.157158759 -0.589695753
v -0.218452459 0.200233892 -0.638924476
v -0.310756315 0.101776445 -0.645078066
v -0.255374002 0.206387482 -0.638924476
v -0.267681183 0.187926711 -0.589695753
v -0.230759640 0.157158759 -0.571234982
v -0.239159731 0.141037821 -0.642000020
v -0.304602725 0.120237216 -0.638924476
v -0.255374002 0.206387482 -0.620463705
v -0.279988363 0.169465940 -0.595849343
v -0.298449135 0.132544397 -0.589695753
v -0.298449135 0.132544397 -0.645078066
v -0.310756315 0.101776445 -0.608156524
v -0.249220411 0.212541072 -0.602002934
v -0.304602725 0.120237216 -0.620463705
f 368 361 362
f 372 365 369
f 373 372 366
f 373 365 372
f 373 369 365
f 373 370 362
f 373 366 370
f 374 371 364
f 374 368 363
f 375 368 362
f 375 363 368
f 375 362 370
f 376 367 361
f 376 361 368
f 376 374 367
f 376 368 374
f 377 362 361
f 377 373 362
f 377 369 373
f 379 370 366
f 379 375 370
f 379 363 375
f 379 374 363
f 379 371 374
f 380 371 366
f 380 366 372
f 380 364 371
f 380 372 369
f 381 374 364
f 381 367 374
f 383 377 361
f 383 382 378
f 383 361 367
f 383 367 382
f 383 369 377
f 384 379 366
f 384 366 371
f 384 371 379
f 386 367 381
f 386 381 364
f 387 378 382
f 387 386 364
f 387 382 386
f 388 383 378
f 388 369 383
f 388 378 387
f 388 387 364
f 389 364 380
f 389 380 385
f 389 388 364
f 389 385 388
f 390 385 380
f 390 380 369
f 390 369 388
f 391 386 382
f 391 382 367
f 391 367 386
f 392 390 388
f 392 388 385
f 392 385 390
o link0012
usemtl Material012
v 0.083073470 -0.150520761 -0.552774210
v 0.084175228 -0.232386215 -0.552264258
v 0.083073513 -0.150520261 -0.622010180
v -0.064612699 -0.150520761 -0.621999979
v -0.064612699 -0.248978208 -0.552774210
v -0.064612699 -0.150520761 -0.552774210
v 0.046158666 -0.273641639 -0.601083027
v -0.067409536 -0.273648143 -0.606176335
v 0.083073470 -0.230517437 -0.621999979
v 0.046151928 -0.273592570 -0.571234982
v -0.058459109 -0.255131798 -0.626617295
v 0.039998338 -0.255131798 -0.552774210
v -0.046151928 -0.273592570 -0.571234982
v 0.046151928 -0.242824617 -0.626617295
v -0.058459109 -0.273592570 -0.608156524
v -0.065249197 -0.254982833 -0.626585379
v -0.039998338 -0.255131798 -0.552774210
v -0.064044082 -0.270887116 -0.582083266
f 393 394 395
f 398 397 394
f 398 394 393
f 398 393 395
f 398 395 396
f 400 398 396
f 400 397 398
f 401 395 394
f 401 394 399
f 402 399 394
f 404 402 394
f 405 400 399
f 405 399 402
f 405 402 404
f 406 401 399
f 406 399 403
f 406 395 401
f 406 396 395
f 407 403 399
f 407 399 400
f 408 400 396
f 408 406 403
f 408 396 406
f 408 407 400
f 408 403 407
f 409 404 394
f 409 394 397
f 409 405 404
f 409 397 405
f 410 405 397
f 410 397 400
f 410 400 405
o link0013
usemtl Material013
v -0.156916555 0.083315674 -0.589695753
v -0.156916555 -0.064370496 -0.589695753
v -0.193838098 -0.002834592 -0.638924476
v -0.310756315 0.071008493 -0.645078066
v -0.323063496 0.034086951 -0.589695753
v -0.312757859 -0.063523176 -0.636875269
v -0.156916555 0.083315674 -0.621999979
v -0.307118236 0.082334107 -0.594176710
v -0.156915180 -0.064369320 -0.622005499
v -0.212298869 -0.033602544 -0.638924476
v -0.323063496 0.046394132 -0.638924476
v -0.316909906 -0.064370496 -0.589695753
v -0.236913231 0.071008493 -0.645078066
v -0.316909906 0.071008493 -0.589695753
v -0.308720346 0.082681707 -0.642000020
v -0.323063496 -0.045909725 -0.638924476
v -0.296024254 -0.065097186 -0.636622965
v -0.199991688 -0.021295363 -0.638924476
v -0.193838098 0.003318999 -0.638924476
v -0.323063496 0.046394132 -0.614310114
v -0.316909906 0.077162084 -0.595849343
v -0.316909906 0.077162084 -0.638924476
v -0.240108867 0.084451468 -0.642000020
v -0.243066821 0.064854903 -0.645078066
v -0.323063496 -0.033602544 -0.589695753
v -0.323063496 0.040240541 -0.595849343
v -0.298449135 0.064854903 -0.645078066
v -0.323063496 -0.045909725 -0.614310114
v -0.323063496 -0.039756134 -0.595849343
f 415 412 411
f 419 417 411
f 419 411 412
f 422 412 415
f 424 415 411
f 424 411 418
f 426 421 414
f 426 416 422
f 426 415 421
f 427 420 419
f 427 426 420
f 427 416 426
f 427 422 416
f 427 419 412
f 427 412 422
f 428 413 419
f 428 419 420
f 428 423 413
f 428 420 423
f 429 423 417
f 429 413 423
f 429 419 413
f 429 417 419
f 430 421 415
f 431 424 418
f 431 418 425
f 431 421 430
f 431 415 424
f 432 425 414
f 432 414 421
f 432 431 425
f 432 421 431
f 433 423 414
f 433 414 425
f 433 417 423
f 433 411 417
f 433 425 418
f 433 418 411
f 434 423 420
f 434 420 426
f 434 414 423
f 435 422 415
f 435 415 426
f 436 431 430
f 436 430 415
f 436 415 431
f 437 434 426
f 437 426 414
f 437 414 434
f 438 435 426
f 438 426 422
f 439 438 422
f 439 422 435
f 439 435 438
o link0014
usemtl Material014
v 0.150762965 -0.150520761 -0.466623945
v 0.147291307 -0.189069472 -0.466910020
v 0.150762965 -0.193595894 -0.626617295
v 0.107687832 -0.224363846 -0.645078066
v 0.083073470 -0.150520761 -0.466623945
v 0.150762965 -0.230517437 -0.571234982
v 0.089227061 -0.230517437 -0.466623945
v 0.083073513 -0.150520261 -0.622010180
v 0.136593308 -0.231614532 -0.642000020
v 0.138455784 -0.205903075 -0.466623945
v 0.150762598 -0.150519876 -0.622007615
v 0.081835648 -0.234313525 -0.553957630
v 0.150762965 -0.230517437 -0.601000011
v 0.132302194 -0.218210256 -0.645078066
v 0.081254818 -0.225468312 -0.466893072
v 0.083073470 -0.230517437 -0.621999979
v 0.089227061 -0.236671027 -0.540467030
v 0.119995013 -0.218210256 -0.645078066
v 0.083073470 -0.236671027 -0.540467030
v 0.107731464 -0.230609185 -0.642000020
v 0.089227061 -0.236671027 -0.552774210
f 445 440 441
f 445 442 440
f 446 440 444
f 449 441 440
f 449 440 446
f 449 446 445
f 449 445 441
f 450 440 442
f 450 447 444
f 450 444 440
f 452 448 442
f 452 442 445
f 453 447 450
f 453 448 443
f 453 450 442
f 453 442 448
f 454 446 444
f 454 444 447
f 454 447 451
f 455 451 447
f 455 447 443
f 456 445 446
f 456 452 445
f 457 453 443
f 457 443 447
f 457 447 453
f 458 454 451
f 458 446 454
f 458 456 446
f 458 451 455
f 459 455 443
f 459 443 448
f 460 448 452
f 460 452 456
f 460 456 458
f 460 459 448
f 460 458 455
f 460 455 459
o link0015
usemtl Material015
v 0.070766290 0.212541072 -0.294323413
v 0.070766290 0.187926711 -0.294999987
v 0.069258524 0.225951945 -0.374504065
v -0.138455784 0.200233892 -0.374320089
v -0.113841422 0.194080301 -0.294323413
v 0.070766290 0.187926711 -0.374320089
v -0.046151928 0.237155434 -0.331244956
v -0.141131590 0.189547204 -0.374517626
v 0.070766290 0.231001844 -0.331244956
v -0.052305518 0.218694663 -0.294323413
v -0.052305518 0.237155434 -0.374320089
v -0.101534242 0.218694663 -0.331244956
v -0.144609374 0.194080301 -0.343552137
v -0.135809050 0.184564523 -0.334242404
v 0.052305518 0.218694663 -0.294323413
v -0.095380651 0.224848253 -0.374320089
v 0.052305518 0.237155434 -0.374320089
v -0.089227061 0.224848253 -0.331244956
v -0.144099869 0.187262599 -0.374349029
v -0.119995013 0.212541072 -0.355859317
v -0.138455784 0.200233892 -0.343552137
v -0.112374788 0.185600843 -0.296439886
v -0.138455784 0.194080301 -0.331244956
v 0.046151928 0.237155434 -0.331244956
v -0.119995013 0.212541072 -0.374320089
v -0.076919880 0.231001844 -0.349705727
v -0.070766290 0.231001844 -0.331244956
v -0.089227061 0.206387482 -0.294323413
v -0.142905403 0.185784282 -0.345917734
v -0.107687832 0.218694663 -0.349705727
v 0.052305518 0.237155434 -0.349705727
v -0.052305518 0.237155434 -0.349705727
v -0.076919880 0.231001844 -0.374320089
v -0.095380651 0.224848253 -0.368166498
f 465 462 461
f 468 463 466
f 469 466 463
f 469 461 462
f 469 462 466
f 470 465 461
f 471 463 468
f 474 466 462
f 475 461 469
f 475 470 461
f 475 467 470
f 477 469 463
f 477 463 471
f 477 471 467
f 479 473 464
f 479 464 468
f 479 468 466
f 479 466 474
f 481 465 472
f 481 480 464
f 481 464 473
f 482 474 462
f 482 462 465
f 483 481 473
f 483 465 481
f 483 482 465
f 483 474 482
f 484 475 469
f 484 467 475
f 484 477 467
f 485 476 468
f 485 468 464
f 485 464 480
f 487 478 470
f 487 470 467
f 487 486 478
f 487 467 486
f 488 465 470
f 488 470 478
f 488 478 472
f 488 472 465
f 489 479 474
f 489 473 479
f 489 483 473
f 489 474 483
f 490 485 480
f 490 476 485
f 490 478 486
f 490 472 478
f 490 481 472
f 490 480 481
f 491 484 469
f 491 469 477
f 491 477 484
f 492 486 467
f 492 467 471
f 492 471 486
f 493 486 471
f 493 476 486
f 493 471 468
f 493 468 476
f 494 490 486
f 494 486 476
f 494 476 490
o link0016
usemtl Material016
v -0.163070146 0.200233892 -0.552774210
v -0.156916555 0.151005168 -0.552774210
v -0.156916555 0.280230567 -0.589695753
v -0.169223736 0.280230567 -0.645078066
v -0.218452459 0.151005168 -0.601000011
v -0.153791130 0.258739807 -0.641999619
v -0.154322943 0.196708676 -0.556142022
v -0.206145279 0.151005168 -0.552774210
v -0.218452459 0.243309024 -0.589695753
v -0.156135478 0.278794880 -0.642000020
v -0.212298869 0.206387482 -0.638924476
v -0.156916218 0.151004831 -0.622001926
v -0.187684507 0.267923386 -0.589695753
v -0.218452459 0.157158759 -0.565081391
v -0.206145279 0.157158759 -0.552774210
v -0.163070146 0.255616205 -0.645078066
v -0.218452459 0.243309024 -0.638924476
v -0.186096657 0.149663579 -0.621567445
v -0.169223736 0.280230567 -0.602002934
v -0.163070146 0.280230567 -0.589695753
v -0.220244036 0.208174317 -0.636752725
v -0.214961385 0.148662980 -0.569384282
v -0.169223736 0.261769796 -0.645078066
v -0.206145279 0.255616205 -0.638924476
v -0.206145279 0.255616205 -0.620463705
v -0.212298869 0.249462615 -0.602002934
f 501 495 496
f 501 497 495
f 501 500 497
f 502 496 495
f 504 498 497
f 504 497 500
f 506 501 496
f 506 500 501
f 507 503 495
f 509 502 495
f 509 495 503
f 509 508 502
f 509 503 508
f 510 504 500
f 510 498 504
f 510 506 505
f 510 500 506
f 512 505 506
f 512 506 496
f 513 497 498
f 513 498 507
f 514 507 495
f 514 495 497
f 514 513 507
f 514 497 513
f 515 508 503
f 515 499 508
f 515 503 511
f 515 511 505
f 515 512 499
f 515 505 512
f 516 508 499
f 516 502 508
f 516 499 512
f 516 512 496
f 516 496 502
f 517 510 505
f 517 498 510
f 517 511 498
f 517 505 511
f 518 507 498
f 518 498 511
f 518 511 503
f 519 518 503
f 519 507 518
f 520 519 503
f 520 503 507
f 520 507 519
o link0017
usemtl Material017
v 0.169223736 0.181773120 -0.466623945
v 0.169334290 0.169576773 -0.466616094
v 0.179208168 0.173286682 -0.555307308
v 0.088445743 0.229656533 -0.552828443
v 0.087183836 0.225352772 -0.504045253
v 0.089227061 0.169465940 -0.552774210
v 0.132302194 0.218694663 -0.552774210
v 0.181530917 0.175619530 -0.528159849
v 0.132302194 0.169465940 -0.466623945
v 0.178213117 0.166155352 -0.528529821
v 0.117724090 0.220595103 -0.556401157
v 0.138455784 0.206387482 -0.472777535
v 0.095380651 0.231001844 -0.503545487
v 0.150762965 0.206387482 -0.546620620
v 0.144609374 0.200233892 -0.466623945
v 0.089227061 0.169465940 -0.503545487
v 0.181244872 0.169217669 -0.553003029
v 0.150762965 0.206387482 -0.552774210
v 0.101534242 0.231001844 -0.552774210
v 0.119995013 0.224848253 -0.546620620
v 0.175377327 0.181773120 -0.528159849
v 0.163070146 0.187926711 -0.472777535
v 0.132302194 0.218694663 -0.546620620
v 0.132118313 0.199963265 -0.466640352
v 0.101534242 0.231001844 -0.534313439
f 526 525 524
f 528 521 522
f 530 522 529
f 530 528 522
f 531 526 524
f 531 523 526
f 533 524 525
f 535 529 522
f 535 522 521
f 536 529 525
f 536 525 526
f 536 530 529
f 536 526 530
f 537 530 526
f 537 526 523
f 537 523 528
f 537 528 530
f 538 531 527
f 538 523 531
f 538 527 534
f 538 534 528
f 538 528 523
f 539 531 524
f 539 527 531
f 539 524 533
f 540 533 532
f 540 527 539
f 541 534 521
f 541 521 528
f 541 528 534
f 542 534 532
f 542 521 534
f 542 535 521
f 542 532 535
f 543 534 527
f 543 532 534
f 543 540 532
f 543 527 540
f 544 525 529
f 544 529 535
f 544 533 525
f 544 535 532
f 544 532 533
f 545 540 539
f 545 539 533
f 545 533 540
o link0018
usemtl Material018
v -0.106686002 0.216696192 -0.503703673
v -0.107687832 0.169465940 -0.503545487
v -0.107687832 0.249462615 -0.642000020
v -0.150762965 0.243309024 -0.645078066
v -0.156916555 0.194080301 -0.503545487
v -0.107688127 0.169465265 -0.622000167
v -0.155993575 0.247947115 -0.588571194
v -0.119995013 0.218694663 -0.503545487
v -0.113841422 0.218694663 -0.645078066
v -0.156916555 0.169465940 -0.621999979
v -0.107687832 0.249462615 -0.595000029
v -0.148048593 0.251061521 -0.642000020
v -0.132302194 0.212541072 -0.503545487
v -0.109930231 0.229563541 -0.642000020
v -0.132302194 0.218694663 -0.645078066
v -0.157258761 0.251166328 -0.619843673
v -0.156916555 0.169465940 -0.503545487
v -0.138455784 0.249462615 -0.583542162
v -0.144609374 0.231001844 -0.645078066
v -0.156916555 0.187926711 -0.626617295
f 551 546 547
f 551 548 546
f 553 550 547
f 553 547 546
f 554 549 548
f 556 546 548
f 556 553 546
f 557 548 549
f 557 556 548
f 558 553 552
f 558 552 550
f 558 550 553
f 559 554 548
f 559 548 551
f 559 551 554
f 560 549 554
f 560 554 551
f 560 551 555
f 561 557 549
f 561 556 557
f 561 550 552
f 562 547 550
f 562 561 555
f 562 550 561
f 562 555 551
f 562 551 547
f 563 552 553
f 563 553 556
f 563 561 552
f 563 556 561
f 564 560 555
f 564 555 549
f 564 549 560
f 565 561 549
f 565 549 555
f 565 555 561
o link0019
usemtl Material019
v -0.027691157 0.255616205 -0.552774210
v -0.027351717 0.247160051 -0.554180260
v -0.070766290 0.310998519 -0.645078066
v -0.156916555 0.286384157 -0.645078066
v -0.156916555 0.255616205 -0.583542162
v -0.066445959 0.250301541 -0.642000020
v -0.027748096 0.293316386 -0.613940460
v -0.039998338 0.255616205 -0.552774210
v -0.095380651 0.310998519 -0.589695753
v -0.156916555 0.249462615 -0.645078066
v -0.027567920 0.290856752 -0.588156472
v -0.064612699 0.280230567 -0.645078066
v -0.027358758 0.246577051 -0.604726458
v -0.063857530 0.246078249 -0.561595981
v -0.101534242 0.310998519 -0.645078066
v -0.156916555 0.286384157 -0.595849343
v -0.070360997 0.309103163 -0.593278624
v -0.033844747 0.286384157 -0.620463705
v -0.064612699 0.255616205 -0.558927801
v -0.039509356 0.246145582 -0.555354136
v -0.155993575 0.247947115 -0.588571194
v -0.076919880 0.317152109 -0.602002934
v -0.119995013 0.304844928 -0.620463705
v -0.027691157 0.286384157 -0.614310114
v -0.034121903 0.294760729 -0.619648533
v -0.150762965 0.286384157 -0.589695753
v -0.076919880 0.317152109 -0.638924476
v -0.119995013 0.304844928 -0.645078066
v -0.132302194 0.298691338 -0.595849343
v -0.101534242 0.310998519 -0.614310114
v -0.156916555 0.280230567 -0.589695753
v -0.113841422 0.304844928 -0.589695753
f 573 567 566
f 574 573 566
f 575 569 568
f 575 570 569
f 576 566 567
f 577 575 568
f 577 571 575
f 578 575 571
f 578 576 567
f 580 568 569
f 581 569 570
f 582 574 566
f 582 566 576
f 583 571 577
f 583 578 571
f 584 570 579
f 585 567 573
f 585 584 579
f 585 573 584
f 585 579 578
f 585 578 567
f 586 579 570
f 586 570 575
f 586 575 578
f 586 578 579
f 587 574 582
f 587 582 576
f 587 576 572
f 589 583 572
f 589 578 583
f 589 572 576
f 589 576 578
f 590 583 577
f 590 577 568
f 590 568 572
f 590 572 583
f 591 584 573
f 592 568 580
f 592 580 587
f 592 587 572
f 592 572 568
f 593 588 580
f 593 580 569
f 594 581 591
f 594 569 581
f 594 593 569
f 594 588 593
f 595 587 580
f 595 580 588
f 595 574 587
f 595 588 594
f 596 591 581
f 596 581 570
f 596 570 584
f 596 584 591
f 597 591 573
f 597 573 574
f 597 594 591
f 597 595 594
f 597 574 595
o link0020
usemtl Material020
v -0.156916555 0.101776445 -0.374320089
v -0.156916555 -0.082831267 -0.374320089
v -0.156916555 0.101776445 -0.466623945
v -0.236913217 0.088249933 -0.466623945
v -0.243066821 -0.027448953 -0.392780860
v -0.156916555 -0.082831267 -0.466623945
v -0.218999997 0.101000004 -0.466623945
v -0.224606050 0.095622855 -0.374320089
v -0.236899832 -0.081773315 -0.466623945
v -0.221790356 -0.081804249 -0.374429327
v -0.240943449 0.080493565 -0.426250655
v -0.218999997 0.101000004 -0.381000012
v -0.243066821 -0.045909725 -0.392780860
v -0.236918420 0.085873299 -0.432808818
v -0.246000168 -0.025021676 -0.427571387
v -0.214232593 0.099819622 -0.374485904
v -0.236913231 -0.076677677 -0.423548812
v -0.243066821 -0.052063315 -0.417395221
v -0.243066821 -0.052063315 -0.398934450
f 598 599 600
f 603 600 599
f 604 598 600
f 604 600 603
f 605 599 598
f 606 604 603
f 606 601 604
f 606 603 599
f 607 599 605
f 607 606 599
f 608 602 605
f 609 604 601
f 609 601 605
f 609 598 604
f 610 607 605
f 610 605 602
f 611 608 605
f 611 605 601
f 611 601 608
f 612 608 601
f 612 601 606
f 612 610 602
f 612 602 608
f 613 609 605
f 613 605 598
f 613 598 609
f 614 606 607
f 615 612 606
f 616 614 607
f 616 607 610
f 616 610 612
f 616 612 615
f 616 615 606
f 616 606 614
o link0021
usemtl Material021
v 0.132302194 0.181773120 -0.294323413
v 0.236913231 -0.052063315 -0.343552137
v 0.230759640 0.089469264 -0.460470354
v 0.125023034 0.204485558 -0.466734775
v 0.126148603 -0.113599219 -0.466623945
v 0.175377327 0.169465940 -0.337398546
v 0.126148603 -0.113599219 -0.294999987
v 0.230759640 -0.088984857 -0.466623945
v 0.181530917 0.169465940 -0.466623945
v 0.138455784 0.200233892 -0.331244956
v 0.218452459 0.052547722 -0.294323413
v 0.123458488 0.178149436 -0.296027392
v 0.243066821 0.040240541 -0.466623945
v 0.218452459 -0.113599219 -0.417395221
v 0.129264955 0.201917464 -0.466894961
v 0.199991688 0.138697988 -0.331244956
v 0.156916555 0.163312349 -0.300477004
v 0.169223736 0.181773120 -0.460470354
v 0.193838098 -0.113599219 -0.294323413
v 0.123398943 0.201816403 -0.380659903
v 0.124683081 0.197895667 -0.334541374
v 0.243066821 -0.039756134 -0.466623945
v 0.236913231 0.046394132 -0.343552137
v 0.230759640 0.089469264 -0.466623945
v 0.218452459 -0.113599219 -0.466623945
v 0.224606050 -0.095138448 -0.355859317
v 0.193838098 0.151005168 -0.392780860
v 0.163070146 0.157158759 -0.300477004
v 0.156916555 0.187926711 -0.362012908
v 0.181530917 0.169465940 -0.460470354
v 0.144609374 0.200233892 -0.466623945
v 0.218452459 -0.052063315 -0.294323413
v 0.132302194 0.206387482 -0.380473679
v 0.243066821 -0.008988182 -0.386627269
v 0.236913231 -0.070524086 -0.460470354
v 0.236913231 -0.008988182 -0.337398546
v 0.236913231 0.064854903 -0.423548812
v 0.218452459 0.101776445 -0.331244956
v 0.224606050 -0.101292038 -0.429702402
v 0.212298869 -0.113599219 -0.331244956
v 0.181530917 0.163312349 -0.349705727
v 0.212298869 0.126390807 -0.435855993
v 0.193838098 0.114083626 -0.294323413
v 0.163070146 0.181773120 -0.349705727
v 0.169223736 0.181773120 -0.466623945
v 0.144609374 0.200233892 -0.429702402
v 0.243066821 -0.027448953 -0.417395221
v 0.243066821 0.015626179 -0.392780860
v 0.243066821 -0.039756134 -0.454316764
v 0.236913231 -0.070524086 -0.466623945
v 0.230759640 -0.082831267 -0.398934450
v 0.236913231 0.015626179 -0.337398546
v 0.236913231 0.052547722 -0.349705727
v 0.230759640 0.071008493 -0.343552137
v 0.218452459 -0.107445629 -0.337398546
v 0.230759640 -0.088984857 -0.460470354
v 0.187684507 0.157158759 -0.368166498
v 0.199991688 0.144851578 -0.429702402
v 0.212298869 0.126390807 -0.466623945
v 0.218452459 0.107930036 -0.343552137
v 0.181530917 0.132544397 -0.294323413
v 0.206145279 0.089469264 -0.294323413
v 0.243066821 -0.021295363 -0.405088041
v 0.243066821 0.003318999 -0.386627269
f 628 623 617
f 628 621 623
f 630 623 621
f 631 621 620
f 633 626 617
f 633 622 626
f 635 623 630
f 635 627 617
f 635 617 623
f 636 620 621
f 636 621 628
f 637 628 617
f 637 617 626
f 637 636 628
f 638 631 629
f 640 619 629
f 640 629 631
f 641 630 621
f 641 631 624
f 641 621 631
f 644 632 622
f 644 622 633
f 644 633 617
f 646 634 622
f 646 625 634
f 647 631 620
f 648 627 635
f 649 620 636
f 649 647 620
f 649 637 626
f 649 636 637
f 650 638 629
f 652 618 650
f 652 648 618
f 652 627 648
f 653 629 619
f 655 641 624
f 655 630 641
f 656 635 630
f 657 622 632
f 657 646 622
f 658 619 640
f 659 617 627
f 660 645 626
f 660 626 622
f 660 622 634
f 660 634 645
f 661 647 634
f 661 634 625
f 661 625 631
f 661 631 647
f 662 645 634
f 662 634 647
f 662 647 649
f 662 649 626
f 662 626 645
f 663 638 650
f 664 650 629
f 665 651 638
f 665 618 651
f 665 663 618
f 665 638 663
f 666 651 624
f 666 638 651
f 666 624 631
f 666 631 638
f 667 651 618
f 667 618 642
f 668 639 627
f 668 627 652
f 668 652 650
f 669 629 653
f 669 664 629
f 669 639 664
f 670 654 627
f 670 627 639
f 670 639 669
f 670 669 653
f 670 653 619
f 671 655 642
f 671 630 655
f 671 656 630
f 671 642 618
f 671 618 648
f 671 648 635
f 671 635 656
f 672 655 624
f 672 642 655
f 672 667 642
f 672 624 651
f 672 651 667
f 673 657 632
f 673 632 643
f 673 643 646
f 673 646 657
f 674 643 632
f 674 632 658
f 674 646 643
f 674 625 646
f 675 658 640
f 675 674 658
f 675 625 674
f 675 640 631
f 675 631 625
f 676 619 658
f 676 670 619
f 676 654 670
f 676 658 632
f 676 632 654
f 677 659 632
f 677 632 644
f 677 644 617
f 677 617 659
f 678 659 627
f 678 627 654
f 678 654 632
f 678 632 659
f 679 663 650
f 679 650 618
f 679 618 663
f 680 664 639
f 680 650 664
f 680 668 650
f 680 639 668
o link0022
usemtl Material022
v 0.231329655 -0.063017606 -0.466912058
v 0.236913231 -0.070524086 -0.466623945
v 0.212296948 -0.064368873 -0.622017938
v 0.169225079 -0.064371539 -0.622019422
v 0.169223736 -0.150520761 -0.466623945
v 0.233164681 -0.063462247 -0.503850133
v 0.169223736 -0.064370496 -0.466623945
v 0.212298869 -0.150520761 -0.608156524
v 0.206145279 -0.138213581 -0.466623945
v 0.230759640 -0.107445629 -0.552774210
v 0.169222657 -0.150519485 -0.622004460
v 0.212298869 -0.150520761 -0.552774210
v 0.236913231 -0.076677677 -0.503545487
v 0.212298869 -0.132059990 -0.626617295
v 0.189335777 -0.146956059 -0.466911932
v 0.230759640 -0.088984857 -0.466623945
v 0.236913231 -0.076677677 -0.497391897
v 0.193838098 -0.150520761 -0.626617295
v 0.230759640 -0.107445629 -0.546620620
v 0.224606050 -0.107445629 -0.485084716
v 0.218452459 -0.119752809 -0.485084716
f 681 683 684
f 686 681 682
f 686 683 681
f 687 685 682
f 687 682 681
f 687 681 684
f 689 682 685
f 691 687 684
f 691 685 687
f 692 685 688
f 692 688 690
f 693 686 682
f 693 690 683
f 693 683 686
f 694 690 688
f 694 683 690
f 694 684 683
f 695 692 689
f 695 689 685
f 695 685 692
f 696 682 689
f 697 693 682
f 697 690 693
f 698 694 688
f 698 691 684
f 698 684 694
f 698 688 685
f 698 685 691
f 699 692 690
f 699 682 696
f 699 697 682
f 699 690 697
f 700 699 696
f 700 692 699
f 701 689 692
f 701 692 700
f 701 700 696
f 701 696 689
o link0023
usemtl Material023
v -0.169223736 -0.150520761 -0.552774210
v -0.168209100 -0.216823948 -0.579749094
v -0.169223736 -0.150520761 -0.621999979
v -0.286141954 -0.156674352 -0.645078066
v -0.279988363 -0.168981533 -0.589695753
v -0.208324416 -0.220378309 -0.636953341
v -0.282676163 -0.148684200 -0.642000020
v -0.167007622 -0.184818384 -0.554862375
v -0.169256469 -0.218251743 -0.601021641
v -0.249220411 -0.156674352 -0.645078066
v -0.243066821 -0.218210256 -0.638924476
v -0.250775790 -0.147880283 -0.642000020
v -0.286141954 -0.150520761 -0.589695753
v -0.169223736 -0.175135123 -0.626617295
v -0.243066821 -0.218210256 -0.589695753
v -0.273834773 -0.181288713 -0.638924476
v -0.206145279 -0.212056665 -0.638924476
v -0.279988363 -0.168981533 -0.645078066
v -0.206145279 -0.150520761 -0.552774210
v -0.286141954 -0.156674352 -0.589695753
v -0.175377327 -0.205903075 -0.565081391
v -0.187684507 -0.218210256 -0.577388572
v -0.255374002 -0.205903075 -0.614310114
v -0.261527592 -0.168981533 -0.645078066
v -0.255374002 -0.205903075 -0.638924476
v -0.175377327 -0.187442304 -0.552774210
v -0.206145279 -0.156674352 -0.552774210
v -0.169223736 -0.205903075 -0.565081391
v -0.267681183 -0.187442304 -0.589695753
v -0.249220411 -0.212056665 -0.595849343
v -0.273834773 -0.181288713 -0.626617295
f 709 704 702
f 713 702 704
f 713 704 711
f 713 711 705
f 713 705 708
f 714 713 708
f 714 708 705
f 715 709 703
f 715 704 709
f 715 703 710
f 715 710 707
f 715 711 704
f 716 712 707
f 718 707 712
f 718 715 707
f 718 711 715
f 719 705 711
f 719 717 706
f 719 706 705
f 720 702 713
f 720 713 714
f 721 714 705
f 721 705 706
f 721 720 714
f 723 710 703
f 723 722 716
f 723 716 707
f 723 707 710
f 724 712 716
f 725 718 712
f 725 712 719
f 725 719 711
f 725 711 718
f 726 719 712
f 726 717 719
f 726 724 717
f 726 712 724
f 727 709 702
f 727 702 720
f 727 716 722
f 728 727 720
f 728 716 727
f 728 721 706
f 728 720 721
f 729 703 709
f 729 727 722
f 729 709 727
f 729 723 703
f 729 722 723
f 730 728 706
f 730 716 728
f 731 730 724
f 731 724 716
f 731 716 730
f 732 730 706
f 732 706 717
f 732 717 724
f 732 724 730
o link0024
usemtl Material024
v -0.168209100 -0.216823948 -0.579749094
v -0.138455784 -0.292053341 -0.589695753
v -0.136593308 -0.231614532 -0.642000020
v -0.236913231 -0.224363846 -0.638924476
v -0.236913231 -0.224363846 -0.589695753
v -0.144609374 -0.292053341 -0.645078066
v -0.199991688 -0.218210256 -0.638924476
v -0.135088191 -0.220192257 -0.603510741
v -0.175377327 -0.230517437 -0.577388572
v -0.136857966 -0.288470536 -0.642000020
v -0.144609374 -0.230517437 -0.645078066
v -0.181530917 -0.273592570 -0.626617295
v -0.233680621 -0.215413734 -0.593841625
v -0.144609374 -0.255131798 -0.583542162
v -0.138305420 -0.218298401 -0.601427497
v -0.187684507 -0.267438979 -0.589695753
v -0.181530917 -0.218210256 -0.577388572
v -0.169223736 -0.279746160 -0.645078066
v -0.234699908 -0.216313005 -0.636783505
v -0.206145279 -0.255131798 -0.638924476
v -0.144609374 -0.292053341 -0.589695753
v -0.169223736 -0.230517437 -0.577388572
v -0.212298869 -0.248978208 -0.589695753
v -0.181530917 -0.224363846 -0.577388572
v -0.169223736 -0.261285389 -0.645078066
v -0.181530917 -0.273592570 -0.638924476
v -0.169223736 -0.279746160 -0.589695753
v -0.206145279 -0.255131798 -0.608156524
f 742 738 735
f 742 734 738
f 742 740 734
f 742 735 740
f 743 735 738
f 746 734 740
f 747 746 740
f 747 733 746
f 747 743 739
f 747 740 735
f 747 735 743
f 749 745 737
f 749 733 745
f 750 743 738
f 750 738 744
f 751 743 736
f 751 739 743
f 751 736 737
f 751 737 745
f 751 747 739
f 751 745 733
f 751 733 747
f 752 737 736
f 752 736 750
f 753 744 738
f 753 738 734
f 753 734 741
f 754 741 734
f 754 734 746
f 754 746 733
f 754 749 741
f 754 733 749
f 755 748 741
f 755 737 752
f 756 749 737
f 756 741 749
f 756 755 741
f 756 737 755
f 757 750 736
f 757 736 743
f 757 743 750
f 758 752 750
f 758 750 744
f 758 744 752
f 759 748 744
f 759 744 753
f 759 753 741
f 759 741 748
f 760 755 752
f 760 752 744
f 760 744 748
f 760 748 755
o link0025
usemtl Material025
v -0.064612699 -0.150520761 -0.552774210
v -0.064612699 -0.316667702 -0.589695753
v -0.064612699 -0.242824617 -0.645078066
v -0.132302194 -0.218210256 -0.645078066
v -0.138455784 -0.218210256 -0.552774210
v -0.119995013 -0.304360522 -0.645078066
v -0.064612699 -0.150520761 -0.621999979
v -0.064612699 -0.248978208 -0.552774210
v -0.070766290 -0.310514112 -0.645078066
v -0.136857966 -0.288470536 -0.642000020
v -0.101534242 -0.224363846 -0.645078066
v -0.138455784 -0.150520761 -0.552774210
v -0.063843840 -0.312957102 -0.636420446
v -0.113841422 -0.304360522 -0.589695753
v -0.132302194 -0.298206931 -0.645078066
v -0.070766290 -0.236671027 -0.645078066
v -0.119995013 -0.218210256 -0.645078066
v -0.138455784 -0.150520761 -0.621999979
v -0.064612699 -0.279746160 -0.645078066
v -0.083073470 -0.316667702 -0.638924476
v -0.132302194 -0.224363846 -0.552774210
v -0.076919880 -0.316667702 -0.589695753
v -0.138455784 -0.292053341 -0.589695753
v -0.132302194 -0.298206931 -0.595849343
v -0.101534242 -0.310514112 -0.645078066
v -0.119995013 -0.304360522 -0.608156524
v -0.070766290 -0.248978208 -0.552774210
v -0.101534242 -0.310514112 -0.608156524
v -0.083073470 -0.316667702 -0.632770886
f 766 764 763
f 768 761 765
f 769 766 763
f 771 763 764
f 772 765 761
f 772 761 767
f 773 763 767
f 773 768 762
f 773 767 761
f 773 761 768
f 775 770 764
f 775 764 766
f 776 771 767
f 776 767 763
f 776 763 771
f 777 771 764
f 777 764 767
f 777 767 771
f 778 772 767
f 778 767 764
f 778 764 770
f 779 773 769
f 779 769 763
f 779 763 773
f 780 773 762
f 780 769 773
f 781 768 765
f 782 762 768
f 782 780 762
f 783 770 775
f 783 778 770
f 783 765 772
f 783 772 778
f 783 781 765
f 783 774 781
f 784 775 766
f 784 783 775
f 784 774 783
f 785 766 769
f 785 769 780
f 786 766 785
f 786 784 766
f 786 774 784
f 787 781 774
f 787 768 781
f 787 782 768
f 787 774 782
f 788 782 774
f 788 774 786
f 788 786 785
f 788 785 780
f 789 788 780
f 789 780 782
f 789 782 788
o link0026
usemtl Material026
v 0.249220411 -0.064370496 -0.552774210
v 0.316909906 -0.076677677 -0.589695753
v 0.313053952 -0.063573423 -0.636359961
v 0.236913231 -0.070524086 -0.645078066
v 0.212298869 -0.150520761 -0.558927801
v 0.212296948 -0.064368873 -0.622017938
v 0.316909906 -0.064370496 -0.589695753
v 0.224606050 -0.132059990 -0.552774210
v 0.292295544 -0.144367171 -0.645078066
v 0.212298869 -0.064370496 -0.552774210
v 0.243066821 -0.064370496 -0.645078066
v 0.218452459 -0.132059990 -0.645078066
v 0.316909906 -0.076677677 -0.638924476
v 0.286141954 -0.150520761 -0.589695753
v 0.249220411 -0.070524086 -0.552774210
v 0.209107662 -0.136186723 -0.555683124
v 0.218452459 -0.119752809 -0.645078066
v 0.243066821 -0.150520761 -0.645078066
v 0.304602725 -0.119752809 -0.645078066
v 0.310756315 -0.070524086 -0.645078066
v 0.218452459 -0.150520761 -0.558927801
v 0.304602725 -0.113599219 -0.589695753
v 0.218452459 -0.138213581 -0.552774210
v 0.212298869 -0.150520761 -0.601000011
v 0.212298869 -0.132059990 -0.626617295
v 0.224606050 -0.101292038 -0.645078066
v 0.282699152 -0.148677652 -0.641986149
v 0.310756315 -0.101292038 -0.645078066
v 0.292295544 -0.144367171 -0.595849343
v 0.273834773 -0.064370496 -0.645078066
v 0.230759640 -0.144367171 -0.645078066
v 0.310756315 -0.101292038 -0.608156524
v 0.304602725 -0.119752809 -0.614310114
v 0.298449135 -0.132059990 -0.595849343
f 796 790 791
f 796 792 790
f 799 790 792
f 799 792 795
f 799 797 790
f 800 795 792
f 800 793 795
f 800 798 793
f 801 793 798
f 802 796 791
f 802 792 796
f 804 791 790
f 804 790 797
f 805 799 795
f 806 793 801
f 807 801 798
f 807 803 794
f 808 798 800
f 809 792 802
f 809 808 800
f 810 794 803
f 811 797 803
f 811 804 797
f 811 791 804
f 812 805 794
f 812 797 799
f 812 799 805
f 812 794 810
f 812 810 803
f 812 803 797
f 813 794 805
f 813 807 794
f 814 806 801
f 814 795 806
f 814 801 813
f 814 813 805
f 814 805 795
f 815 806 795
f 815 795 793
f 815 793 806
f 816 807 798
f 816 798 803
f 816 803 807
f 817 802 791
f 817 809 802
f 817 808 809
f 818 803 798
f 819 809 800
f 819 800 792
f 819 792 809
f 820 813 801
f 820 801 807
f 820 807 813
f 821 808 817
f 821 817 791
f 821 791 811
f 822 808 821
f 823 808 822
f 823 818 798
f 823 798 808
f 823 811 803
f 823 803 818
f 823 822 821
f 823 821 811
o link0027
usemtl Material027
v 0.088666421 -0.229533253 -0.552813669
v 0.150762965 -0.285899750 -0.589695753
v 0.144609374 -0.230517437 -0.645078066
v 0.070766290 -0.236671027 -0.645078066
v 0.045737959 -0.313949966 -0.593471408
v 0.046151818 -0.230516785 -0.622000204
v 0.150038872 -0.229407988 -0.579638367
v 0.076919880 -0.316667702 -0.589695753
v 0.101534242 -0.310514112 -0.645078066
v 0.089227061 -0.230517437 -0.645078066
v 0.046151928 -0.230517437 -0.552774210
v 0.045947494 -0.315230884 -0.637342594
v 0.144609374 -0.236671027 -0.571234982
v 0.150762965 -0.242824617 -0.645078066
v 0.142844668 -0.227655455 -0.575818323
v 0.070766290 -0.248978208 -0.552774210
v 0.132302194 -0.298206931 -0.595849343
v 0.045410516 -0.245435837 -0.555560082
v 0.046151928 -0.292053341 -0.638924476
v 0.076919880 -0.316667702 -0.638924476
v 0.150762965 -0.242824617 -0.577388572
v 0.150762965 -0.230517437 -0.608156524
v 0.144609374 -0.292053341 -0.645078066
v 0.144609374 -0.292053341 -0.589695753
v 0.089227061 -0.236671027 -0.552774210
v 0.101534242 -0.310514112 -0.602002934
v 0.064612699 -0.242824617 -0.645078066
v 0.070766290 -0.310514112 -0.645078066
v 0.149030082 -0.282765578 -0.642000020
v 0.119995013 -0.304360522 -0.645078066
v 0.113841422 -0.304360522 -0.589695753
v 0.083073470 -0.242824617 -0.552774210
v 0.064612699 -0.279746160 -0.645078066
v 0.119995013 -0.304360522 -0.614310114
f 832 827 826
f 833 826 827
f 833 827 829
f 835 831 828
f 837 832 826
f 838 836 830
f 838 824 836
f 838 834 824
f 838 829 834
f 838 833 829
f 838 826 833
f 839 828 831
f 841 834 829
f 841 839 834
f 841 828 839
f 841 835 828
f 841 829 835
f 842 835 829
f 843 832 831
f 843 831 835
f 844 836 825
f 844 830 836
f 844 825 837
f 845 837 826
f 845 844 837
f 845 830 844
f 845 838 830
f 845 826 838
f 846 832 837
f 847 825 836
f 847 846 825
f 847 840 846
f 848 824 834
f 848 834 839
f 848 836 824
f 849 831 832
f 850 842 829
f 850 829 827
f 850 827 832
f 851 843 835
f 851 832 843
f 851 850 832
f 851 835 842
f 852 846 837
f 852 837 825
f 852 825 846
f 853 846 840
f 853 832 846
f 853 849 832
f 854 847 839
f 854 839 831
f 854 840 847
f 854 849 840
f 854 831 849
f 855 848 839
f 855 839 847
f 855 847 836
f 855 836 848
f 856 851 842
f 856 842 850
f 856 850 851
f 857 853 840
f 857 840 849
f 857 849 853
o link0028
usemtl Material028
v -0.156916555 -0.064370496 -0.552774210
v -0.156916555 -0.150520761 -0.552774210
v -0.156915180 -0.064369320 -0.622005499
v -0.230759640 -0.088984857 -0.645078066
v -0.224606050 -0.119752809 -0.552774210
v -0.156916555 -0.150520761 -0.621999979
v -0.236909187 -0.064370307 -0.593984057
v -0.218452459 -0.132059990 -0.645078066
v -0.236896482 -0.064389601 -0.621999979
v -0.217518980 -0.064370494 -0.552826507
v -0.218452459 -0.119752809 -0.645078066
v -0.239787366 -0.149445815 -0.603175192
v -0.236913231 -0.132059990 -0.571234982
v -0.224606050 -0.101292038 -0.645078066
v -0.238947894 -0.140913038 -0.642000020
v -0.238319978 -0.089484858 -0.642000020
v -0.212298869 -0.150520761 -0.552774210
v -0.230759640 -0.144367171 -0.645078066
v -0.193838098 -0.150520761 -0.626617295
v -0.236913231 -0.144367171 -0.571234982
v -0.234919784 -0.149182081 -0.581903762
v -0.224606050 -0.132059990 -0.552774210
f 858 859 860
f 862 859 858
f 863 860 859
f 865 860 863
f 866 864 860
f 866 860 861
f 867 862 858
f 867 858 860
f 867 860 864
f 868 865 861
f 868 860 865
f 870 867 864
f 870 862 867
f 870 864 869
f 871 868 861
f 871 861 860
f 871 860 868
f 873 869 864
f 873 864 866
f 873 872 869
f 873 866 861
f 873 861 872
f 874 863 859
f 874 859 862
f 875 872 861
f 875 861 865
f 875 865 863
f 875 869 872
f 876 874 869
f 876 863 874
f 876 875 863
f 876 869 875
f 877 870 869
f 877 862 870
f 878 877 869
f 878 869 874
f 878 874 877
f 879 877 874
f 879 874 862
f 879 862 877
o link0029
usemtl Material029
v -0.193838098 -0.021295363 -0.466623945
v -0.193838098 -0.101292038 -0.503545487
v -0.193838098 -0.021295363 -0.552774210
v -0.217519074 -0.021295361 -0.552826501
v -0.236913231 -0.066617400 -0.490327932
v -0.217518899 -0.101292036 -0.552826511
v -0.225275025 -0.019457443 -0.466623945
v -0.193838098 -0.101292038 -0.552774210
v -0.236913231 -0.045909725 -0.534313439
v -0.218999997 -0.101292038 -0.503545487
v -0.236913231 -0.088984857 -0.528159849
v -0.224606050 -0.101292038 -0.546620620
v -0.224606050 -0.021295363 -0.546620620
v -0.236913231 -0.042701991 -0.490187226
v -0.224597297 -0.065070032 -0.466623945
v -0.236913231 -0.088984857 -0.509699078
v -0.236913231 -0.041999999 -0.524407506
v -0.193838098 -0.064370496 -0.466623945
f 880 881 882
f 885 883 882
f 886 880 882
f 886 882 883
f 887 885 882
f 887 882 881
f 889 887 881
f 890 884 888
f 891 883 885
f 891 890 888
f 891 885 887
f 891 887 889
f 892 886 883
f 892 891 888
f 892 883 891
f 893 888 884
f 893 884 886
f 894 886 884
f 894 889 881
f 895 884 890
f 895 894 884
f 895 889 894
f 895 891 889
f 895 890 891
f 896 892 888
f 896 888 893
f 896 893 886
f 896 886 892
f 897 894 881
f 897 881 880
f 897 880 886
f 897 886 894
o link0030
usemtl Material030
v 0.052449706 0.250222116 -0.601196224
v 0.052305518 0.212541072 -0.595849343
v 0.052300199 0.212535287 -0.622001963
v -0.107687832 0.249462615 -0.642000020
v -0.107731739 0.250301004 -0.595849343
v -0.107668455 0.212494293 -0.621983843
v 0.046151928 0.243309024 -0.626617295
v -0.066445959 0.250301541 -0.642000020
v -0.101534242 0.224848253 -0.645078066
v -0.109930231 0.229563541 -0.642000020
v -0.107687832 0.212541072 -0.595849343
v 0.052305518 0.243309024 -0.620463705
v 0.052305518 0.249462615 -0.608156524
v -0.064612699 0.243309024 -0.645078066
v 0.052384347 0.234174033 -0.621240995
v 0.033844747 0.249462615 -0.614310114
v -0.070766290 0.237155434 -0.645078066
f 902 899 898
f 903 900 899
f 905 902 898
f 905 901 902
f 906 900 903
f 907 902 901
f 907 906 903
f 907 901 906
f 908 903 899
f 908 899 902
f 908 907 903
f 908 902 907
f 910 905 898
f 910 909 904
f 910 898 909
f 911 906 901
f 911 901 905
f 911 905 904
f 911 904 900
f 912 909 898
f 912 900 904
f 912 904 909
f 912 898 899
f 912 899 900
f 913 910 904
f 913 904 905
f 913 905 910
f 914 911 900
f 914 900 906
f 914 906 911
o link0031
usemtl Material031
v -0.224606050 0.058701312 -0.325091365
v -0.216778168 -0.033320854 -0.325920895
v -0.220615763 0.058702461 -0.375894897
v -0.286141954 0.071008493 -0.374320089
v -0.279988363 -0.070524086 -0.325091365
v -0.261527592 0.071008493 -0.343552137
v -0.214243631 0.049898072 -0.327965618
v -0.217689766 -0.015083491 -0.318964471
v -0.261527592 -0.070524086 -0.374320089
v -0.218252129 0.058646916 -0.332026277
v -0.261527592 0.071008493 -0.374320089
v -0.279988363 0.064854903 -0.325091365
v -0.220534753 -0.033602539 -0.375987800
v -0.249220411 -0.064370496 -0.325091365
v -0.217603147 0.015555232 -0.318968726
v -0.286141954 -0.070524086 -0.374320089
v -0.267681183 0.071008493 -0.331244956
v -0.224606050 0.015626179 -0.318937775
v -0.286141954 0.064854903 -0.331244956
v -0.273834773 -0.070524086 -0.325091365
v -0.250102194 -0.061079646 -0.374000013
v -0.249220411 0.064854903 -0.325091365
v -0.224606050 -0.015141773 -0.318937775
v -0.286141954 -0.064370496 -0.331244956
v -0.279988363 0.071008493 -0.331244956
v -0.261527592 -0.070524086 -0.331244956
v -0.286141954 -0.070524086 -0.343552137
v -0.286141954 0.071008493 -0.355859317
f 922 916 921
f 924 921 917
f 924 915 921
f 925 917 918
f 925 918 920
f 925 924 917
f 925 920 924
f 927 921 916
f 927 917 921
f 927 918 917
f 928 916 922
f 928 927 916
f 929 922 921
f 929 921 915
f 930 923 919
f 930 927 923
f 930 918 927
f 931 924 920
f 931 915 924
f 931 920 918
f 932 926 919
f 932 922 929
f 933 919 926
f 933 918 930
f 934 928 922
f 934 919 923
f 935 928 923
f 935 923 927
f 935 927 928
f 936 929 915
f 936 932 929
f 936 926 932
f 936 931 926
f 936 915 931
f 937 932 919
f 937 922 932
f 937 934 922
f 937 919 934
f 938 933 930
f 938 919 933
f 939 931 918
f 939 933 926
f 939 926 931
f 940 934 923
f 940 923 928
f 940 928 934
f 941 938 930
f 941 930 919
f 941 919 938
f 942 939 918
f 942 918 933
f 942 933 939
o link0032
usemtl Material032
v -0.156916555 0.151005168 -0.552774210
v -0.156916555 0.083315674 -0.552774210
v -0.156916218 0.151004831 -0.622001926
v -0.230759640 0.144851578 -0.645078066
v -0.224606050 0.126390807 -0.552774210
v -0.156916555 0.083315674 -0.621999979
v -0.239495834 0.150320560 -0.602819326
v -0.218452459 0.114083626 -0.645078066
v -0.212298869 0.151005168 -0.552774210
v -0.193838098 0.151005168 -0.626617295
v -0.218452459 0.132544397 -0.645078066
v -0.239390071 0.084143702 -0.625594808
v -0.236913231 0.144851578 -0.571234982
v -0.239159731 0.141037821 -0.642000020
v -0.217519303 0.083315676 -0.552826489
v -0.230759640 0.089469264 -0.645078066
v -0.234862231 0.149629130 -0.582003268
v -0.236913231 0.132544397 -0.571234982
v -0.236912982 0.083315201 -0.593996867
v -0.238167052 0.089914898 -0.642000020
v -0.224606050 0.120237216 -0.552774210
f 943 944 945
f 947 944 943
f 948 945 944
f 950 945 948
f 951 947 943
f 952 945 946
f 952 946 949
f 952 949 951
f 952 951 943
f 952 943 945
f 953 950 946
f 953 946 945
f 953 945 950
f 955 947 951
f 956 954 949
f 956 949 946
f 958 950 948
f 958 948 954
f 958 956 946
f 958 946 950
f 959 955 951
f 959 951 949
f 959 949 955
f 960 955 949
f 960 949 954
f 960 947 955
f 961 954 948
f 961 948 944
f 961 944 957
f 961 960 954
f 961 957 960
f 962 958 954
f 962 954 956
f 962 956 958
f 963 960 957
f 963 947 960
f 963 957 944
f 963 944 947
o link0033
usemtl Material033
v -0.273834773 0.027933360 -0.429702402
v -0.273834773 -0.015141773 -0.429702402
v -0.273835055 -0.012113585 -0.505658833
v -0.298449135 0.083315674 -0.509699078
v -0.323063496 -0.015141773 -0.442009583
v -0.273834827 0.080237408 -0.505571752
v -0.316909906 -0.015141773 -0.435855993
v -0.323063496 0.083315674 -0.442009583
v -0.298449135 -0.015141773 -0.509699078
v -0.286141954 0.027933360 -0.429702402
v -0.323063496 0.083315674 -0.497391897
v -0.273834773 0.082000002 -0.466623945
v -0.286141954 -0.015141773 -0.429702402
v -0.316909906 0.083315674 -0.435855993
v -0.323063496 -0.015141773 -0.497391897
v -0.291826018 0.081784329 -0.437940801
f 969 966 967
f 969 965 966
f 970 968 965
f 971 968 970
f 972 966 965
f 972 965 968
f 972 967 966
f 973 965 964
f 974 971 967
f 974 968 971
f 974 967 972
f 975 969 967
f 975 964 965
f 975 965 969
f 976 973 970
f 976 970 965
f 976 965 973
f 977 971 970
f 977 970 973
f 977 973 964
f 977 975 967
f 977 967 971
f 978 974 972
f 978 972 968
f 978 968 974
f 979 977 964
f 979 964 975
f 979 975 977
o link0034
usemtl Material034
v -0.233634804 -0.140318090 -0.578475539
v -0.234919784 -0.149182081 -0.581903762
v -0.236913231 -0.070524086 -0.645078066
v -0.310756315 -0.070524086 -0.645078066
v -0.316909906 -0.076677677 -0.589695753
v -0.243066821 -0.150520761 -0.645078066
v -0.292295544 -0.144367171 -0.589695753
v -0.236909187 -0.064370307 -0.593984057
v -0.236913231 -0.150520761 -0.620463705
v -0.243066821 -0.150520761 -0.577388572
v -0.304602725 -0.119752809 -0.645078066
v -0.316909906 -0.064370496 -0.589695753
v -0.236896482 -0.064389601 -0.621999979
v -0.238947894 -0.140913038 -0.642000020
v -0.298449135 -0.132059990 -0.589695753
v -0.286141954 -0.150520761 -0.589695753
v -0.316909906 -0.076677677 -0.638924476
v -0.243066821 -0.138213581 -0.577388572
v -0.273834773 -0.064370496 -0.645078066
v -0.310756315 -0.101292038 -0.608156524
v -0.292295544 -0.144367171 -0.645078066
v -0.310756315 -0.101292038 -0.645078066
v -0.312757859 -0.063523176 -0.636875269
v -0.243066821 -0.064370496 -0.645078066
v -0.304602725 -0.119752809 -0.620463705
v -0.282676163 -0.148684200 -0.642000020
f 985 983 982
f 988 980 981
f 988 982 980
f 989 981 980
f 989 988 981
f 989 985 988
f 990 983 985
f 991 984 989
f 992 987 980
f 992 980 982
f 993 988 985
f 993 985 982
f 993 982 988
f 994 989 984
f 994 986 989
f 995 989 986
f 995 985 989
f 996 984 991
f 997 980 987
f 997 987 991
f 997 991 989
f 997 989 980
f 998 982 983
f 999 994 984
f 999 984 996
f 1000 990 985
f 1000 995 986
f 1000 994 990
f 1000 986 994
f 1001 996 983
f 1001 983 990
f 1001 999 996
f 1001 990 999
f 1002 996 991
f 1002 983 996
f 1002 998 983
f 1002 991 987
f 1002 987 992
f 1003 992 982
f 1003 982 998
f 1003 1002 992
f 1003 998 1002
f 1004 999 990
f 1004 990 994
f 1004 994 999
f 1005 1000 985
f 1005 985 995
f 1005 995 1000
o link0035
usemtl Material035
v 0.083073470 -0.150520761 -0.466623945
v 0.081254818 -0.225468312 -0.466893072
v 0.075575860 -0.238313625 -0.556267977
v -0.196643022 -0.154070642 -0.556073316
v -0.187684507 -0.162827942 -0.466623945
v 0.083073470 -0.150520761 -0.552774210
v 0.039998338 -0.242824617 -0.466623945
v -0.190135685 -0.147512481 -0.485323946
v 0.083073470 -0.236671027 -0.515852668
v 0.070766290 -0.236671027 -0.466623945
v -0.076919880 -0.242824617 -0.546620620
v -0.186962668 -0.149934253 -0.466670586
v -0.199991688 -0.156674352 -0.546620620
v -0.195972157 -0.147245470 -0.547028238
v 0.081835648 -0.234313525 -0.553957630
v 0.052305518 -0.248978208 -0.546620620
v -0.089227061 -0.230517437 -0.466623945
v -0.075584979 -0.238328173 -0.556268733
v -0.193838098 -0.156674352 -0.485084716
v -0.150762965 -0.205903075 -0.546620620
v -0.198500389 -0.149361222 -0.553922711
v 0.076919880 -0.242824617 -0.546620620
v -0.015383976 -0.248978208 -0.515852668
v 0.046151928 -0.242824617 -0.472777535
v -0.051333954 -0.244624077 -0.556206939
v -0.175377327 -0.181288713 -0.522006258
v -0.138455784 -0.205903075 -0.466623945
v -0.150762965 -0.205903075 -0.552774210
v 0.051333952 -0.244624068 -0.556206932
v 0.009230386 -0.248978208 -0.515852668
v -0.046151928 -0.242824617 -0.472777535
v -0.052305518 -0.248978208 -0.546620620
v -0.187684507 -0.168981533 -0.528159849
v -0.163070146 -0.187442304 -0.466623945
v -0.132302194 -0.218210256 -0.546620620
v 0.021537566 -0.248978208 -0.522006258
v -0.070766290 -0.236671027 -0.466623945
v -0.039998338 -0.242824617 -0.466623945
v -0.156916555 -0.193595894 -0.478931126
v -0.107687832 -0.230517437 -0.546620620
v -0.107687832 -0.224363846 -0.485084716
v -0.107687832 -0.230517437 -0.552774210
v -0.119995013 -0.218210256 -0.485084716
v -0.132302194 -0.218210256 -0.552774210
f 1011 1008 1009
f 1012 1006 1010
f 1014 1011 1006
f 1014 1006 1007
f 1015 1007 1006
f 1015 1006 1012
f 1015 1014 1007
f 1017 1010 1006
f 1017 1006 1013
f 1019 1013 1006
f 1019 1006 1011
f 1020 1008 1011
f 1020 1011 1014
f 1022 1012 1010
f 1023 1009 1008
f 1024 1017 1013
f 1024 1010 1017
f 1024 1018 1010
f 1026 1019 1011
f 1026 1011 1009
f 1026 1009 1018
f 1026 1013 1019
f 1026 1024 1013
f 1026 1018 1024
f 1027 1020 1014
f 1027 1008 1020
f 1027 1014 1015
f 1027 1015 1021
f 1029 1021 1015
f 1029 1015 1012
f 1029 1012 1021
f 1030 1016 1023
f 1032 1022 1010
f 1033 1018 1009
f 1033 1009 1023
f 1033 1031 1018
f 1033 1025 1031
f 1034 1027 1021
f 1034 1008 1027
f 1034 1021 1030
f 1034 1030 1023
f 1034 1023 1008
f 1035 1028 1021
f 1035 1012 1028
f 1037 1016 1030
f 1037 1030 1021
f 1037 1021 1028
f 1038 1031 1010
f 1038 1010 1018
f 1038 1018 1031
f 1039 1031 1025
f 1039 1032 1010
f 1039 1010 1031
f 1040 1032 1025
f 1040 1025 1033
f 1041 1035 1021
f 1041 1021 1012
f 1041 1012 1035
f 1042 1022 1016
f 1042 1037 1036
f 1042 1016 1037
f 1042 1012 1022
f 1043 1028 1012
f 1043 1042 1036
f 1043 1012 1042
f 1043 1037 1028
f 1043 1036 1037
f 1044 1039 1025
f 1044 1025 1032
f 1044 1032 1039
f 1045 1016 1022
f 1046 1045 1022
f 1046 1040 1045
f 1047 1023 1016
f 1047 1016 1045
f 1047 1045 1040
f 1048 1032 1040
f 1048 1040 1046
f 1048 1046 1022
f 1048 1022 1032
f 1049 1033 1023
f 1049 1023 1047
f 1049 1047 1040
f 1049 1040 1033
o link0036
usemtl Material036
v -0.138455784 -0.150520761 -0.552774210
v -0.138455784 -0.236671027 -0.571234982
v -0.138455784 -0.150520761 -0.621999979
v -0.169223736 -0.150520761 -0.621999979
v -0.169223736 -0.193595894 -0.552774210
v -0.169223736 -0.248978208 -0.602002934
v -0.136470266 -0.208905790 -0.555670858
v -0.169223736 -0.150520761 -0.552774210
v -0.138455784 -0.248978208 -0.602002934
v -0.144609374 -0.199749485 -0.626617295
v -0.169223736 -0.248978208 -0.583542162
v -0.150762965 -0.212056665 -0.552774210
v -0.138455784 -0.248978208 -0.583542162
v -0.138455784 -0.199749485 -0.626617295
v -0.169223736 -0.181288713 -0.626617295
v -0.144609374 -0.236671027 -0.571234982
v -0.156916555 -0.193595894 -0.626617295
f 1050 1052 1053
f 1055 1054 1053
f 1056 1052 1050
f 1057 1054 1050
f 1057 1050 1053
f 1057 1053 1054
f 1059 1058 1055
f 1060 1054 1055
f 1060 1055 1058
f 1061 1051 1056
f 1061 1054 1060
f 1061 1056 1050
f 1061 1050 1054
f 1062 1058 1056
f 1062 1056 1051
f 1062 1060 1058
f 1062 1051 1060
f 1063 1052 1056
f 1063 1056 1058
f 1063 1058 1059
f 1064 1055 1053
f 1064 1063 1059
f 1064 1053 1052
f 1064 1052 1063
f 1065 1061 1060
f 1065 1060 1051
f 1065 1051 1061
f 1066 1064 1059
f 1066 1059 1055
f 1066 1055 1064
o link0037
usemtl Material037
v -0.163070146 0.169465940 -0.331244956
v -0.156916555 0.144851578 -0.331244956
v -0.156053836 0.193063120 -0.553548376
v -0.196498744 0.154447603 -0.556176765
v -0.187684507 0.151005168 -0.331244956
v -0.156916555 0.151005168 -0.552774210
v -0.153930950 0.178242875 -0.349867152
v -0.190180394 0.141791075 -0.399100705
v -0.175377327 0.181773120 -0.528159849
v -0.160558524 0.191118995 -0.555762234
v -0.153073819 0.171476473 -0.337963392
v -0.199991688 0.157158759 -0.546620620
v -0.185175143 0.142914974 -0.334529896
v -0.156916555 0.144851578 -0.466623945
v -0.195506588 0.147595194 -0.547088973
v -0.163070146 0.181773120 -0.349705727
v -0.155230012 0.167633652 -0.333496119
v -0.153758916 0.190056072 -0.540882449
v -0.193838098 0.151005168 -0.398934450
v -0.173066181 0.179401717 -0.555322329
v -0.163070146 0.194080301 -0.540467030
v -0.198313072 0.149702259 -0.554058050
v -0.192081396 0.143462604 -0.466736248
v -0.175377327 0.163312349 -0.331244956
v -0.163070146 0.175619530 -0.337398546
v -0.175377327 0.169465940 -0.343552137
v -0.169223736 0.175619530 -0.343552137
v -0.181530917 0.175619530 -0.528159849
v -0.181530917 0.163312349 -0.355859317
v -0.187684507 0.157158759 -0.374320089
f 1071 1068 1067
f 1076 1072 1070
f 1076 1069 1072
f 1079 1074 1068
f 1079 1068 1071
f 1080 1068 1074
f 1080 1077 1068
f 1080 1072 1077
f 1081 1072 1080
f 1082 1073 1069
f 1083 1077 1067
f 1083 1067 1068
f 1083 1068 1077
f 1084 1077 1072
f 1084 1072 1069
f 1084 1069 1073
f 1084 1073 1077
f 1085 1079 1071
f 1085 1074 1079
f 1086 1078 1076
f 1086 1076 1070
f 1086 1070 1078
f 1087 1078 1075
f 1087 1076 1078
f 1087 1075 1082
f 1087 1082 1069
f 1087 1069 1076
f 1088 1070 1072
f 1088 1072 1081
f 1088 1078 1070
f 1088 1085 1078
f 1088 1074 1085
f 1089 1081 1080
f 1089 1080 1074
f 1089 1088 1081
f 1089 1074 1088
f 1090 1071 1067
f 1091 1077 1073
f 1091 1073 1082
f 1091 1067 1077
f 1091 1090 1067
f 1092 1071 1090
f 1093 1091 1082
f 1093 1090 1091
f 1093 1092 1090
f 1093 1082 1075
f 1093 1075 1092
f 1094 1092 1075
f 1094 1075 1078
f 1094 1078 1092
f 1095 1092 1078
f 1095 1071 1092
f 1096 1095 1078
f 1096 1078 1085
f 1096 1085 1071
f 1096 1071 1095
o link0038
usemtl Material038
v 0.187684507 -0.125906400 -0.294323413
v 0.212298869 -0.119752809 -0.343552137
v 0.113841422 -0.113599219 -0.294999987
v 0.113841422 -0.113599219 -0.466623945
v 0.126148603 -0.212056665 -0.466623945
v 0.207390163 -0.111033196 -0.343743534
v 0.138455784 -0.199749485 -0.331244956
v 0.211304778 -0.113075917 -0.466680281
v 0.111290784 -0.207057092 -0.337592673
v 0.185676042 -0.112410206 -0.296677695
v 0.181530917 -0.168981533 -0.466623945
v 0.175377327 -0.168981533 -0.331244956
v 0.126148603 -0.187442304 -0.294323413
v 0.113405769 -0.211197201 -0.466672267
v 0.119995013 -0.212056665 -0.337398546
v 0.138455784 -0.205903075 -0.460470354
v 0.206145279 -0.138213581 -0.466623945
v 0.199991688 -0.138213581 -0.331244956
v 0.112593341 -0.185463029 -0.296439886
v 0.156916555 -0.162827942 -0.294323413
v 0.138455784 -0.205903075 -0.466623945
v 0.126148603 -0.212056665 -0.429702402
v 0.132302194 -0.205903075 -0.374320089
v 0.156916555 -0.187442304 -0.355859317
v 0.212298869 -0.125906400 -0.466623945
v 0.206145279 -0.125906400 -0.331244956
v 0.206145279 -0.132059990 -0.374320089
v 0.187684507 -0.156674352 -0.355859317
v 0.163070146 -0.156674352 -0.294323413
v 0.169223736 -0.175135123 -0.331244956
v 0.169223736 -0.181288713 -0.466623945
v 0.144609374 -0.199749485 -0.417395221
v 0.212298869 -0.125906400 -0.429702402
v 0.206145279 -0.138213581 -0.460470354
v 0.181530917 -0.162827942 -0.337398546
v 0.163070146 -0.181288713 -0.337398546
v 0.181530917 -0.168981533 -0.454316764
v 0.169223736 -0.181288713 -0.454316764
v 0.193838098 -0.150520761 -0.386627269
f 1102 1100 1099
f 1104 1102 1098
f 1104 1100 1102
f 1105 1099 1100
f 1106 1097 1098
f 1106 1098 1102
f 1106 1102 1099
f 1106 1099 1097
f 1109 1097 1099
f 1110 1100 1104
f 1110 1105 1100
f 1111 1103 1109
f 1111 1110 1101
f 1111 1105 1110
f 1113 1107 1104
f 1115 1109 1099
f 1115 1099 1105
f 1115 1111 1109
f 1115 1105 1111
f 1116 1097 1109
f 1117 1112 1101
f 1117 1101 1110
f 1118 1112 1111
f 1118 1111 1101
f 1118 1101 1112
f 1119 1103 1111
f 1119 1111 1112
f 1121 1113 1104
f 1121 1104 1098
f 1122 1114 1098
f 1122 1098 1097
f 1122 1097 1114
f 1123 1098 1114
f 1125 1097 1116
f 1125 1114 1097
f 1125 1108 1114
f 1126 1125 1116
f 1126 1108 1125
f 1126 1116 1109
f 1126 1109 1103
f 1127 1112 1117
f 1127 1117 1110
f 1127 1110 1104
f 1127 1104 1107
f 1128 1120 1103
f 1128 1119 1112
f 1128 1103 1119
f 1129 1121 1098
f 1129 1113 1121
f 1129 1098 1123
f 1130 1123 1114
f 1130 1129 1123
f 1130 1113 1129
f 1130 1107 1113
f 1131 1124 1114
f 1131 1114 1108
f 1132 1126 1103
f 1132 1103 1120
f 1133 1108 1126
f 1133 1131 1108
f 1133 1124 1131
f 1133 1107 1130
f 1133 1127 1107
f 1134 1120 1128
f 1134 1132 1120
f 1134 1127 1133
f 1134 1133 1126
f 1134 1126 1132
f 1134 1128 1112
f 1134 1112 1127
f 1135 1130 1114
f 1135 1114 1124
f 1135 1133 1130
f 1135 1124 1133
o link0039
usemtl Material039
v -0.156916555 -0.082831267 -0.331244956
v -0.153625415 -0.177738842 -0.346500662
v -0.156916555 -0.082831267 -0.466623945
v -0.224594625 -0.081929151 -0.466623945
v -0.224606050 -0.088984857 -0.331244956
v -0.169223736 -0.181288713 -0.466623945
v -0.163070146 -0.168981533 -0.331244956
v -0.224606050 -0.082831267 -0.331244956
v -0.156848376 -0.181208314 -0.466629231
v -0.218452459 -0.125906400 -0.466623945
v -0.155407305 -0.167341948 -0.333409590
v -0.163070146 -0.181288713 -0.343552137
v -0.224606050 -0.107445629 -0.380473679
v -0.181530917 -0.162827942 -0.337398546
v -0.181530917 -0.168981533 -0.454316764
v -0.218452459 -0.119752809 -0.380473679
v -0.199991688 -0.138213581 -0.331244956
v -0.218452459 -0.125906400 -0.435855993
v -0.181530917 -0.168981533 -0.466623945
v -0.169223736 -0.181288713 -0.454316764
v -0.218452459 -0.107445629 -0.337398546
f 1136 1137 1138
f 1136 1138 1139
f 1142 1136 1140
f 1143 1140 1136
f 1143 1136 1139
f 1144 1138 1137
f 1144 1139 1138
f 1145 1139 1144
f 1146 1137 1136
f 1146 1136 1142
f 1147 1146 1142
f 1147 1137 1146
f 1147 1144 1137
f 1147 1141 1144
f 1148 1139 1145
f 1148 1143 1139
f 1148 1140 1143
f 1149 1147 1142
f 1152 1149 1142
f 1152 1142 1140
f 1152 1151 1149
f 1153 1150 1149
f 1153 1145 1150
f 1153 1149 1151
f 1153 1151 1148
f 1153 1148 1145
f 1154 1150 1145
f 1154 1141 1150
f 1154 1145 1144
f 1154 1144 1141
f 1155 1150 1141
f 1155 1141 1147
f 1155 1147 1149
f 1155 1149 1150
f 1156 1140 1148
f 1156 1148 1151
f 1156 1152 1140
f 1156 1151 1152
o link0040
usemtl Material040
v 0.173059875 0.173293740 -0.546192847
v 0.169223736 -0.150520761 -0.546620620
v 0.169223736 0.181773120 -0.626617295
v 0.089227061 0.212541072 -0.621999979
v 0.089227061 0.169465940 -0.546620620
v 0.089227061 -0.150520215 -0.622010183
v 0.169223736 0.212541072 -0.565081391
v 0.169222657 -0.150519485 -0.622004460
v 0.089227061 -0.150520761 -0.546620620
v 0.132302194 0.212541072 -0.626617295
v 0.169223736 0.212541072 -0.601000011
v 0.089227061 0.212541072 -0.552774210
v 0.163070146 0.187926711 -0.626617295
v 0.150762965 0.212541072 -0.552774210
v 0.169223736 0.194080301 -0.552774210
f 1164 1157 1158
f 1164 1159 1157
f 1164 1162 1159
f 1164 1158 1162
f 1165 1158 1157
f 1165 1157 1161
f 1165 1162 1158
f 1165 1161 1160
f 1165 1160 1162
f 1166 1162 1160
f 1166 1159 1162
f 1167 1163 1157
f 1167 1157 1159
f 1167 1166 1160
f 1167 1160 1163
f 1168 1161 1157
f 1168 1160 1161
f 1169 1167 1159
f 1169 1159 1166
f 1169 1166 1167
f 1170 1168 1157
f 1170 1163 1160
f 1170 1160 1168
f 1171 1170 1157
f 1171 1157 1163
f 1171 1163 1170
o link0041
usemtl Material041
v 0.046151928 -0.279746160 -0.577388572
v 0.045737959 -0.313949966 -0.593471408
v 0.046151928 -0.292053341 -0.638924476
v -0.065390834 -0.295996466 -0.636744448
v -0.064612699 -0.316667702 -0.589695753
v 0.046151928 -0.322821293 -0.638924476
v -0.067409536 -0.273648143 -0.606176335
v 0.039998338 -0.322821293 -0.589695753
v -0.046151928 -0.322821293 -0.638924476
v 0.046151928 -0.322821293 -0.608156524
v 0.046151928 -0.273592570 -0.608156524
v -0.064612699 -0.279746160 -0.577388572
v -0.063843840 -0.312957102 -0.636420446
v -0.039998338 -0.322821293 -0.589695753
v -0.064044082 -0.270887116 -0.582083266
v 0.033844747 -0.273592570 -0.608156524
v 0.033844747 -0.285899750 -0.577388572
v -0.046151928 -0.322821293 -0.608156524
v 0.045903757 -0.271909055 -0.580567859
v -0.033844747 -0.285899750 -0.577388572
f 1177 1174 1172
f 1178 1174 1175
f 1178 1175 1176
f 1179 1173 1172
f 1180 1175 1174
f 1180 1174 1177
f 1180 1177 1179
f 1181 1177 1172
f 1181 1172 1173
f 1181 1179 1177
f 1181 1173 1179
f 1182 1172 1174
f 1183 1178 1176
f 1184 1180 1176
f 1184 1176 1175
f 1184 1175 1180
f 1185 1180 1179
f 1185 1183 1176
f 1186 1178 1183
f 1187 1182 1174
f 1187 1174 1178
f 1187 1186 1182
f 1187 1178 1186
f 1188 1179 1172
f 1188 1172 1183
f 1188 1185 1179
f 1189 1185 1176
f 1189 1176 1180
f 1189 1180 1185
f 1190 1172 1182
f 1190 1182 1186
f 1190 1186 1183
f 1190 1183 1172
f 1191 1188 1183
f 1191 1183 1185
f 1191 1185 1188
o link0042
usemtl Material042
v -0.156916555 -0.033602544 -0.331244956
v -0.156916555 -0.082831267 -0.331244956
v -0.156916555 -0.082831267 -0.374320089
v -0.249220411 -0.033602544 -0.374000013
v -0.249220411 -0.033602544 -0.330000013
v -0.224606050 -0.082831267 -0.331244956
v -0.156916555 -0.033602544 -0.374320089
v -0.224606050 -0.058216905 -0.325091365
v -0.221790356 -0.081804249 -0.374429327
v -0.250102194 -0.061079646 -0.374000013
v -0.216778168 -0.033320854 -0.325920895
v -0.249755528 -0.056228686 -0.330343700
v -0.250549063 -0.059413415 -0.333137674
f 1192 1193 1194
f 1197 1194 1193
f 1198 1192 1194
f 1199 1193 1192
f 1199 1197 1193
f 1200 1194 1197
f 1200 1198 1194
f 1200 1195 1198
f 1201 1200 1197
f 1201 1195 1200
f 1202 1192 1198
f 1202 1199 1192
f 1202 1196 1199
f 1202 1198 1195
f 1202 1195 1196
f 1203 1199 1196
f 1203 1197 1199
f 1204 1196 1195
f 1204 1195 1201
f 1204 1203 1196
f 1204 1201 1197
f 1204 1197 1203
o link0043
usemtl Material043
v -0.192081396 0.143462604 -0.466736248
v -0.193838098 0.083315674 -0.466623945
v -0.193838098 0.083315674 -0.552774210
v -0.206145279 0.151005168 -0.552774210
v -0.236913217 0.088249933 -0.466623945
v -0.194972686 0.151885803 -0.551906481
v -0.190570617 0.148421663 -0.503852799
v -0.199991688 0.144851578 -0.466623945
v -0.236887365 0.082184356 -0.506929023
v -0.193838098 0.120237216 -0.552774210
v -0.218452459 0.126390807 -0.466623945
v -0.199991688 0.151005168 -0.503545487
v -0.236913231 0.084250003 -0.466623945
v -0.218452459 0.132544397 -0.552774210
v -0.217519303 0.083315676 -0.552826489
v -0.206145279 0.151005168 -0.546620620
v -0.236913231 0.089469264 -0.509699078
v -0.218452459 0.132544397 -0.546620620
v -0.224606050 0.083315674 -0.546620620
v -0.224606050 0.101776445 -0.546620620
f 1211 1205 1206
f 1211 1206 1207
f 1212 1206 1205
f 1213 1207 1206
f 1214 1208 1210
f 1214 1211 1207
f 1214 1210 1211
f 1216 1212 1205
f 1216 1205 1211
f 1216 1211 1210
f 1216 1215 1212
f 1217 1213 1206
f 1217 1206 1212
f 1217 1215 1209
f 1217 1212 1215
f 1219 1214 1207
f 1219 1208 1214
f 1219 1218 1208
f 1219 1207 1213
f 1220 1216 1210
f 1220 1210 1208
f 1220 1215 1216
f 1220 1208 1218
f 1221 1217 1209
f 1221 1213 1217
f 1222 1209 1215
f 1222 1220 1218
f 1222 1215 1220
f 1222 1221 1209
f 1222 1218 1221
f 1223 1219 1213
f 1223 1213 1221
f 1223 1218 1219
f 1224 1223 1221
f 1224 1221 1218
f 1224 1218 1223
o link0044
usemtl Material044
v 0.113841422 0.194080301 -0.294323413
v 0.126148603 0.187926711 -0.325091365
v 0.119995013 0.212541072 -0.355859317
v 0.070225133 0.229152027 -0.466720600
v 0.070766290 0.187926711 -0.466623945
v 0.076919880 0.231001844 -0.355859317
v 0.126148603 0.206387482 -0.331244956
v 0.070766290 0.187926711 -0.294999987
v 0.126148603 0.187926711 -0.466623945
v 0.101534242 0.224848253 -0.466623945
v 0.126148603 0.194080301 -0.325091365
v 0.089227061 0.224848253 -0.331244956
v 0.112315135 0.185424915 -0.296240575
v 0.069074376 0.225335189 -0.356065763
v 0.126148603 0.212541072 -0.466623945
v 0.081092750 0.225525453 -0.466915978
v 0.083073470 0.231001844 -0.411241631
v 0.070235698 0.204979289 -0.295969952
v 0.107687832 0.218694663 -0.349705727
v 0.126148603 0.212541072 -0.442009583
v 0.089227061 0.206387482 -0.294323413
v 0.070043202 0.222579481 -0.334123194
v 0.101534242 0.224848253 -0.435855993
v 0.095380651 0.224848253 -0.374320089
v 0.113841422 0.218694663 -0.429702402
f 1233 1231 1226
f 1235 1231 1225
f 1235 1225 1226
f 1235 1226 1231
f 1237 1232 1229
f 1237 1226 1225
f 1237 1225 1232
f 1237 1233 1226
f 1237 1229 1233
f 1238 1230 1228
f 1238 1228 1229
f 1238 1229 1232
f 1239 1231 1233
f 1240 1233 1229
f 1240 1229 1228
f 1240 1239 1233
f 1240 1228 1234
f 1240 1234 1239
f 1241 1234 1228
f 1241 1228 1230
f 1242 1238 1232
f 1243 1236 1231
f 1243 1231 1227
f 1244 1227 1231
f 1244 1231 1239
f 1245 1242 1232
f 1245 1232 1225
f 1245 1236 1242
f 1245 1225 1231
f 1245 1231 1236
f 1246 1242 1236
f 1246 1236 1230
f 1246 1230 1238
f 1246 1238 1242
f 1247 1234 1241
f 1248 1241 1230
f 1248 1230 1236
f 1248 1236 1243
f 1248 1247 1241
f 1248 1243 1247
f 1249 1243 1227
f 1249 1227 1244
f 1249 1247 1243
f 1249 1234 1247
f 1249 1244 1239
f 1249 1239 1234
o link0045
usemtl Material045
v 0.039998338 0.255616205 -0.552774210
v 0.051916981 0.247721343 -0.560300586
v 0.052663526 0.294374113 -0.625935190
v -0.027748096 0.293316386 -0.613940460
v -0.027351717 0.247160051 -0.554180260
v 0.027691157 0.286384157 -0.577388572
v 0.052003756 0.290490744 -0.589206711
v 0.039509354 0.246145569 -0.555354122
v -0.027358758 0.246577051 -0.604726458
v -0.027691157 0.255616205 -0.552774210
v 0.052305518 0.255616205 -0.558927801
v 0.046589329 0.295280517 -0.625606472
v -0.027567920 0.290856752 -0.588156472
v 0.045578579 0.246466005 -0.602960620
v 0.052280867 0.249329117 -0.601393755
v 0.046151928 0.286384157 -0.626617295
v -0.027691157 0.286384157 -0.577388572
v -0.027691157 0.286384157 -0.614310114
v 0.052305518 0.286384157 -0.626617295
f 1256 1255 1250
f 1257 1251 1250
f 1257 1250 1254
f 1258 1257 1254
f 1259 1254 1250
f 1259 1250 1255
f 1259 1258 1254
f 1260 1256 1250
f 1260 1250 1251
f 1260 1252 1256
f 1261 1256 1252
f 1262 1255 1256
f 1262 1261 1253
f 1262 1256 1261
f 1263 1251 1257
f 1263 1257 1258
f 1264 1260 1251
f 1264 1252 1260
f 1264 1251 1263
f 1265 1253 1261
f 1265 1261 1252
f 1266 1259 1255
f 1266 1255 1262
f 1266 1262 1253
f 1266 1253 1259
f 1267 1265 1258
f 1267 1253 1265
f 1267 1259 1253
f 1267 1258 1259
f 1268 1263 1258
f 1268 1258 1265
f 1268 1264 1263
f 1268 1265 1252
f 1268 1252 1264
o link0046
usemtl Material046
v 0.069258524 0.225951945 -0.374504065
v 0.070766290 0.132544397 -0.374320089
v 0.070225133 0.229152027 -0.466720600
v -0.144609374 0.200233892 -0.466623945
v -0.156916555 0.132544397 -0.374320089
v 0.070766290 0.132544397 -0.466623945
v -0.039998338 0.243309024 -0.460470354
v 0.052305518 0.237155434 -0.374320089
v -0.153560356 0.184056986 -0.466880818
v -0.039998338 0.243309024 -0.466623945
v 0.064612699 0.237155434 -0.429702402
v -0.095380651 0.224848253 -0.374320089
v 0.062901327 0.231305499 -0.466929609
v -0.156916555 0.132544397 -0.466623945
v -0.156916555 0.187926711 -0.374320089
v -0.062936429 0.231267656 -0.466930930
v 0.058459109 0.237155434 -0.386627269
v 0.039998338 0.243309024 -0.466623945
v -0.052305518 0.237155434 -0.374320089
v -0.101534242 0.224848253 -0.466623945
v -0.132302194 0.206387482 -0.380473679
v 0.039998338 0.243309024 -0.460470354
v 0.009230386 0.243309024 -0.392780860
v -0.064612699 0.237155434 -0.423548812
v -0.126148603 0.212541072 -0.466623945
v -0.119995013 0.212541072 -0.374320089
v -0.144609374 0.200233892 -0.429702402
v -0.021537566 0.243309024 -0.405088041
v 0.021537566 0.243309024 -0.405088041
v -0.058459109 0.237155434 -0.386627269
v -0.083073470 0.231001844 -0.411241631
v -0.113841422 0.218694663 -0.429702402
v -0.150762965 0.194080301 -0.392780860
v -0.126148603 0.212541072 -0.442009583
v -0.003076795 0.243309024 -0.392780860
v -0.076919880 0.231001844 -0.374320089
v -0.101534242 0.224848253 -0.435855993
v -0.015383976 0.243309024 -0.398934450
f 1269 1270 1271
f 1274 1271 1270
f 1274 1270 1273
f 1276 1273 1270
f 1276 1270 1269
f 1279 1269 1271
f 1280 1273 1276
f 1281 1271 1274
f 1281 1274 1277
f 1282 1277 1274
f 1282 1274 1273
f 1283 1272 1277
f 1283 1273 1280
f 1283 1282 1273
f 1283 1277 1282
f 1284 1281 1277
f 1285 1276 1269
f 1285 1269 1279
f 1286 1278 1275
f 1286 1279 1271
f 1286 1271 1281
f 1286 1284 1278
f 1286 1281 1284
f 1287 1280 1276
f 1288 1278 1284
f 1290 1285 1279
f 1290 1279 1286
f 1290 1286 1275
f 1291 1287 1276
f 1291 1290 1275
f 1292 1275 1278
f 1292 1278 1288
f 1293 1277 1272
f 1293 1288 1284
f 1293 1284 1277
f 1294 1289 1283
f 1294 1283 1280
f 1295 1272 1283
f 1295 1293 1272
f 1296 1291 1275
f 1297 1291 1276
f 1297 1276 1285
f 1297 1285 1290
f 1297 1290 1291
f 1298 1275 1292
f 1298 1296 1275
f 1298 1287 1296
f 1299 1292 1288
f 1299 1298 1292
f 1300 1288 1293
f 1300 1294 1280
f 1300 1289 1294
f 1301 1295 1283
f 1301 1283 1289
f 1301 1289 1295
f 1302 1295 1289
f 1302 1293 1295
f 1302 1300 1293
f 1302 1289 1300
f 1303 1287 1291
f 1303 1291 1296
f 1304 1280 1287
f 1304 1287 1298
f 1304 1299 1280
f 1304 1298 1299
f 1305 1299 1288
f 1305 1280 1299
f 1305 1300 1280
f 1305 1288 1300
f 1306 1303 1296
f 1306 1296 1287
f 1306 1287 1303
o link0047
usemtl Material047
v 0.186955183 -0.149943320 -0.466670595
v 0.193838098 -0.156674352 -0.485084716
v 0.198436634 -0.149365286 -0.553944603
v 0.150762965 -0.150520761 -0.552774210
v 0.147665974 -0.189557984 -0.479186324
v 0.190059767 -0.147529295 -0.485326388
v 0.163070146 -0.187442304 -0.466623945
v 0.150762965 -0.150520761 -0.466623945
v 0.149629317 -0.198223806 -0.553922489
v 0.195818170 -0.147235520 -0.547039499
v 0.187684507 -0.162827942 -0.466623945
v 0.150255454 -0.186780602 -0.466665765
v 0.147550736 -0.195507064 -0.547032840
v 0.196623408 -0.154171568 -0.556003093
v 0.156916555 -0.193595894 -0.478931126
v 0.154432494 -0.196406402 -0.555978961
v 0.199991688 -0.156674352 -0.546620620
v 0.156916555 -0.199749485 -0.546620620
v 0.175377327 -0.181288713 -0.522006258
v 0.187684507 -0.168981533 -0.528159849
v 0.163070146 -0.193595894 -0.534313439
v 0.193838098 -0.162827942 -0.534313439
f 1312 1307 1308
f 1312 1308 1309
f 1314 1310 1311
f 1314 1312 1310
f 1314 1307 1312
f 1316 1312 1309
f 1316 1309 1310
f 1316 1310 1312
f 1317 1308 1307
f 1317 1314 1313
f 1317 1307 1314
f 1318 1314 1311
f 1318 1313 1314
f 1319 1315 1311
f 1319 1311 1310
f 1319 1310 1315
f 1320 1310 1309
f 1321 1311 1315
f 1321 1318 1311
f 1321 1313 1318
f 1322 1315 1310
f 1322 1310 1320
f 1323 1320 1309
f 1323 1309 1308
f 1323 1308 1317
f 1323 1322 1320
f 1324 1321 1315
f 1324 1315 1322
f 1324 1322 1323
f 1324 1313 1321
f 1325 1317 1313
f 1326 1325 1323
f 1326 1317 1325
f 1327 1325 1313
f 1327 1313 1324
f 1327 1324 1323
f 1327 1323 1325
f 1328 1326 1323
f 1328 1323 1317
f 1328 1317 1326
o link0048
usemtl Material048
v -0.156916555 0.144851578 -0.331244956
v -0.156916555 0.101776445 -0.331244956
v -0.156916555 0.144851578 -0.466623945
v -0.218452459 0.126390807 -0.466623945
v -0.218452459 0.107930036 -0.343552137
v -0.156916555 0.101776445 -0.466623945
v -0.199991688 0.144851578 -0.429702402
v -0.212298869 0.114083626 -0.331244956
v -0.218452459 0.101000004 -0.466623945
v -0.199991688 0.144851578 -0.466623945
v -0.199991688 0.138697988 -0.331244956
v -0.210477058 0.100964874 -0.334114194
v -0.218452459 0.126390807 -0.448163174
v -0.193838098 0.144851578 -0.331244956
v -0.213184083 0.099398788 -0.343774128
v -0.218452459 0.120237216 -0.380473679
f 1329 1330 1331
f 1334 1331 1330
f 1335 1329 1331
f 1336 1330 1329
f 1337 1333 1332
f 1337 1331 1334
f 1338 1335 1331
f 1338 1332 1335
f 1338 1337 1332
f 1338 1331 1337
f 1339 1333 1336
f 1339 1336 1329
f 1340 1336 1333
f 1340 1330 1336
f 1341 1339 1335
f 1341 1335 1332
f 1341 1332 1333
f 1342 1339 1329
f 1342 1329 1335
f 1342 1335 1339
f 1343 1340 1333
f 1343 1333 1337
f 1343 1337 1334
f 1343 1334 1330
f 1343 1330 1340
f 1344 1341 1333
f 1344 1333 1339
f 1344 1339 1341
o link0049
usemtl Material049
v -0.156916555 0.101776445 -0.331244956
v -0.156916555 0.058701312 -0.331244956
v -0.156916555 0.058701312 -0.374320089
v -0.224606050 0.095622855 -0.374320089
v -0.230759640 0.071008493 -0.331244956
v -0.156916555 0.101776445 -0.374320089
v -0.218452459 0.101776445 -0.331244956
v -0.230849445 0.054826312 -0.333933224
v -0.214232593 0.099819622 -0.374485904
v -0.250441469 0.060289826 -0.349871765
v -0.249220411 0.058701312 -0.374000013
v -0.224606050 0.095622855 -0.362012908
v -0.224606050 0.089469264 -0.331244956
v -0.250223355 0.061106619 -0.374000013
f 1345 1346 1347
f 1349 1346 1345
f 1350 1345 1347
f 1351 1349 1345
f 1351 1345 1350
f 1352 1347 1346
f 1352 1346 1349
f 1353 1350 1347
f 1353 1351 1350
f 1353 1348 1351
f 1354 1352 1349
f 1355 1353 1347
f 1355 1347 1352
f 1355 1352 1354
f 1356 1354 1351
f 1356 1351 1348
f 1357 1354 1349
f 1357 1349 1351
f 1357 1351 1354
f 1358 1348 1353
f 1358 1353 1355
f 1358 1355 1354
f 1358 1356 1348
f 1358 1354 1356
o link0050
usemtl Material050
v 0.126148603 0.212541072 -0.466623945
v 0.132302194 0.169465940 -0.466623945
v 0.130329685 0.203484467 -0.503840618
v -0.156916555 0.194080301 -0.503545487
v -0.156916555 0.169465940 -0.466623945
v 0.132302194 0.169465940 -0.503545487
v 0.052305518 0.243309024 -0.503545487
v 0.129264955 0.201917464 -0.466894961
v -0.156916555 0.169465940 -0.503545487
v 0.119995013 0.218694663 -0.503545487
v -0.044746369 0.237481719 -0.504055614
v 0.089227061 0.231001844 -0.466623945
v 0.107687832 0.224848253 -0.503545487
v -0.089227061 0.231001844 -0.466623945
v -0.069152130 0.231485645 -0.504047546
v 0.107687832 0.224848253 -0.491238306
v -0.144609374 0.200233892 -0.466623945
v 0.039998338 0.243309024 -0.466623945
v -0.046151928 0.243309024 -0.478931126
v -0.107687832 0.224848253 -0.503545487
v 0.119995013 0.218694663 -0.491238306
v -0.156916555 0.194080301 -0.485084716
v 0.070766290 0.237155434 -0.466623945
v -0.039998338 0.243309024 -0.466623945
v -0.119995013 0.218694663 -0.503545487
v -0.070766290 0.237155434 -0.466623945
v -0.153560356 0.184056986 -0.466880818
v 0.052305518 0.243309024 -0.497391897
v -0.138455784 0.206387482 -0.472777535
v -0.119995013 0.218694663 -0.491238306
v 0.046151928 0.243309024 -0.478931126
v -0.126148603 0.212541072 -0.466623945
v -0.107687832 0.224848253 -0.491238306
f 1363 1360 1359
f 1364 1361 1360
f 1364 1360 1363
f 1366 1359 1360
f 1366 1360 1361
f 1366 1361 1359
f 1367 1361 1364
f 1367 1364 1363
f 1367 1363 1362
f 1368 1359 1361
f 1369 1365 1361
f 1370 1363 1359
f 1371 1368 1361
f 1371 1361 1365
f 1372 1363 1370
f 1373 1367 1362
f 1373 1369 1361
f 1373 1361 1367
f 1374 1370 1359
f 1374 1368 1371
f 1374 1371 1365
f 1375 1363 1372
f 1376 1372 1370
f 1377 1376 1365
f 1377 1365 1369
f 1378 1377 1369
f 1378 1369 1373
f 1379 1374 1359
f 1379 1359 1368
f 1379 1368 1374
f 1380 1362 1363
f 1381 1376 1370
f 1382 1372 1376
f 1382 1376 1377
f 1383 1378 1373
f 1383 1373 1362
f 1383 1362 1380
f 1384 1378 1372
f 1384 1377 1378
f 1384 1382 1377
f 1384 1372 1382
f 1385 1380 1363
f 1385 1363 1375
f 1385 1375 1380
f 1386 1365 1376
f 1386 1381 1370
f 1386 1374 1365
f 1386 1370 1374
f 1387 1383 1380
f 1387 1380 1375
f 1388 1378 1383
f 1388 1383 1387
f 1389 1386 1376
f 1389 1376 1381
f 1389 1381 1386
f 1390 1387 1375
f 1390 1375 1372
f 1390 1388 1387
f 1390 1372 1388
f 1391 1388 1372
f 1391 1372 1378
f 1391 1378 1388
o link0051
usemtl Material051
v 0.119995013 0.187926711 -0.294323413
v 0.126148603 0.132544397 -0.294999987
v 0.126148603 0.187926711 -0.374320089
v -0.156916555 0.187926711 -0.374320089
v -0.156916555 0.132544397 -0.294999987
v 0.126148603 0.187926711 -0.300477004
v -0.132302194 0.181773120 -0.294323413
v 0.126148603 0.132544397 -0.374320089
v 0.123458488 0.178149436 -0.296027392
v -0.119995013 0.187926711 -0.294323413
v -0.153658113 0.153647932 -0.296857250
v -0.156916555 0.132544397 -0.374320089
v -0.150762965 0.187926711 -0.343552137
v -0.156916555 0.187926711 -0.368166498
v -0.126148603 0.187926711 -0.300477004
v -0.144609374 0.187926711 -0.331244956
f 1392 1394 1395
f 1397 1394 1392
f 1398 1396 1393
f 1398 1393 1392
f 1399 1393 1396
f 1399 1397 1393
f 1399 1394 1397
f 1399 1395 1394
f 1400 1397 1392
f 1400 1392 1393
f 1400 1393 1397
f 1401 1398 1392
f 1401 1392 1395
f 1402 1396 1398
f 1403 1399 1396
f 1403 1395 1399
f 1404 1401 1395
f 1404 1402 1398
f 1405 1396 1402
f 1405 1403 1396
f 1405 1395 1403
f 1405 1404 1395
f 1405 1402 1404
f 1406 1398 1401
f 1406 1401 1404
f 1407 1406 1404
f 1407 1404 1398
f 1407 1398 1406
o link0052
usemtl Material052
v -0.155517806 0.149794054 -0.295360365
v -0.156916555 0.058701312 -0.294999987
v -0.156916555 0.058701312 -0.331244956
v -0.174963531 0.150649111 -0.333333199
v -0.212298869 0.071008493 -0.294323413
v -0.156760401 0.163145857 -0.332094399
v -0.153900233 0.153891147 -0.300667219
v -0.181530917 0.132544397 -0.294323413
v -0.218252129 0.058646916 -0.332026277
v -0.161652097 0.161634679 -0.333391985
v -0.193838098 0.126390807 -0.325091365
v -0.163070146 0.157158759 -0.300477004
v -0.209087455 0.057815984 -0.296439886
v -0.218034053 0.070864846 -0.332903329
v -0.199991688 0.101776445 -0.294323413
v -0.156916555 0.163312349 -0.325091365
v -0.163070146 0.163312349 -0.325091365
v -0.175377327 0.151005168 -0.325091365
v -0.218452459 0.058701312 -0.325091365
v -0.193361690 0.126084938 -0.333326243
v -0.193838098 0.114083626 -0.294323413
v -0.212298869 0.089469264 -0.325091365
v -0.218452459 0.071008493 -0.325091365
v -0.187684507 0.126390807 -0.300477004
v -0.206145279 0.089469264 -0.294323413
v -0.211852402 0.089278359 -0.333074072
f 1414 1408 1409
f 1414 1409 1410
f 1414 1410 1413
f 1415 1412 1409
f 1415 1409 1408
f 1417 1413 1410
f 1419 1415 1408
f 1419 1408 1414
f 1420 1416 1410
f 1420 1410 1409
f 1420 1409 1412
f 1421 1417 1410
f 1421 1410 1416
f 1422 1412 1415
f 1423 1419 1414
f 1423 1414 1413
f 1424 1417 1411
f 1424 1419 1423
f 1424 1423 1413
f 1424 1413 1417
f 1425 1418 1415
f 1425 1415 1419
f 1425 1419 1424
f 1425 1424 1411
f 1425 1411 1418
f 1426 1420 1412
f 1426 1416 1420
f 1427 1411 1417
f 1427 1418 1411
f 1428 1422 1415
f 1428 1418 1422
f 1429 1422 1418
f 1430 1421 1416
f 1430 1416 1426
f 1430 1426 1412
f 1430 1429 1421
f 1430 1412 1429
f 1431 1428 1415
f 1431 1415 1418
f 1431 1418 1428
f 1432 1429 1412
f 1432 1412 1422
f 1432 1422 1429
f 1433 1421 1429
f 1433 1427 1417
f 1433 1417 1421
f 1433 1429 1418
f 1433 1418 1427
o link0053
usemtl Material053
v 0.052305518 0.298691338 -0.583542162
v 0.052003756 0.290490744 -0.589206711
v 0.046151928 0.323305700 -0.638924476
v -0.046151928 0.323305700 -0.638924476
v -0.070707611 0.292286472 -0.590779051
v 0.052305518 0.292537748 -0.638924476
v 0.033844747 0.323305700 -0.589695753
v -0.052305518 0.298691338 -0.583542162
v -0.071572855 0.293039991 -0.638287576
v 0.051987094 0.314890530 -0.636843714
v 0.051718644 0.313465912 -0.593905801
v -0.052003761 0.290490743 -0.589206712
v -0.070766290 0.317152109 -0.589695753
v 0.039998338 0.323305700 -0.602002934
v 0.046151928 0.323305700 -0.626617295
v -0.033844747 0.323305700 -0.589695753
v -0.069731240 0.311952222 -0.636141431
v -0.046151928 0.323305700 -0.620463705
v -0.039998338 0.323305700 -0.602002934
f 1439 1437 1436
f 1439 1434 1435
f 1440 1436 1437
f 1441 1435 1434
f 1441 1434 1440
f 1442 1437 1439
f 1443 1439 1436
f 1443 1434 1439
f 1444 1440 1434
f 1444 1434 1443
f 1445 1441 1438
f 1445 1435 1441
f 1445 1438 1442
f 1445 1442 1439
f 1445 1439 1435
f 1446 1438 1441
f 1446 1442 1438
f 1447 1436 1440
f 1447 1440 1444
f 1448 1444 1443
f 1448 1443 1436
f 1448 1447 1444
f 1448 1436 1447
f 1449 1446 1441
f 1449 1441 1440
f 1449 1440 1437
f 1450 1446 1437
f 1450 1437 1442
f 1450 1442 1446
f 1451 1449 1437
f 1451 1437 1446
f 1452 1451 1446
f 1452 1446 1449
f 1452 1449 1451
o link0054
usemtl Material054
v -0.193838098 0.083315674 -0.503545487
v -0.193838098 -0.021295363 -0.503545487
v -0.193838098 -0.021295363 -0.552774210
v -0.217519303 0.083315676 -0.552826489
v -0.236914750 -0.019895556 -0.502757504
v -0.193838098 0.083315674 -0.552774210
v -0.236881910 0.082582074 -0.502841017
v -0.224606050 -0.021295363 -0.546620620
v -0.224606050 0.083315674 -0.546620620
v -0.217519074 -0.021295361 -0.552826501
v -0.238052267 0.076364524 -0.510749996
v -0.237500600 -0.008576656 -0.510749571
v -0.236887365 0.082184356 -0.506929023
v -0.236885741 -0.017696945 -0.505350475
f 1453 1454 1455
f 1457 1454 1453
f 1458 1453 1455
f 1458 1456 1453
f 1459 1457 1453
f 1460 1455 1454
f 1460 1454 1457
f 1461 1459 1453
f 1461 1453 1456
f 1461 1456 1460
f 1462 1460 1456
f 1462 1455 1460
f 1462 1458 1455
f 1462 1456 1458
f 1463 1461 1460
f 1463 1457 1459
f 1464 1463 1460
f 1464 1457 1463
f 1465 1463 1459
f 1465 1459 1461
f 1465 1461 1463
f 1466 1464 1460
f 1466 1460 1457
f 1466 1457 1464
o link0055
usemtl Material055
v 0.169334290 0.169576773 -0.466616094
v 0.169223736 -0.150520761 -0.466623945
v 0.173059875 0.173293740 -0.546192847
v -0.156916555 0.169465940 -0.546620620
v -0.156916555 0.169465940 -0.466623945
v 0.169223736 -0.150520761 -0.546620620
v -0.156916555 -0.150520761 -0.546620620
v -0.156916555 -0.150520761 -0.466623945
f 1467 1468 1469
f 1471 1467 1469
f 1471 1469 1470
f 1472 1469 1468
f 1472 1470 1469
f 1473 1471 1470
f 1473 1472 1468
f 1473 1470 1472
f 1474 1473 1468
f 1474 1471 1473
f 1474 1468 1467
f 1474 1467 1471
o link0056
usemtl Material056
v -0.156916555 0.058701312 -0.294999987
v -0.156916555 -0.033602544 -0.294999987
v -0.156916555 -0.033602544 -0.374320089
v -0.220615763 0.058702461 -0.375894897
v -0.218452459 0.052547722 -0.294323413
v -0.156916555 0.058701312 -0.374320089
v -0.209087455 0.057815984 -0.296439886
v -0.220534753 -0.033602539 -0.375987800
v -0.218452459 0.058701312 -0.325091365
v -0.214630290 -0.032850774 -0.296465068
f 1475 1476 1477
f 1479 1476 1475
f 1480 1475 1477
f 1480 1478 1475
f 1481 1479 1475
f 1482 1477 1476
f 1482 1479 1478
f 1482 1480 1477
f 1482 1478 1480
f 1483 1481 1475
f 1483 1475 1478
f 1483 1478 1479
f 1483 1479 1481
f 1484 1482 1476
f 1484 1476 1479
f 1484 1479 1482
o link0057
usemtl Material057
v -0.156916555 0.083315674 -0.552774210
v -0.156916555 -0.064370496 -0.552774210
v -0.156916555 0.083315674 -0.589695753
v -0.218382302 0.083315674 -0.589720851
v -0.217519303 0.083315676 -0.552826489
v -0.218382302 -0.064370496 -0.589720851
v -0.156916555 -0.064370496 -0.589695753
v -0.217518980 -0.064370494 -0.552826507
f 1485 1486 1487
f 1489 1486 1485
f 1489 1485 1487
f 1489 1487 1488
f 1490 1488 1487
f 1490 1489 1488
f 1491 1490 1487
f 1491 1487 1486
f 1491 1486 1490
f 1492 1490 1486
f 1492 1486 1489
f 1492 1489 1490
o link0058
usemtl Material058
v -0.156916555 -0.033602544 -0.294999987
v -0.153502324 -0.153510238 -0.296439886
v -0.156916555 -0.033602544 -0.331244956
v -0.219741602 -0.033817245 -0.328952262
v -0.218452459 -0.052063315 -0.294323413
v -0.161768972 -0.161275808 -0.333203244
v -0.214630290 -0.032850774 -0.296465068
v -0.163070146 -0.156674352 -0.294323413
v -0.156772772 -0.162671742 -0.332009788
v -0.218045159 -0.070384455 -0.332863336
v -0.163070146 -0.162827942 -0.325091365
v -0.156916555 -0.162827942 -0.325091365
v -0.181056486 -0.143998878 -0.333461791
v -0.218452459 -0.070524086 -0.325091365
v -0.181530917 -0.144367171 -0.325091365
v -0.187684507 -0.125906400 -0.294323413
v -0.193838098 -0.125906400 -0.325091365
v -0.206145279 -0.088984857 -0.294323413
v -0.212298869 -0.088984857 -0.325091365
v -0.193387816 -0.125603985 -0.333268017
v -0.211860662 -0.088802621 -0.333015747
f 1493 1494 1495
f 1499 1493 1495
f 1499 1495 1496
f 1499 1497 1493
f 1499 1496 1497
f 1500 1494 1493
f 1500 1493 1497
f 1501 1498 1495
f 1501 1495 1494
f 1502 1496 1495
f 1503 1498 1501
f 1504 1501 1494
f 1504 1494 1500
f 1504 1503 1501
f 1504 1500 1503
f 1505 1502 1495
f 1505 1495 1498
f 1505 1498 1503
f 1506 1497 1496
f 1506 1496 1502
f 1507 1505 1503
f 1507 1503 1500
f 1508 1507 1500
f 1508 1500 1497
f 1509 1507 1508
f 1510 1508 1497
f 1510 1497 1506
f 1510 1509 1508
f 1511 1506 1502
f 1511 1510 1506
f 1511 1509 1510
f 1512 1505 1507
f 1512 1507 1509
f 1513 1512 1509
f 1513 1509 1511
f 1513 1511 1502
f 1513 1502 1505
f 1513 1505 1512
o link0059
usemtl Material059
v 0.126148603 0.187926711 -0.374320089
v 0.126148603 0.132544397 -0.374320089
v 0.126148603 0.187926711 -0.466623945
v 0.070766290 0.187926711 -0.466623945
v 0.070766290 0.132544397 -0.374320089
v 0.070766290 0.132544397 -0.466623945
v 0.070766290 0.187926711 -0.374320089
v 0.126148603 0.132544397 -0.466623945
f 1514 1515 1516
f 1514 1516 1517
f 1518 1515 1514
f 1519 1517 1516
f 1519 1518 1517
f 1519 1515 1518
f 1520 1518 1514
f 1520 1514 1517
f 1520 1517 1518
f 1521 1519 1516
f 1521 1516 1515
f 1521 1515 1519
o link0060
usemtl Material060
v -0.156916555 -0.101292038 -0.503545487
v -0.156916555 -0.150520761 -0.503545487
v -0.156916555 -0.150520761 -0.552774210
v -0.217518899 -0.101292036 -0.552826511
v -0.218999997 -0.101292038 -0.503545487
v -0.156916555 -0.101292038 -0.552774210
v -0.206145279 -0.150520761 -0.546620620
v -0.195146846 -0.151538350 -0.551766281
v -0.199991688 -0.150520761 -0.503545487
v -0.224606050 -0.107445629 -0.546620620
v -0.218452459 -0.132059990 -0.552774210
v -0.224606050 -0.101292038 -0.546620620
v -0.206145279 -0.150520761 -0.552774210
v -0.218452459 -0.132059990 -0.546620620
v -0.214000002 -0.122028564 -0.503680903
v -0.218999997 -0.105999999 -0.503545487
f 1522 1523 1524
f 1526 1523 1522
f 1526 1522 1525
f 1527 1522 1524
f 1527 1524 1525
f 1527 1525 1522
f 1529 1524 1523
f 1530 1523 1526
f 1530 1529 1523
f 1530 1528 1529
f 1533 1531 1526
f 1533 1526 1525
f 1533 1532 1531
f 1533 1525 1532
f 1534 1529 1528
f 1534 1528 1532
f 1534 1524 1529
f 1534 1532 1525
f 1534 1525 1524
f 1535 1532 1528
f 1535 1528 1530
f 1535 1531 1532
f 1536 1535 1530
f 1537 1536 1530
f 1537 1530 1526
f 1537 1526 1531
f 1537 1531 1535
f 1537 1535 1536
o link0061
usemtl Material061
v -0.156916555 0.151005168 -0.503545487
v -0.156916555 -0.101292038 -0.503545487
v -0.156916555 0.151005168 -0.552774210
v -0.194972686 0.151885803 -0.551906481
v -0.193838098 -0.101292038 -0.503545487
v -0.190570617 0.148421663 -0.503852799
v -0.156916555 -0.101292038 -0.552774210
v -0.193838098 -0.101292038 -0.552774210
f 1538 1539 1540
f 1538 1540 1541
f 1542 1539 1538
f 1543 1542 1538
f 1543 1538 1541
f 1543 1541 1542
f 1544 1540 1539
f 1544 1539 1542
f 1545 1544 1542
f 1545 1542 1541
f 1545 1541 1540
f 1545 1540 1544
o link0062
usemtl Material062
v 0.089227061 0.212541072 -0.595849343
v 0.089227061 0.169465940 -0.595849343
v 0.089227010 0.169465330 -0.622007967
v -0.107668455 0.212494293 -0.621983843
v -0.107687832 0.169465940 -0.595849343
v 0.089227061 0.212541072 -0.621999979
v -0.107687832 0.212541072 -0.595849343
v -0.107688127 0.169465265 -0.622000167
f 1550 1547 1546
f 1551 1546 1547
f 1551 1547 1548
f 1552 1550 1546
f 1552 1551 1549
f 1552 1546 1551
f 1553 1548 1547
f 1553 1547 1550
f 1553 1551 1548
f 1553 1549 1551
f 1553 1552 1549
f 1553 1550 1552
o link0063
usemtl Material063
v 0.089227061 0.169465940 -0.546620620
v 0.089227061 0.095622855 -0.546620620
v 0.089227208 0.095622500 -0.622015168
v -0.156916555 0.169465940 -0.621999979
v -0.156916555 0.095622855 -0.546620620
v 0.089227010 0.169465330 -0.622007967
v -0.156916555 0.169465940 -0.546620620
v -0.156928208 0.095599720 -0.622000017
f 1554 1555 1556
f 1558 1555 1554
f 1559 1554 1556
f 1559 1556 1557
f 1559 1557 1554
f 1560 1558 1554
f 1560 1554 1557
f 1561 1557 1556
f 1561 1556 1555
f 1561 1555 1558
f 1561 1560 1557
f 1561 1558 1560
