mtllib decomp.mtl
o link3000
usemtl Material000
v -0.077923722 0.054259245 0.114616149
v -0.077923722 -0.176599994 0.114616149
v -0.077923722 0.054259245 0.052896272
v -0.172103613 0.054259386 0.052667177
v -0.163382014 0.021025465 0.114616149
v -0.151192864 -0.176599994 0.052154530
v -0.150882505 0.053236150 0.114616235
v -0.077923722 -0.176599994 0.052896272
v -0.169916829 -0.114292266 0.051996136
v -0.120652868 -0.178377217 0.114616149
v -0.172877380 0.054259245 0.067139320
v -0.168129697 -0.116657339 0.076634686
v -0.153886649 -0.178377217 0.057643954
v -0.158634331 0.044763879 0.114616149
v -0.172877380 -0.116657339 0.062391637
v -0.158634331 -0.045442096 0.114616149
v -0.144391283 -0.178377217 0.081382369
v -0.163382014 -0.021703681 0.114616149
v -0.134895917 -0.178377217 0.095625418
v -0.149138966 -0.178377217 0.071887003
v -0.172877380 -0.111909656 0.067139320
f 1 2 3
f 1 3 4
f 7 2 1
f 8 6 3
f 8 3 2
f 9 4 3
f 9 3 6
f 10 2 7
f 10 8 2
f 11 7 1
f 11 1 4
f 13 6 8
f 13 8 10
f 13 9 6
f 14 11 5
f 14 5 7
f 14 7 11
f 15 11 4
f 15 4 9
f 15 13 12
f 15 9 13
f 16 12 10
f 16 10 7
f 17 13 10
f 18 5 11
f 18 12 16
f 18 16 7
f 18 7 5
f 19 17 10
f 19 10 12
f 19 12 17
f 20 17 12
f 20 12 13
f 20 13 17
f 21 15 12
f 21 12 18
f 21 18 11
f 21 11 15
o link3001
usemtl Material001
v 0.012282253 -0.130900388 0.275799990
v 0.011997826 -0.155187337 0.275799990
v 0.012282683 -0.157909567 0.166620908
v -0.020951527 -0.130900388 0.166840661
v -0.020951527 -0.130900388 0.275799990
v 0.012282253 -0.130900388 0.166840661
v 0.012282253 -0.192620265 0.219065173
v -0.020951527 -0.159386485 0.276037368
v -0.020951631 -0.157889966 0.166833438
v 0.012239913 -0.191148648 0.224648036
v -0.016203845 -0.192620265 0.219065173
v -0.020951527 -0.164134168 0.181083710
v -0.014938496 -0.192073905 0.226484562
v -0.020951527 -0.164134168 0.190579076
f 26 22 25
f 27 22 24
f 27 24 25
f 27 25 22
f 28 24 22
f 29 23 22
f 29 22 26
f 30 25 24
f 30 29 26
f 30 26 25
f 31 23 29
f 31 28 22
f 31 22 23
f 32 30 24
f 32 24 28
f 33 30 32
f 34 31 29
f 34 29 32
f 34 32 28
f 34 28 31
f 35 33 32
f 35 32 29
f 35 29 30
f 35 30 33
o link3002
usemtl Material002
v 0.007534570 0.054259245 0.052896272
v 0.007534570 -0.176599994 0.052896272
v 0.007534570 -0.176599994 -0.065795801
v -0.163382014 0.054259245 -0.065795801
v -0.177625063 0.054259245 0.052896272
v 0.007534570 0.054259245 -0.065795801
v -0.163382014 -0.178377217 -0.023066655
v -0.153886649 -0.178377217 -0.061048118
v -0.151192864 -0.176599994 0.052154530
v -0.182372746 -0.111909656 -0.032562021
v -0.158634331 -0.178377217 0.043400906
v -0.172877380 -0.116657339 -0.065795801
v -0.177625063 -0.111909656 0.052896272
v -0.182372746 0.054259245 -0.032562021
v -0.146058019 -0.176599994 -0.064395462
v -0.158634331 -0.178377217 -0.046805069
v -0.182372746 0.054259245 0.029157857
v -0.182372746 -0.116657339 0.024410174
v -0.177625063 0.040016196 -0.051552752
v -0.182372746 -0.116657339 -0.027814338
v -0.163382014 -0.178377217 0.019662491
v -0.177625063 -0.116657339 0.048148589
v -0.182372746 -0.111909656 0.029157857
v -0.177625063 -0.116657339 -0.051552752
v -0.177625063 0.054259245 -0.046805069
v -0.172877380 0.035268514 -0.065795801
v -0.168129697 0.054259245 -0.061048118
v -0.172877380 0.044763879 -0.061048118
f 36 37 38
f 40 37 36
f 40 36 39
f 41 36 38
f 41 38 39
f 41 39 36
f 43 38 37
f 46 43 37
f 46 42 43
f 46 37 44
f 47 39 38
f 48 44 37
f 48 37 40
f 48 46 44
f 49 40 39
f 50 47 38
f 50 38 43
f 50 43 47
f 51 47 43
f 51 43 42
f 52 48 40
f 52 49 45
f 52 40 49
f 53 52 45
f 54 45 49
f 55 51 42
f 55 53 45
f 55 42 53
f 56 53 42
f 56 42 46
f 56 46 53
f 57 53 46
f 57 46 48
f 57 48 53
f 58 53 48
f 58 48 52
f 58 52 53
f 59 54 47
f 59 45 54
f 59 55 45
f 59 47 51
f 59 51 55
f 60 54 49
f 60 49 39
f 61 39 47
f 61 47 54
f 61 54 60
f 62 60 39
f 62 39 61
f 63 62 61
f 63 61 60
f 63 60 62
o link3003
usemtl Material003
v 0.007534570 0.054259245 -0.065795801
v 0.007534570 -0.116657339 -0.065795801
v 0.007589209 0.054261624 -0.188671238
v -0.025699210 0.054259245 -0.189235556
v -0.120652868 0.054259245 -0.065795801
v -0.035194576 -0.116657339 -0.160749459
v 0.007472420 -0.116654632 -0.159709497
v -0.020951527 -0.026451364 -0.189235556
v -0.120652868 -0.116657339 -0.065795801
v -0.011456162 -0.016955998 -0.189235556
v -0.025699210 -0.045442096 -0.184487873
v -0.096914454 -0.045442096 -0.165497142
v 0.007534570 -0.050189779 -0.179740190
v -0.120652868 -0.078675876 -0.122767996
v -0.068428356 0.049511562 -0.179740190
v -0.049437625 -0.045442096 -0.184487873
v 0.007583494 0.013984616 -0.185586278
v -0.120483020 0.054167933 -0.078395496
v -0.106409820 -0.116657339 -0.127515678
v -0.092166771 -0.059685144 -0.170244824
v -0.049437625 0.054259245 -0.184487873
v -0.025699210 -0.026451364 -0.189235556
v -0.111157502 -0.069180510 -0.141758727
v -0.077923722 0.025773148 -0.174992507
v -0.120652868 -0.116657339 -0.113272630
v -0.082671405 -0.031199047 -0.174992507
v -0.068428356 -0.116657339 -0.151254093
v -0.068428356 0.054259245 -0.174992507
v -0.096914454 -0.031199047 -0.160749459
v -0.096914454 -0.059685144 -0.165497142
v -0.092166771 -0.031199047 -0.170244824
v -0.120652868 -0.097666608 -0.122767996
v -0.068428356 -0.016955998 -0.179740190
v -0.054185308 -0.116657339 -0.156001776
v -0.077923722 -0.116657339 -0.146506410
v -0.063680674 0.054259245 -0.179740190
v -0.092166771 -0.016955998 -0.165497142
v -0.082671405 0.002034733 -0.174992507
v -0.111157502 -0.078675876 -0.141758727
f 64 65 66
f 68 65 64
f 68 64 66
f 70 65 69
f 72 69 65
f 72 65 68
f 73 71 67
f 73 67 66
f 74 70 69
f 76 71 73
f 76 74 71
f 76 70 74
f 76 65 70
f 77 72 68
f 79 71 74
f 79 74 69
f 80 76 73
f 80 73 66
f 80 66 65
f 80 65 76
f 81 77 68
f 82 69 72
f 83 79 69
f 84 79 78
f 84 67 79
f 84 66 67
f 85 79 67
f 85 67 71
f 85 71 79
f 86 77 81
f 87 81 78
f 88 82 72
f 88 72 77
f 89 79 83
f 90 69 82
f 91 78 81
f 91 81 68
f 91 68 66
f 92 86 81
f 92 75 86
f 93 86 75
f 93 75 83
f 94 83 75
f 94 89 83
f 95 88 77
f 95 77 86
f 95 82 88
f 96 89 78
f 96 78 79
f 96 79 89
f 97 90 83
f 97 83 69
f 97 69 90
f 98 90 82
f 98 82 83
f 98 83 90
f 99 84 78
f 99 78 91
f 99 91 66
f 99 66 84
f 100 92 81
f 100 81 87
f 100 87 94
f 100 94 75
f 100 75 92
f 101 94 87
f 101 87 78
f 101 78 89
f 101 89 94
f 102 95 86
f 102 86 93
f 102 93 83
f 102 83 82
f 102 82 95
o link3004
usemtl Material004
v -0.068940070 0.174403192 -0.010583829
v -0.068428356 0.054259245 -0.008823606
v -0.067082778 0.143876934 -0.070551345
v -0.101662137 0.059006928 -0.094281898
v -0.182372746 0.087493025 -0.013571289
v -0.068428356 0.054259245 -0.070543484
v -0.068428356 0.172951318 -0.018318972
v -0.105311839 0.165531465 -0.005774702
v -0.179752176 0.054259255 -0.008722647
v -0.139643600 0.087493025 -0.070543484
v -0.094800246 0.058285619 -0.093388262
v -0.091307937 0.170877999 -0.006420870
v -0.177625063 0.096988391 -0.008823606
v -0.151163362 0.052686951 -0.068047884
v -0.073176039 0.144465220 -0.070543484
v -0.092166771 0.172951318 -0.013571289
v -0.177857292 0.086544489 -0.007928896
v -0.153886649 0.115979123 -0.032562021
v -0.096050984 0.053964653 -0.093916926
v -0.153886649 0.063754611 -0.070543484
v -0.120652868 0.082745343 -0.080038849
v -0.077923722 0.172951318 -0.018318972
v -0.106409820 0.168203635 -0.013571289
v -0.161645635 0.114980491 -0.007728129
v -0.163382014 0.115979123 -0.018318972
v -0.139643600 0.106483757 -0.056300435
v -0.101662137 0.054259245 -0.094281898
v -0.149138966 0.087493025 -0.061048118
v -0.182372746 0.054259245 -0.032562021
v -0.134895917 0.092240708 -0.070543484
v -0.114673556 0.160979955 -0.006071199
v -0.172877380 0.073249977 -0.042057386
v -0.177625063 0.096988391 -0.013571289
v -0.115905185 0.163455952 -0.013571289
v -0.144391283 0.101736074 -0.056300435
v -0.172877380 0.054259245 -0.051552752
v -0.177625063 0.092240708 -0.018318972
v -0.168129697 0.068502294 -0.051552752
v -0.177625063 0.063754611 -0.042057386
v -0.139643600 0.115979123 -0.046805069
v -0.158634331 0.096988391 -0.042057386
v -0.158634331 0.063754611 -0.065795801
v -0.182372746 0.059006928 -0.032562021
v -0.182372746 0.082745343 -0.018318972
v -0.149138966 0.106483757 -0.046805069
v -0.172877380 0.059006928 -0.051552752
f 108 105 104
f 109 103 104
f 109 104 105
f 111 104 110
f 113 106 105
f 113 105 108
f 114 110 104
f 114 104 103
f 116 108 104
f 116 104 111
f 117 105 106
f 117 109 105
f 118 114 103
f 119 111 110
f 119 115 107
f 119 107 111
f 121 113 108
f 121 108 116
f 121 106 113
f 123 117 106
f 123 122 112
f 123 106 122
f 124 118 103
f 124 103 109
f 124 109 117
f 124 117 118
f 125 110 114
f 125 114 118
f 125 118 117
f 126 115 119
f 127 115 126
f 129 121 116
f 129 106 121
f 129 122 106
f 129 116 122
f 131 116 111
f 131 111 107
f 132 123 112
f 132 117 123
f 132 128 117
f 133 126 119
f 133 119 110
f 133 110 125
f 135 107 115
f 135 115 127
f 136 120 127
f 136 125 117
f 136 133 125
f 136 127 126
f 136 126 133
f 137 112 130
f 137 132 112
f 137 128 132
f 138 122 116
f 138 116 131
f 139 127 120
f 139 120 134
f 139 135 127
f 139 107 135
f 140 137 130
f 141 139 134
f 141 138 131
f 141 134 140
f 142 120 136
f 142 137 120
f 142 128 137
f 142 136 117
f 142 117 128
f 143 134 120
f 143 140 134
f 143 137 140
f 144 140 130
f 144 122 138
f 144 130 112
f 144 112 122
f 145 141 131
f 145 131 107
f 146 107 139
f 146 139 141
f 146 145 107
f 146 141 145
f 147 143 120
f 147 120 137
f 147 137 143
f 148 141 140
f 148 140 144
f 148 144 138
f 148 138 141
o link3005
usemtl Material005
v 0.145217374 0.177699000 0.043400906
v 0.145217374 0.054259245 0.043400906
v 0.145217374 0.054259245 -0.070543484
v -0.054660159 0.170918185 -0.070445018
v -0.068428356 0.054259245 0.043400906
v 0.145217374 0.177699000 -0.070543484
v -0.068428356 0.172951318 0.043400906
v -0.068428356 0.054259245 -0.070543484
v 0.040768350 0.177699000 -0.070543484
v -0.068428356 0.153960586 -0.070543484
v -0.068428356 0.172951318 -0.018318972
v 0.040768350 0.177699000 0.043400906
f 149 150 151
f 153 150 149
f 153 151 150
f 154 149 151
f 155 153 149
f 156 151 153
f 156 154 151
f 156 153 155
f 157 154 156
f 157 149 154
f 158 156 155
f 158 157 156
f 158 152 157
f 159 157 152
f 159 155 157
f 159 158 155
f 159 152 158
f 160 157 155
f 160 155 149
f 160 149 157
o link3006
usemtl Material006
v -0.020951527 -0.130900388 0.275799990
v -0.020947621 -0.154581128 0.275799990
v -0.020951631 -0.157889966 0.166833438
v -0.104818323 -0.124312399 0.167328221
v -0.134895917 -0.135648071 0.252298953
v -0.020951527 -0.130900388 0.166840661
v -0.106409820 -0.130900388 0.276037368
v -0.068428356 -0.187872583 0.252298953
v -0.106409820 -0.130900388 0.166840661
v -0.063680674 -0.126152705 0.275799990
v -0.044689942 -0.154638802 0.276037368
v -0.131756531 -0.125311510 0.252000004
v -0.044689942 -0.187872583 0.219065173
v -0.096914454 -0.168881851 0.266542002
v -0.063680674 -0.126152705 0.166840661
v -0.115905185 -0.164134168 0.228560539
v -0.134895917 -0.130900388 0.219065173
v -0.103864298 -0.123249456 0.273302085
v -0.020951527 -0.159386485 0.265799999
v -0.063680674 -0.154638802 0.166840661
v -0.106409820 -0.159386485 0.266542002
v -0.077923722 -0.178377217 0.266542002
v -0.092166771 -0.178377217 0.252298953
v -0.077923722 -0.183124900 0.223812856
v -0.125400551 -0.126152705 0.200074441
v -0.130148234 -0.145143436 0.223812856
v -0.130981461 -0.124521333 0.220399114
v -0.045636957 -0.186865008 0.225947741
v -0.044689942 -0.159386485 0.166840661
v -0.120652868 -0.159386485 0.252298953
v -0.058932991 -0.149891119 0.276037368
v -0.063428576 -0.177706595 0.265799999
v -0.082671405 -0.183124900 0.252298953
v -0.068428356 -0.187872583 0.228560539
v -0.101662137 -0.173629534 0.228560539
v -0.125400551 -0.130900388 0.200074441
v -0.134895917 -0.135648071 0.223812856
v -0.120652868 -0.154638802 0.219065173
v -0.054185308 -0.187872583 0.219065173
v -0.115905185 -0.164134168 0.252298953
v -0.130148234 -0.145143436 0.252298953
v -0.120652868 -0.159386485 0.228560539
v -0.101662137 -0.135648071 0.166840661
v -0.082671405 -0.183124900 0.233308222
v -0.125400551 -0.135648071 0.204822124
v -0.101662137 -0.173629534 0.242803587
v -0.106409820 -0.168881851 0.223812856
v -0.092166771 -0.178377217 0.228560539
v -0.115905185 -0.159386485 0.219065173
f 166 161 162
f 166 162 163
f 170 161 166
f 170 167 161
f 171 162 161
f 171 161 167
f 172 165 167
f 175 169 164
f 175 166 163
f 175 163 169
f 175 170 166
f 177 165 172
f 178 175 164
f 178 170 175
f 178 172 167
f 178 167 170
f 179 173 163
f 179 163 162
f 179 162 168
f 181 174 167
f 181 167 165
f 182 167 174
f 182 162 171
f 183 182 174
f 185 164 169
f 187 178 164
f 187 172 178
f 187 164 185
f 187 185 177
f 187 177 172
f 188 179 168
f 188 168 173
f 188 173 179
f 189 180 163
f 189 163 173
f 190 174 181
f 191 182 171
f 191 171 167
f 191 167 182
f 192 182 168
f 192 168 162
f 192 162 182
f 193 168 182
f 193 182 183
f 194 173 168
f 194 168 193
f 196 185 169
f 196 177 185
f 196 186 177
f 197 186 165
f 197 165 177
f 197 177 186
f 198 186 169
f 199 184 180
f 199 180 189
f 199 194 184
f 199 189 173
f 199 173 194
f 200 183 174
f 200 174 190
f 200 190 176
f 200 176 195
f 201 190 181
f 201 181 165
f 201 165 186
f 201 186 190
f 202 190 186
f 202 176 190
f 202 186 198
f 203 180 184
f 203 169 163
f 203 163 180
f 204 194 193
f 204 193 183
f 204 184 194
f 205 196 169
f 205 169 186
f 205 186 196
f 206 200 195
f 206 195 183
f 206 183 200
f 207 195 176
f 207 203 184
f 208 184 204
f 208 207 184
f 208 195 207
f 208 204 183
f 208 183 195
f 209 207 176
f 209 203 207
f 209 198 169
f 209 169 203
f 209 202 198
f 209 176 202
o link3007
usemtl Material007
v 0.197441886 0.258409610 0.185831393
v 0.221180300 0.248914244 0.152597612
v 0.178451154 0.301138756 0.090877735
v 0.149965057 0.272652658 -0.037309703
v 0.149965057 0.239418878 0.043400906
v 0.221180300 0.244166561 -0.027814338
v 0.183198837 0.296391073 0.147849930
v 0.149965057 0.244166561 0.162092978
v 0.225927983 0.248914244 0.062391637
v 0.192694203 0.277400341 -0.027814338
v 0.149965057 0.239418878 -0.037309703
v 0.219916674 0.237280762 -0.005579999
v 0.211684934 0.253661927 0.166840661
v 0.200652020 0.242639694 0.183481441
v 0.150114425 0.288304310 0.160792856
v 0.149660930 0.298292407 0.130841982
v 0.211684934 0.263157293 0.147849930
v 0.202189569 0.277400341 0.095625418
v 0.211684934 0.253661927 -0.037309703
v 0.149999497 0.295011404 0.043443051
v 0.215608297 0.238691896 -0.037217216
v 0.218338140 0.236875676 -0.027491380
v 0.223391002 0.241735284 0.062663188
v 0.192694203 0.267904975 0.181083710
v 0.187927662 0.244072786 0.185299569
v 0.206937252 0.248914244 0.181083710
v 0.204187428 0.241859172 0.179727609
v 0.154712740 0.296391073 0.157345295
v 0.225927983 0.248914244 0.067139320
v 0.202189569 0.272652658 0.152597612
v 0.187946520 0.291643390 0.147849930
v 0.183198837 0.296391073 0.071887003
v 0.189300767 0.269794566 -0.037080922
v 0.178451154 0.296391073 0.043400906
v 0.149965057 0.301138756 0.081382369
v 0.206937252 0.253661927 0.176336027
v 0.187946520 0.263157293 0.185831393
v 0.202189569 0.248914244 0.185831393
v 0.218330128 0.241775000 0.151192038
v 0.150067976 0.292132412 0.150952672
v 0.173703471 0.301138756 0.133606881
v 0.178451154 0.296391073 0.157345295
v 0.202189569 0.277400341 0.100373101
v 0.187946520 0.286895707 0.157345295
v 0.192694203 0.286895707 0.081382369
v 0.164208105 0.301138756 0.071887003
v 0.192694203 0.263157293 0.185831393
v 0.178451154 0.301138756 0.128859198
v 0.178451154 0.291643390 0.162092978
v 0.154712740 0.301138756 0.076634686
v 0.173703471 0.301138756 0.071887003
f 219 218 215
f 221 215 218
f 225 214 217
f 225 220 214
f 225 213 220
f 225 217 224
f 228 219 215
f 228 220 213
f 229 219 213
f 229 213 225
f 230 228 215
f 230 220 228
f 231 221 214
f 231 214 220
f 231 220 230
f 231 230 215
f 231 215 221
f 232 221 218
f 234 217 223
f 235 211 222
f 236 223 217
f 236 217 214
f 236 214 221
f 236 211 235
f 238 226 211
f 238 218 227
f 238 232 218
f 238 211 232
f 239 222 211
f 239 211 226
f 240 239 226
f 242 228 213
f 242 213 219
f 242 219 228
f 243 219 229
f 243 241 219
f 243 212 241
f 244 229 225
f 245 233 210
f 245 222 233
f 245 235 222
f 245 210 235
f 246 224 217
f 246 217 234
f 246 237 224
f 247 234 223
f 247 246 234
f 247 210 246
f 247 235 210
f 247 236 235
f 247 223 236
f 248 236 221
f 248 221 232
f 248 232 211
f 248 211 236
f 249 237 225
f 249 225 224
f 249 224 237
f 250 225 237
f 250 244 225
f 250 212 244
f 251 250 237
f 252 238 227
f 252 226 238
f 252 240 226
f 252 216 240
f 252 227 212
f 253 233 222
f 253 222 239
f 253 239 240
f 253 251 233
f 253 240 216
f 253 216 251
f 254 227 218
f 254 218 219
f 254 219 241
f 254 241 212
f 254 212 227
f 255 243 229
f 255 244 212
f 256 246 210
f 256 210 233
f 256 233 251
f 257 212 250
f 257 252 212
f 257 216 252
f 257 251 216
f 257 250 251
f 258 251 237
f 258 237 246
f 258 256 251
f 258 246 256
f 259 255 229
f 259 229 244
f 259 244 255
f 260 255 212
f 260 212 243
f 260 243 255
o link3008
usemtl Material008
v 0.157499999 0.002500000 0.289799988
v 0.164208105 -0.016955998 0.276037368
v 0.173072681 0.054530110 0.176067958
v 0.140469691 0.054259245 0.176336027
v 0.135722008 -0.069180510 0.176336027
v 0.135722008 0.054259245 0.275799990
v 0.164208105 0.016277782 0.276037368
v 0.135722008 -0.069180510 0.275799990
v 0.154712740 -0.059685144 0.176336027
v 0.170131542 0.046217893 0.174831341
v 0.170115643 0.055799864 0.184305431
v 0.135722008 -0.002712950 0.176336027
v 0.173703471 0.049511562 0.185831393
v 0.150844360 0.053164397 0.275799990
v 0.149965057 -0.069180510 0.276037368
v 0.149965057 0.006782416 0.290280416
v 0.149965057 -0.069180510 0.176336027
v 0.159460423 -0.040694413 0.176336027
v 0.135722008 0.054259245 0.238055905
v 0.154712740 -0.059685144 0.276037368
v 0.152500004 -0.002500000 0.289799988
v 0.173703471 0.044763879 0.181083710
v 0.157499999 -0.002500000 0.289799988
v 0.164208105 -0.031199047 0.257046636
v 0.159460423 -0.040694413 0.276037368
v 0.164208105 -0.031199047 0.238055905
f 267 261 262
f 268 266 265
f 270 264 263
f 271 263 264
f 272 265 266
f 272 270 265
f 272 264 270
f 273 267 262
f 274 261 267
f 274 271 266
f 274 267 273
f 274 273 263
f 274 263 271
f 276 266 268
f 276 274 266
f 276 261 274
f 277 270 269
f 277 265 270
f 277 269 275
f 277 275 268
f 277 268 265
f 278 270 263
f 278 269 270
f 279 271 264
f 279 266 271
f 279 272 266
f 279 264 272
f 280 275 269
f 281 268 275
f 281 276 268
f 282 278 263
f 282 263 273
f 282 273 262
f 283 262 261
f 283 275 280
f 283 281 275
f 283 261 276
f 283 276 281
f 284 282 262
f 284 280 269
f 285 283 280
f 285 262 283
f 285 284 262
f 285 280 284
f 286 278 282
f 286 282 284
f 286 284 269
f 286 269 278
o link3009
usemtl Material009
v 0.144351127 -0.068774994 0.114617221
v 0.154712740 -0.178377217 0.057643954
v 0.151367934 -0.069180364 0.051765556
v -0.077923722 -0.069180510 0.052896272
v -0.077923722 -0.176599994 0.114616149
v -0.077923722 -0.176599994 0.052896272
v 0.154712740 -0.069180510 0.057643954
v 0.114201899 -0.176599994 0.111853871
v -0.077923722 -0.069180510 0.114616149
v 0.151193554 -0.176599994 0.051897796
v 0.135722008 -0.178377217 0.095625418
v 0.145217374 -0.078675876 0.114616149
f 287 289 290
f 292 290 289
f 293 288 289
f 293 289 287
f 295 291 287
f 295 287 290
f 295 292 291
f 295 290 292
f 296 292 289
f 296 289 288
f 296 288 292
f 297 292 288
f 297 291 292
f 297 294 291
f 298 293 287
f 298 288 293
f 298 297 288
f 298 294 297
f 298 287 291
f 298 291 294
o link3010
usemtl Material010
v 0.159944613 -0.002611795 0.176335623
v 0.159460423 -0.040694413 0.176336027
v 0.168955788 -0.007460633 -0.080038849
v 0.102488228 -0.002712950 -0.122767996
v 0.102488228 -0.002712950 0.176336027
v 0.102488228 -0.064432827 -0.122767996
v 0.164594930 -0.001385900 -0.078726714
v 0.168955788 -0.007460633 0.147849930
v 0.164208105 -0.064432827 -0.013571289
v 0.154712740 -0.007460633 -0.122767996
v 0.102488228 -0.069180510 0.176336027
v 0.168955788 -0.002712950 0.147849930
v 0.164208105 -0.064432827 0.014914808
v 0.140469691 -0.064432827 -0.118020313
v 0.154712740 -0.002712950 -0.122767996
v 0.154712740 -0.069180510 0.057643954
v 0.140469691 -0.059685144 -0.122767996
v 0.149965057 -0.064432827 -0.094281898
v 0.102488228 -0.069180510 0.052896272
v 0.151367934 -0.069180364 0.051765556
v 0.149965057 -0.069180510 0.176336027
v 0.132979744 -0.063922699 -0.121782011
v 0.154712740 -0.059685144 -0.080038849
v 0.159460423 -0.064432827 -0.042057386
v 0.154712740 -0.059685144 0.176336027
f 303 300 299
f 304 303 302
f 305 303 299
f 305 302 303
f 306 299 300
f 307 301 306
f 308 304 302
f 309 300 303
f 309 303 304
f 310 305 299
f 310 299 306
f 310 306 301
f 310 301 305
f 311 307 306
f 311 306 300
f 313 305 301
f 313 301 308
f 313 308 302
f 313 302 305
f 314 307 311
f 315 304 308
f 316 314 312
f 316 312 315
f 316 315 308
f 316 308 301
f 317 314 309
f 317 309 304
f 318 304 312
f 318 312 314
f 318 317 304
f 318 314 317
f 319 314 311
f 319 300 309
f 319 309 314
f 320 315 312
f 320 312 304
f 320 304 315
f 321 316 301
f 321 301 307
f 322 307 314
f 322 314 316
f 322 321 307
f 322 316 321
f 323 319 311
f 323 311 300
f 323 300 319
o link3011
usemtl Material011
v -0.042517146 0.186101839 0.160954416
v -0.047201288 0.174175353 0.163380743
v -0.044689942 0.172951318 0.105120783
v -0.095186134 0.174311599 0.102435685
v -0.096914454 0.177699000 0.109868466
v -0.066627897 0.145393700 0.157319116
v -0.049437625 0.187194366 0.162092978
v -0.049437625 0.201437415 0.105120783
v -0.062690581 0.148433386 0.156952776
v -0.096536439 0.149212901 0.104310132
v -0.054185308 0.177699000 0.162092978
v -0.043399759 0.200773618 0.105120682
v -0.049437625 0.201437415 0.147849930
v -0.063680674 0.149212903 0.105120783
v -0.096914454 0.149212903 0.109868466
v -0.068428356 0.153960586 0.157345295
v -0.042672064 0.200410083 0.146793233
f 324 325 326
f 330 325 324
f 331 327 328
f 332 326 325
f 332 325 329
f 333 328 327
f 334 329 325
f 334 325 330
f 334 330 328
f 335 326 327
f 335 327 331
f 335 324 326
f 336 331 328
f 336 328 330
f 336 335 331
f 337 332 329
f 337 326 332
f 337 329 333
f 337 333 327
f 337 327 326
f 338 333 329
f 338 328 333
f 339 334 328
f 339 329 334
f 339 338 329
f 339 328 338
f 340 336 330
f 340 330 324
f 340 324 335
f 340 335 336
o link3012
usemtl Material012
v -0.120422464 0.086475152 -0.069382230
v -0.143683041 -0.145138528 -0.070215362
v -0.119563085 0.001775043 -0.077711456
v -0.134895917 0.077997660 -0.080038849
v -0.168129697 0.040016196 -0.065795801
v -0.149138966 -0.130900388 -0.080038849
v -0.120652868 0.082745343 -0.080038849
v -0.120652868 0.002034733 -0.065795801
v -0.144391283 0.073249977 -0.070543484
v -0.138398613 -0.116796609 -0.078689645
v -0.163382014 0.030520831 -0.080038849
v -0.165468612 -0.114243849 -0.064774123
v -0.130148234 0.087493025 -0.075291167
v -0.120652868 0.054259245 -0.065795801
v -0.155728384 0.052581492 -0.063132812
v -0.144391283 0.073249977 -0.075291167
v -0.141199624 -0.129417930 -0.076923025
v -0.168129697 -0.116657339 -0.075291167
v -0.146307389 -0.145116375 -0.064508804
v -0.130148234 0.082745343 -0.080038849
v -0.120652868 0.087493025 -0.075291167
v -0.129529971 0.085327888 -0.068211586
v -0.158634331 0.054259245 -0.070543484
v -0.144391283 0.063754611 -0.080038849
v -0.149138966 -0.145143436 -0.070543484
v -0.153886649 -0.121405022 -0.080038849
v -0.168129697 0.030520831 -0.075291167
v -0.139643600 -0.116657339 -0.065795801
v -0.158634331 0.040016196 -0.080038849
v -0.145494220 -0.145153977 -0.066297103
v -0.163382014 0.016277782 -0.080038849
v -0.168129697 0.040016196 -0.070543484
f 347 341 343
f 347 346 344
f 348 342 343
f 350 343 342
f 350 347 343
f 350 346 347
f 351 344 346
f 354 348 343
f 354 343 341
f 355 349 345
f 355 345 352
f 355 348 354
f 356 353 344
f 356 349 353
f 357 350 342
f 357 342 346
f 357 346 350
f 358 352 345
f 359 355 352
f 359 348 355
f 360 353 347
f 360 347 344
f 360 344 353
f 361 353 341
f 361 341 347
f 361 347 353
f 362 353 349
f 362 341 353
f 362 349 355
f 362 355 354
f 362 354 341
f 363 345 349
f 363 349 356
f 364 356 344
f 364 344 351
f 365 358 346
f 365 346 342
f 365 359 352
f 365 352 358
f 366 351 346
f 366 346 358
f 367 358 345
f 367 351 358
f 368 359 342
f 368 342 348
f 368 348 359
f 369 364 351
f 369 356 364
f 370 365 342
f 370 342 359
f 370 359 365
f 371 366 358
f 371 358 351
f 371 351 366
f 372 367 345
f 372 345 363
f 372 363 356
f 372 356 369
f 372 369 351
f 372 351 367
o link3013
usemtl Material013
v 0.209626171 0.121641981 0.161146546
v 0.221180300 0.115979123 0.147849930
v 0.216432617 0.120726806 -0.065795801
v 0.145217374 0.120726806 -0.070543484
v 0.149965057 0.054259245 0.162092978
v 0.217336750 0.122515704 0.146243961
v 0.187946520 0.059006928 0.162092978
v 0.149965057 0.120726806 0.162092978
v 0.192694203 0.054259245 -0.070543484
v 0.209964769 0.121180069 -0.070144590
v 0.216432617 0.115979123 0.157345295
v 0.221180300 0.120726806 -0.046805069
v 0.145217374 0.054259245 0.043400906
v 0.145217374 0.120726806 0.043400906
v 0.212747092 0.122441907 0.155531101
v 0.211684934 0.111231440 0.162092978
v 0.192694203 0.054259245 0.147849930
v 0.211684934 0.101736074 -0.070543484
v 0.206937252 0.096988391 0.162092978
v 0.221180300 0.115979123 -0.046805069
v 0.145217374 0.054259245 -0.070543484
v 0.187946520 0.054259245 0.157345295
v 0.197441886 0.063754611 -0.070543484
v 0.206937252 0.087493025 0.152597612
v 0.216432617 0.115979123 -0.065795801
v 0.180046084 0.055613053 0.160753143
v 0.197441886 0.063754611 0.147849930
v 0.211684934 0.096988391 -0.065795801
v 0.206937252 0.087493025 -0.070543484
f 380 377 379
f 382 376 378
f 384 378 374
f 384 382 378
f 384 375 382
f 385 377 380
f 385 381 377
f 386 385 380
f 386 376 385
f 387 380 373
f 387 386 380
f 387 378 376
f 387 376 386
f 387 373 383
f 387 383 374
f 387 374 378
f 388 380 379
f 388 373 380
f 388 383 373
f 389 377 381
f 390 381 376
f 390 376 382
f 390 382 375
f 391 374 383
f 391 388 379
f 391 383 388
f 392 384 374
f 392 375 384
f 393 385 376
f 393 376 381
f 393 381 385
f 394 389 379
f 394 377 389
f 395 389 381
f 395 392 374
f 395 381 390
f 396 374 391
f 396 391 379
f 396 379 389
f 397 390 375
f 397 375 392
f 398 394 379
f 398 379 377
f 398 377 394
f 399 395 374
f 399 389 395
f 399 396 389
f 399 374 396
f 400 392 395
f 400 397 392
f 400 390 397
f 401 400 395
f 401 395 390
f 401 390 400
o link3014
usemtl Material014
v 0.144164499 -0.068719957 0.275799990
v 0.149965057 -0.078675876 0.266542002
v 0.144381334 -0.068791630 0.166845661
v 0.083497496 -0.069180510 0.166840661
v 0.081694528 -0.170161511 0.265799999
v 0.145584961 -0.067556043 0.190871294
v 0.102488228 -0.164134168 0.266542002
v 0.083497496 -0.069180510 0.275799990
v 0.088245179 -0.140395754 0.166840661
v 0.149965057 -0.069180510 0.271289685
v 0.130974325 -0.145143436 0.228560539
v 0.081509135 -0.136922793 0.166687999
v 0.088245179 -0.135648071 0.276037368
v 0.149965057 -0.073928193 0.190579076
v 0.145217374 -0.092918925 0.271289685
v 0.126226642 -0.111909656 0.166840661
v 0.088245179 -0.178377217 0.223812856
v 0.082059223 -0.132840420 0.275799990
v 0.145217374 -0.078675876 0.276037368
v 0.088245179 -0.173629534 0.266542002
v 0.149965057 -0.078675876 0.204822124
v 0.149965057 -0.073928193 0.271289685
v 0.135722008 -0.130900388 0.252298953
v 0.145217374 -0.078675876 0.166840661
v 0.107235911 -0.130900388 0.166840661
v 0.107235911 -0.168881851 0.252298953
v 0.083497496 -0.178377217 0.223812856
v 0.107235911 -0.130900388 0.276037368
v 0.135722008 -0.130900388 0.219065173
v 0.130974325 -0.145143436 0.252298953
v 0.107235911 -0.168881851 0.223812856
v 0.092992862 -0.178377217 0.252298953
v 0.097740545 -0.168881851 0.266542002
v 0.082754518 -0.176513704 0.252000004
v 0.126226642 -0.111909656 0.276037368
v 0.135722008 -0.097666608 0.166840661
v 0.126226642 -0.149891119 0.223812856
v 0.092992862 -0.178377217 0.233308222
v 0.135722008 -0.097666608 0.276037368
v 0.130974325 -0.140395754 0.219065173
f 407 404 405
f 409 407 405
f 409 402 407
f 411 407 402
f 413 409 405
f 413 405 404
f 415 411 403
f 415 404 407
f 415 407 411
f 419 413 406
f 419 409 413
f 419 414 409
f 420 402 409
f 420 409 414
f 420 411 402
f 421 419 406
f 421 414 419
f 422 415 403
f 423 416 403
f 423 403 411
f 423 420 416
f 423 411 420
f 424 403 416
f 424 422 403
f 425 404 415
f 425 413 404
f 426 410 413
f 426 413 417
f 426 418 410
f 428 413 410
f 428 410 418
f 428 406 413
f 429 420 414
f 429 414 421
f 430 415 422
f 430 425 415
f 430 424 412
f 430 422 424
f 431 424 416
f 431 416 408
f 431 427 412
f 431 412 424
f 432 426 417
f 432 418 426
f 432 412 427
f 433 432 427
f 433 428 418
f 434 433 427
f 434 421 433
f 434 429 421
f 434 431 408
f 434 427 431
f 435 421 406
f 435 406 428
f 435 433 421
f 435 428 433
f 436 408 416
f 436 420 429
f 436 434 408
f 436 429 434
f 437 417 413
f 437 413 425
f 438 432 417
f 438 412 432
f 439 433 418
f 439 418 432
f 439 432 433
f 440 436 416
f 440 416 420
f 440 420 436
f 441 430 412
f 441 412 438
f 441 438 417
f 441 417 437
f 441 437 425
f 441 425 430
o link3015
usemtl Material015
v 0.192694203 0.272652658 -0.070543484
v 0.235423349 0.196689732 -0.070543484
v 0.187946520 0.234671195 -0.179740190
v 0.021777619 0.234671195 -0.193983239
v -0.096914454 0.054259245 -0.070543484
v 0.164208105 0.267904975 -0.174992507
v 0.235423349 0.220428146 -0.075291167
v -0.096242877 0.094771564 -0.067754680
v 0.154712740 0.054259245 -0.179740190
v 0.097740545 0.253661927 -0.193983239
v 0.235423349 0.220428146 -0.070543484
v 0.211684934 0.196689732 -0.170244824
v 0.178451154 0.286895707 -0.089534215
v 0.192694203 0.239418878 -0.165497142
v 0.192694203 0.054259245 -0.070543484
v -0.068428356 0.059006928 -0.174992507
v 0.159460423 0.263157293 -0.184487873
v 0.102488228 0.054259245 -0.193983239
v 0.235423349 0.206185098 -0.084786532
v 0.164208105 0.082745343 -0.184487873
v 0.192694203 0.272652658 -0.075291167
v 0.107235911 0.291643390 -0.084786532
v 0.168955788 0.263157293 -0.179740190
v 0.230675666 0.220428146 -0.094281898
v 0.211684934 0.210932781 -0.170244824
v -0.092775202 0.052888838 -0.102042958
v -0.030446893 0.163455952 -0.170244824
v 0.107235911 0.263157293 -0.184487873
v 0.012282253 0.054259245 -0.193983239
v 0.206937252 0.087493025 -0.075291167
v 0.187946520 0.149212903 -0.179740190
v 0.154712740 0.059006928 -0.184487873
v 0.140469691 0.258409610 -0.189235556
v 0.206937252 0.253661927 -0.084786532
v 0.168955788 0.296391073 -0.080038849
v -0.006708479 0.263157293 -0.070543484
v 0.164208105 0.258409610 -0.184487873
v 0.235423349 0.215680464 -0.084786532
v 0.202189569 0.220428146 -0.174992507
v 0.192694203 0.234671195 -0.174992507
v 0.206937252 0.220428146 -0.165497142
v 0.221180300 0.210932781 -0.137011044
v -0.096914454 0.059006928 -0.103777264
v -0.020951527 0.163455952 -0.189235556
v 0.040768350 0.248914244 -0.189235556
v -0.063680674 0.054259245 -0.179740190
v 0.225927983 0.168203635 -0.084786532
v 0.164208105 0.073249977 -0.179740190
v 0.206937252 0.087493025 -0.070543484
v 0.202189569 0.177699000 -0.174992507
v 0.140469691 0.063754611 -0.189235556
v 0.102488228 0.248914244 -0.193983239
v 0.211684934 0.248914244 -0.080038849
v 0.225927983 0.229923512 -0.084786532
v 0.178451154 0.263157293 -0.151254093
v 0.130974325 0.291643390 -0.094281898
v 0.173703471 0.286895707 -0.103777264
v 0.154712740 0.296391073 -0.070543484
v -0.035194576 0.220428146 -0.084786532
v 0.225927983 0.215680464 -0.118020313
v 0.178451154 0.253661927 -0.174992507
v 0.221180300 0.201437415 -0.137011044
v -0.096914454 0.096988391 -0.075291167
v 0.017029936 0.239418878 -0.189235556
f 452 448 442
f 452 443 448
f 452 449 443
f 452 442 449
f 456 449 446
f 459 445 451
f 460 448 443
f 462 454 442
f 462 442 448
f 464 458 447
f 467 456 446
f 467 450 456
f 467 459 450
f 469 447 458
f 470 445 459
f 470 459 467
f 473 450 459
f 474 444 472
f 474 469 458
f 474 451 469
f 475 454 462
f 476 442 454
f 478 464 444
f 478 458 464
f 478 474 458
f 478 444 474
f 479 465 448
f 479 448 460
f 480 466 453
f 480 472 444
f 481 466 480
f 481 480 444
f 481 444 464
f 482 455 465
f 482 481 455
f 482 466 481
f 483 453 466
f 483 479 460
f 484 467 446
f 485 457 468
f 485 445 470
f 486 469 451
f 486 451 445
f 486 477 463
f 486 463 469
f 487 470 467
f 487 485 470
f 487 457 485
f 487 484 457
f 487 467 484
f 488 471 453
f 488 460 443
f 488 443 471
f 489 453 471
f 489 473 461
f 489 450 473
f 489 471 456
f 489 456 450
f 490 471 443
f 490 456 471
f 490 443 449
f 490 449 456
f 491 461 472
f 491 489 461
f 491 453 489
f 491 480 453
f 491 472 480
f 492 473 459
f 492 461 473
f 492 459 474
f 492 474 472
f 492 472 461
f 493 474 459
f 493 459 451
f 493 451 474
f 494 475 462
f 494 462 448
f 495 448 465
f 495 465 475
f 495 494 448
f 495 475 494
f 496 475 465
f 496 464 454
f 496 454 475
f 497 469 463
f 497 463 476
f 497 476 447
f 497 447 469
f 498 464 447
f 498 447 476
f 498 476 454
f 498 454 464
f 499 477 449
f 499 449 442
f 499 442 476
f 499 476 463
f 499 463 477
f 500 449 477
f 501 465 479
f 501 482 465
f 501 466 482
f 501 483 466
f 501 479 483
f 502 481 464
f 502 455 481
f 502 464 496
f 502 496 465
f 502 465 455
f 503 483 460
f 503 453 483
f 503 488 453
f 503 460 488
f 504 484 446
f 504 446 449
f 504 468 457
f 504 457 484
f 504 500 468
f 504 449 500
f 505 485 468
f 505 445 485
f 505 468 500
f 505 500 477
f 505 486 445
f 505 477 486
o link3016
usemtl Material016
v 0.083497496 -0.069180510 0.275799990
v 0.083497496 -0.130900388 0.275799990
v 0.083497496 -0.130900388 0.166840661
v -0.144241341 -0.069110933 0.166841531
v -0.144391283 -0.083423559 0.276037368
v 0.083497496 -0.069180510 0.166840661
v -0.111157502 -0.126152705 0.276037368
v -0.145052588 -0.067397706 0.270917704
v -0.140480710 -0.076577151 0.166789245
v -0.063680674 -0.130900388 0.166840661
v -0.143980074 -0.068994777 0.275799990
v -0.149138966 -0.078675876 0.200074441
v -0.145138516 -0.067277858 0.176319446
v -0.063680674 -0.130900388 0.275799990
v -0.134895917 -0.126152705 0.214317490
v -0.149138966 -0.078675876 0.271289685
v -0.149138966 -0.073928193 0.176336027
v -0.111157502 -0.126152705 0.166840661
v -0.139643600 -0.116657339 0.252298953
v -0.131756531 -0.125311510 0.252000004
v -0.139643600 -0.116657339 0.214317490
v -0.130148234 -0.107161973 0.166840661
v -0.115905185 -0.126152705 0.171588344
v -0.134895917 -0.107161973 0.271289685
v -0.144391283 -0.092918925 0.271289685
v -0.144391283 -0.097666608 0.204822124
v -0.144391283 -0.083423559 0.171588344
v -0.130148234 -0.107161973 0.276037368
v -0.139643600 -0.092918925 0.276037368
f 511 506 507
f 511 507 508
f 512 507 506
f 512 506 510
f 514 511 508
f 514 509 511
f 515 508 507
f 515 514 508
f 516 510 506
f 516 506 513
f 518 511 509
f 518 513 506
f 518 506 511
f 519 515 507
f 519 507 512
f 520 515 519
f 521 516 513
f 521 510 516
f 522 518 509
f 522 517 521
f 522 521 513
f 522 513 518
f 523 514 515
f 525 520 519
f 525 519 512
f 525 524 520
f 526 520 524
f 527 509 514
f 527 514 523
f 528 523 515
f 528 515 520
f 528 527 523
f 528 520 527
f 529 525 512
f 529 524 525
f 530 510 521
f 530 521 524
f 530 524 529
f 531 517 522
f 531 522 526
f 531 526 524
f 531 524 521
f 531 521 517
f 532 522 509
f 532 509 527
f 532 526 522
f 532 527 520
f 532 520 526
f 533 529 512
f 533 512 510
f 533 530 529
f 534 533 510
f 534 510 530
f 534 530 533
o link3017
usemtl Material017
v 0.040003521 0.154814014 0.275799990
v 0.040768350 0.054259245 0.275799990
v 0.040768350 0.168203635 0.162092978
v -0.096914454 0.134969854 0.162092978
v -0.153886649 0.059006928 0.276037368
v 0.040768350 0.054259245 0.162092978
v -0.044689942 0.158708269 0.276037368
v 0.040768350 0.168203635 0.209569807
v -0.051822331 0.167102569 0.160892212
v -0.150912990 0.053150598 0.162092890
v -0.096914454 0.134969854 0.276037368
v 0.021777619 0.163455952 0.276037368
v -0.054185308 0.168203635 0.171588344
v -0.134895917 0.096988391 0.162092978
v -0.150962437 0.053000437 0.275799990
v -0.030446893 0.168203635 0.209569807
v -0.058932991 0.153960586 0.276037368
v -0.153886649 0.059006928 0.162092978
v -0.134895917 0.096988391 0.276037368
v -0.020951527 0.163455952 0.276037368
v -0.039942259 0.168203635 0.200074441
f 540 537 536
f 542 535 536
f 542 536 537
f 543 537 540
f 544 543 540
f 545 539 541
f 546 541 539
f 546 539 536
f 546 536 535
f 546 535 542
f 547 542 537
f 547 537 543
f 547 543 538
f 547 538 545
f 548 538 543
f 548 545 538
f 549 544 540
f 549 540 536
f 549 536 539
f 550 546 542
f 550 542 547
f 551 547 545
f 551 545 541
f 551 541 547
f 552 539 548
f 552 549 539
f 552 544 549
f 552 548 543
f 552 543 544
f 553 548 539
f 553 539 545
f 553 545 548
f 554 541 546
f 554 546 550
f 555 554 550
f 555 550 547
f 555 547 541
f 555 541 554
o link3018
usemtl Material018
v 0.167755933 0.054674429 -0.122271362
v 0.168955788 0.044763879 -0.127515678
v 0.154712740 0.049511562 -0.174992507
v 0.102435447 0.054273223 -0.188966009
v 0.102488228 -0.064432827 -0.122767996
v 0.152025245 0.056590658 -0.172851783
v 0.159460423 0.054259245 -0.165497142
v 0.140469691 -0.054937461 -0.122767996
v 0.102488228 0.054259245 -0.122767996
v 0.168955788 0.049511562 -0.132263361
v 0.164776655 0.055683502 -0.130666810
v 0.165210992 0.046059686 -0.121217984
v 0.140469691 -0.054937461 -0.127515678
v 0.102426741 -0.061167801 -0.162757460
v 0.105146269 0.055535376 -0.187601867
v 0.132979744 -0.063922699 -0.121782011
v 0.159460423 0.049511562 -0.165497142
v 0.116731277 -0.040694413 -0.189235556
v 0.135722008 -0.064432827 -0.132263361
v 0.102488228 -0.050189779 -0.184487873
v 0.116731277 -0.002712950 -0.189235556
v 0.121478959 -0.045442096 -0.184487873
v 0.121478959 -0.064432827 -0.165497142
v 0.130974325 -0.064432827 -0.146506410
v 0.102485060 -0.038316163 -0.186405259
v 0.116731277 -0.050189779 -0.184487873
v 0.102488228 -0.054937461 -0.179740190
v 0.116731277 -0.054937461 -0.179740190
f 561 558 559
f 562 558 561
f 565 562 556
f 565 556 557
f 566 562 561
f 566 556 562
f 566 564 556
f 566 561 564
f 567 563 557
f 567 557 556
f 567 556 564
f 568 565 557
f 568 557 563
f 569 564 559
f 569 560 564
f 570 564 561
f 570 561 559
f 570 559 564
f 571 563 567
f 571 567 564
f 571 564 560
f 572 558 562
f 572 562 565
f 572 565 568
f 574 568 563
f 574 563 571
f 574 571 560
f 576 573 559
f 576 559 558
f 576 558 573
f 577 573 558
f 577 558 572
f 578 574 560
f 578 560 569
f 579 572 568
f 579 568 574
f 579 577 572
f 579 578 577
f 579 574 578
f 580 559 573
f 580 573 575
f 580 575 569
f 580 569 559
f 581 575 573
f 581 573 577
f 582 578 569
f 582 569 575
f 582 575 581
f 583 582 581
f 583 578 582
f 583 581 577
f 583 577 578
o link3019
usemtl Material019
v 0.041342752 0.270563212 0.161251688
v 0.040768350 0.172951318 0.162092978
v 0.041683107 0.274037247 -0.070428718
v -0.016203845 0.253661927 -0.070543484
v -0.047201288 0.174175353 0.163380743
v 0.040768350 0.172951318 -0.070543484
v -0.011456162 0.267904975 0.133606881
v 0.041956359 0.277719936 0.038761585
v 0.026525302 0.272652658 0.162092978
v 0.017029936 0.272652658 -0.070543484
v -0.044689942 0.172951318 -0.070543484
v -0.044689942 0.220428146 0.014914808
v -0.011456162 0.258409610 0.162092978
v 0.031272984 0.282148024 0.138354564
v -0.011456162 0.263157293 -0.046805069
v -0.044689942 0.210932781 0.147849930
v -0.044689942 0.206185098 -0.051552752
v -0.001960796 0.267904975 0.152597612
v 0.017029936 0.277400341 0.076634686
v 0.036020667 0.282148024 0.038653223
v 0.040768350 0.277400341 0.157345295
v -0.006708479 0.263157293 -0.070543484
v -0.011456162 0.267904975 0.100373101
v -0.044689942 0.220428146 0.062391637
v -0.020951527 0.253661927 0.147849930
v -0.044689942 0.196689732 0.162092978
v -0.025699210 0.239418878 -0.070543484
v 0.002786887 0.267904975 0.157345295
v -0.011456162 0.263157293 0.152597612
v 0.007534570 0.272652658 0.147849930
v 0.007534570 0.272652658 0.019662491
v 0.031272984 0.277400341 -0.065795801
v 0.031272984 0.282148024 0.086130052
v 0.026525302 0.277400341 0.152597612
v 0.040768350 0.282148024 0.143102247
v 0.002786887 0.267904975 -0.070543484
v -0.016203845 0.258409610 -0.008823606
v -0.030446893 0.234671195 0.152597612
v -0.039942259 0.220428146 0.147849930
v -0.025699210 0.234671195 0.162092978
v -0.040522955 0.199304274 -0.070477279
v -0.001960796 0.263157293 0.162092978
v -0.016203845 0.258409610 0.152597612
v 0.002786887 0.272652658 0.138354564
v 0.002786887 0.272652658 0.081382369
v -0.006708479 0.267904975 0.038653223
v 0.012282253 0.272652658 -0.032562021
v 0.036020667 0.277400341 0.157345295
v 0.021777619 0.277400341 0.147849930
v 0.017029936 0.272652658 0.157345295
v 0.036020667 0.282148024 0.143102247
v -0.001960796 0.267904975 -0.018318972
v 0.021777619 0.277400341 0.019662491
f 591 584 585
f 591 589 586
f 591 585 589
f 592 588 585
f 592 585 584
f 593 589 587
f 593 586 589
f 594 587 589
f 594 589 585
f 594 585 588
f 598 587 595
f 600 594 588
f 600 588 595
f 603 591 586
f 604 592 584
f 605 593 587
f 605 587 598
f 606 595 590
f 607 595 588
f 607 588 599
f 607 590 595
f 608 590 607
f 609 599 588
f 610 600 595
f 610 595 587
f 610 587 594
f 612 601 590
f 612 611 601
f 612 596 611
f 613 590 601
f 613 601 611
f 615 603 586
f 615 586 593
f 616 597 603
f 618 604 584
f 618 584 591
f 618 591 603
f 618 603 597
f 619 605 598
f 619 593 605
f 620 606 598
f 620 598 595
f 620 595 606
f 621 599 609
f 622 608 607
f 622 607 599
f 622 621 608
f 622 599 621
f 623 609 588
f 623 588 596
f 623 621 609
f 623 596 621
f 624 610 594
f 624 594 600
f 624 600 610
f 625 611 596
f 625 596 588
f 625 588 592
f 626 596 612
f 626 621 596
f 626 608 621
f 626 612 590
f 626 590 608
f 627 613 597
f 627 590 613
f 627 597 616
f 627 606 590
f 628 614 606
f 628 602 614
f 628 606 627
f 628 627 616
f 628 616 602
f 629 598 606
f 629 606 614
f 630 615 593
f 630 619 614
f 630 593 619
f 631 617 592
f 631 592 604
f 631 604 618
f 632 617 597
f 632 597 613
f 632 613 617
f 633 592 617
f 633 625 592
f 633 611 625
f 633 617 613
f 633 613 611
f 634 618 597
f 634 597 617
f 634 631 618
f 634 617 631
f 635 619 598
f 635 598 629
f 635 629 614
f 635 614 619
f 636 630 614
f 636 614 602
f 636 602 616
f 636 616 603
f 636 603 615
f 636 615 630
o link3020
usemtl Material020
v 0.144381334 -0.068791630 0.166845661
v 0.145217374 -0.078675876 0.166840661
v 0.145217374 -0.078675876 0.114616149
v -0.077923722 -0.069180510 0.114616149
v -0.075401623 -0.142425592 0.166991411
v 0.144351127 -0.068774994 0.114617221
v 0.095256720 -0.131723858 0.167822326
v -0.077923722 -0.069180510 0.166840661
v -0.077923722 -0.145143436 0.114616149
v 0.114148308 -0.121405051 0.112105476
v 0.076958512 -0.144304136 0.140573301
v 0.135722008 -0.097666608 0.162092978
v 0.075811693 -0.142038338 0.166838883
v 0.111983594 -0.126152705 0.166840661
v 0.055011399 -0.145143436 0.114616149
v 0.130974325 -0.102414290 0.114616149
v 0.097740545 -0.135648071 0.152597612
v 0.135722008 -0.097666608 0.166840661
v 0.140469691 -0.088171242 0.114616149
v 0.121478959 -0.116657339 0.162092978
v 0.088245179 -0.140395754 0.143102247
v 0.111983594 -0.126152705 0.162092978
v 0.121478959 -0.116657339 0.166840661
f 637 638 639
f 642 637 639
f 643 638 637
f 644 642 640
f 644 637 642
f 644 643 637
f 644 641 643
f 645 644 640
f 645 641 644
f 646 642 639
f 646 640 642
f 646 645 640
f 647 641 645
f 649 643 641
f 649 641 647
f 650 643 649
f 651 647 645
f 651 645 646
f 651 646 647
f 653 650 649
f 654 638 643
f 655 652 646
f 655 646 639
f 655 648 652
f 655 639 638
f 655 654 648
f 655 638 654
f 656 646 652
f 656 652 648
f 656 648 654
f 657 647 646
f 657 646 653
f 657 653 649
f 657 649 647
f 658 653 646
f 658 650 653
f 658 656 650
f 658 646 656
f 659 654 643
f 659 643 650
f 659 656 654
f 659 650 656
o link3021
usemtl Material021
v 0.235423349 0.225175829 0.166840661
v 0.254414080 0.191942049 0.152597612
v 0.240171032 0.229923512 0.043400906
v 0.149965057 0.244166561 0.043400906
v 0.149965057 0.120726806 0.162092978
v 0.225927983 0.244166561 0.152597612
v 0.216432617 0.120726806 0.162092978
v 0.149965057 0.120726806 0.043400906
v 0.221180300 0.244166561 0.048148589
v 0.149965057 0.244166561 0.166840661
v 0.254414080 0.210932781 0.152597612
v 0.244918715 0.187194366 0.166840661
v 0.225927983 0.125474489 0.043400906
v 0.225927983 0.244166561 0.057643954
v 0.214477032 0.244242898 0.043856689
v 0.216432617 0.244166561 0.166840661
v 0.230675666 0.239418878 0.152597612
v 0.254414080 0.187194366 0.043400906
v 0.235423349 0.158708269 0.162092978
v 0.149965057 0.182446683 0.166840661
v 0.244918715 0.210932781 0.166840661
v 0.249666398 0.210932781 0.162092978
v 0.225927983 0.125474489 0.147849930
v 0.217835214 0.122286646 0.043400905
v 0.221180300 0.244166561 0.162092978
v 0.235423349 0.234671195 0.147849930
v 0.254414080 0.210932781 0.043400906
v 0.249666398 0.191942049 0.162092978
v 0.221180300 0.120726806 0.152597612
v 0.240171032 0.158708269 0.152597612
v 0.230675666 0.134969854 0.147849930
v 0.225927983 0.239418878 0.162092978
v 0.240171032 0.229923512 0.052896272
v 0.230675666 0.134969854 0.043400906
v 0.254414080 0.187194366 0.147849930
f 667 664 663
f 667 666 664
f 669 663 664
f 671 660 669
f 673 665 662
f 673 662 668
f 674 668 662
f 674 662 663
f 674 673 668
f 674 665 673
f 674 663 669
f 675 669 660
f 675 674 669
f 676 662 665
f 677 670 661
f 678 671 666
f 679 664 666
f 679 666 671
f 679 671 669
f 679 669 664
f 680 660 671
f 681 661 670
f 681 680 671
f 681 660 680
f 681 670 676
f 683 667 663
f 683 663 662
f 684 665 674
f 684 674 675
f 685 676 670
f 685 662 676
f 686 662 670
f 686 670 677
f 686 683 662
f 686 677 683
f 687 671 678
f 687 681 671
f 687 661 681
f 688 672 682
f 688 683 672
f 688 666 667
f 688 667 683
f 689 678 666
f 689 688 682
f 689 666 688
f 689 687 678
f 689 661 687
f 690 682 672
f 690 689 682
f 691 676 665
f 691 665 684
f 691 681 676
f 691 660 681
f 691 684 675
f 691 675 660
f 692 685 670
f 692 670 662
f 692 662 685
f 693 690 672
f 693 677 690
f 693 683 677
f 693 672 683
f 694 690 677
f 694 677 661
f 694 661 689
f 694 689 690
o link3022
usemtl Material022
v 0.216432617 0.182446683 0.200074441
v 0.240171032 0.177699000 0.166840661
v 0.236343105 0.184227685 0.164835824
v 0.040768350 0.182446683 0.162092978
v 0.040768350 0.054259245 0.223812856
v 0.180046084 0.055613053 0.160753143
v 0.102488228 0.182446683 0.204822124
v 0.225927983 0.182446683 0.195326758
v 0.236529329 0.179393358 0.160185674
v 0.040768350 0.054259245 0.162092978
v 0.150976178 0.053084542 0.223497756
v 0.039815041 0.154950331 0.223812895
v 0.238011063 0.183451642 0.160961717
v 0.206937252 0.101736074 0.162092978
v 0.183198837 0.054259245 0.171588344
v 0.168955788 0.073249977 0.219065173
v 0.040650264 0.181859465 0.201491860
v 0.154712740 0.068502294 0.223812856
v 0.045516033 0.158708269 0.223812856
v 0.230675666 0.153960586 0.162092978
v 0.206937252 0.149212903 0.204822124
v 0.164208105 0.054259245 0.214317490
v 0.102488228 0.130222171 0.223812856
v 0.206937252 0.101736074 0.166840661
v 0.216432617 0.158708269 0.200074441
v 0.168955788 0.087493025 0.219065173
v 0.164208105 0.059006928 0.219065173
v 0.168955788 0.054259245 0.204822124
v 0.130974325 0.101736074 0.223812856
v 0.059759082 0.153960586 0.223812856
v 0.230675666 0.153960586 0.166840661
v 0.225927983 0.177699000 0.195326758
v 0.206937252 0.158708269 0.204822124
v 0.187946520 0.068502294 0.176336027
v 0.088245179 0.139717537 0.223812856
v 0.230675666 0.158708269 0.171588344
v 0.145217374 0.082745343 0.223812856
v 0.168955788 0.063754611 0.214317490
f 701 695 697
f 701 697 698
f 702 696 697
f 702 697 695
f 704 703 700
f 704 698 703
f 705 699 704
f 706 704 699
f 706 698 704
f 707 697 696
f 707 696 703
f 707 703 698
f 707 698 697
f 708 700 703
f 709 705 704
f 709 704 700
f 709 700 708
f 711 701 698
f 711 698 706
f 712 706 699
f 712 699 705
f 712 705 710
f 713 695 701
f 713 711 706
f 713 701 711
f 714 708 703
f 714 703 696
f 718 709 708
f 718 708 714
f 719 715 710
f 720 712 710
f 720 710 715
f 721 710 705
f 721 705 716
f 721 719 710
f 722 716 705
f 722 705 709
f 723 717 706
f 724 695 713
f 724 713 706
f 725 718 714
f 725 714 696
f 726 719 696
f 726 696 702
f 726 702 715
f 726 715 719
f 727 720 715
f 727 712 720
f 727 695 717
f 727 717 723
f 727 715 702
f 727 702 695
f 728 722 709
f 728 709 718
f 728 725 722
f 728 718 725
f 729 717 695
f 729 695 724
f 729 724 706
f 729 706 717
f 730 725 696
f 730 696 719
f 731 727 723
f 731 712 727
f 731 723 706
f 731 706 712
f 732 730 719
f 732 719 721
f 732 722 725
f 732 725 730
f 732 721 716
f 732 716 722
o link3023
usemtl Material023
v 0.178451154 0.296391073 0.043400906
v 0.190893851 0.275236396 0.043168035
v 0.187946520 0.282148024 -0.037309703
v 0.097740545 0.291643390 -0.070543484
v 0.097740545 0.272652658 0.043400906
v 0.173703471 0.296391073 -0.037309703
v 0.187946520 0.286895707 0.043400906
v 0.107235911 0.296391073 0.043400906
v 0.149965057 0.272652658 -0.070543484
v 0.178451154 0.296391073 0.005419443
v 0.187946520 0.286895707 0.019662491
v 0.098020089 0.289978419 0.043446421
v 0.140469691 0.296391073 -0.056300435
v 0.187323163 0.272127641 -0.037267677
v 0.097740545 0.272652658 -0.070543484
v 0.149979879 0.291281556 -0.070532442
v 0.183198837 0.291643390 0.010167126
v 0.111983594 0.296391073 0.014914808
v 0.149965057 0.296391073 -0.061048118
v 0.126226642 0.296391073 -0.027814338
v 0.107235911 0.296391073 0.033905540
v 0.145217374 0.296391073 -0.061048118
f 739 737 734
f 740 733 738
f 742 738 733
f 742 735 738
f 742 733 739
f 743 739 734
f 743 734 735
f 743 742 739
f 744 739 733
f 744 737 739
f 744 733 740
f 744 740 736
f 744 736 737
f 745 740 738
f 746 741 735
f 746 735 734
f 746 734 737
f 747 737 736
f 747 736 741
f 747 746 737
f 747 741 746
f 748 738 735
f 748 735 741
f 748 741 736
f 749 743 735
f 749 735 742
f 749 742 743
f 750 740 745
f 751 745 738
f 751 738 748
f 751 748 736
f 752 750 745
f 752 745 736
f 752 736 750
f 753 750 736
f 753 736 740
f 753 740 750
f 754 751 736
f 754 736 745
f 754 745 751
o link3024
usemtl Material024
v 0.135722008 0.054259245 0.275799990
v 0.135722008 -0.069180510 0.275799990
v 0.140469691 0.054259245 0.176336027
v 0.012282253 0.054259245 0.176336027
v 0.012282253 0.054259245 0.275799990
v 0.135722008 -0.069180510 0.176336027
v 0.140469691 -0.002712950 0.238055905
v 0.012282253 -0.069180510 0.176336027
v 0.140469691 0.054259245 0.238055905
v 0.140469691 -0.002712950 0.176336027
v 0.012282253 -0.069180510 0.275799990
f 755 757 758
f 759 756 755
f 759 755 758
f 760 758 757
f 761 755 756
f 762 760 756
f 762 758 760
f 763 761 757
f 763 757 755
f 763 755 761
f 764 760 757
f 764 757 761
f 764 761 756
f 764 756 760
f 765 762 756
f 765 756 759
f 765 759 758
f 765 758 762
o link3025
usemtl Material025
v 0.178451154 0.054259245 0.176336027
v 0.187946520 0.049511562 0.152597612
v 0.187946520 0.054259245 -0.089534215
v 0.102488228 0.054259245 -0.122767996
v 0.102488228 -0.002712950 0.176336027
v 0.184348185 0.055845301 0.151040119
v 0.159944613 -0.002611795 0.176335623
v 0.102488228 0.054259245 0.176336027
v 0.173703471 0.054259245 -0.122767996
v 0.183198837 0.054259245 0.166840661
v 0.168955788 -0.002712950 -0.084786532
v 0.183198837 0.049511562 0.166840661
v 0.187946520 0.044763879 -0.084786532
v 0.168955788 -0.002712950 0.152597612
v 0.102488228 -0.002712950 -0.122767996
v 0.178451154 0.049511562 0.176336027
v 0.159460423 0.006782416 -0.122767996
v 0.173703471 0.049511562 -0.122767996
v 0.187946520 0.044763879 0.147849930
v 0.173703471 0.006782416 0.147849930
v 0.159460423 -0.002712950 -0.113272630
v 0.187946520 0.049511562 -0.089534215
v 0.173703471 0.006782416 -0.080038849
v 0.154712740 -0.002712950 -0.122767996
v 0.173703471 0.035268514 -0.113272630
f 771 767 768
f 773 770 766
f 773 769 770
f 773 771 769
f 773 766 771
f 774 771 768
f 774 769 771
f 775 771 766
f 775 767 771
f 777 767 775
f 777 775 766
f 778 768 767
f 779 772 770
f 779 770 776
f 779 777 772
f 780 776 770
f 780 770 769
f 780 769 774
f 781 777 766
f 781 772 777
f 781 766 770
f 781 770 772
f 782 780 774
f 783 774 768
f 783 782 774
f 784 767 777
f 784 777 779
f 784 778 767
f 785 779 776
f 785 784 779
f 785 778 784
f 786 782 778
f 786 778 776
f 786 776 780
f 787 783 768
f 787 768 778
f 787 778 782
f 788 785 776
f 788 776 778
f 788 778 785
f 789 786 780
f 789 780 782
f 789 782 786
f 790 787 782
f 790 782 783
f 790 783 787
o link3026
usemtl Material026
v -0.077923722 0.054259245 0.166840661
v -0.077521273 -0.139984494 0.166806704
v -0.077923722 0.054259245 0.114616149
v -0.150882505 0.053236150 0.114616235
v -0.163382014 -0.021703681 0.166840661
v -0.113811825 -0.145129809 0.112370217
v -0.076333616 -0.144446747 0.140899117
v -0.087419088 -0.140395754 0.166840661
v -0.150915539 0.053143370 0.166840558
v -0.163382014 -0.021703681 0.114616149
v -0.077923722 -0.145143436 0.114616149
v -0.134895917 -0.097666608 0.166840661
v -0.082671405 -0.145143436 0.143102247
v -0.163382014 0.021025465 0.114616149
v -0.106409820 -0.130900388 0.166840661
v -0.153886649 -0.059685144 0.114616149
v -0.115905185 -0.145143436 0.119363832
v -0.158634331 0.044763879 0.114616149
v -0.163382014 0.021025465 0.166840661
v -0.158634331 -0.045442096 0.114616149
v -0.153886649 -0.059685144 0.166840661
v -0.092166771 -0.145143436 0.138354564
v -0.125400551 -0.111909656 0.166840661
v -0.158634331 0.044763879 0.166840661
v -0.158634331 -0.045442096 0.166840661
f 791 793 794
f 796 794 793
f 797 791 792
f 797 793 791
f 798 792 791
f 798 791 795
f 799 791 794
f 801 796 793
f 801 793 797
f 802 798 795
f 803 797 792
f 803 792 798
f 803 801 797
f 804 796 800
f 804 800 795
f 805 798 802
f 807 796 801
f 807 801 803
f 807 798 805
f 807 806 796
f 808 794 796
f 808 796 804
f 809 804 795
f 809 808 804
f 809 795 791
f 810 800 796
f 810 796 806
f 810 795 800
f 811 802 795
f 811 810 806
f 811 807 802
f 811 806 807
f 812 807 803
f 812 803 798
f 812 798 807
f 813 807 805
f 813 805 802
f 813 802 807
f 814 799 794
f 814 794 808
f 814 808 809
f 814 809 791
f 814 791 799
f 815 811 795
f 815 795 810
f 815 810 811
o link3027
usemtl Material027
v 0.073320505 -0.143624099 0.167086136
v 0.074002130 -0.178377217 0.147849930
v 0.055011399 -0.145143436 0.114616149
v -0.113811825 -0.145129809 0.112370217
v -0.073176039 -0.149891119 0.166840661
v 0.055011399 -0.176599994 0.114616149
v 0.073719192 -0.144951193 0.142761645
v 0.031272984 -0.178377217 0.162092978
v -0.072663217 -0.143904384 0.167035228
v -0.113754353 -0.164120166 0.112308557
v 0.074002130 -0.149891119 0.166840661
v 0.073341187 -0.176599994 0.141784668
v -0.092166771 -0.178377217 0.138354564
v -0.025699210 -0.164134168 0.166840661
v -0.115905185 -0.145143436 0.119363832
v 0.064506765 -0.178377217 0.152597612
v -0.111154364 -0.176599994 0.114612752
v -0.044689942 -0.159386485 0.166840661
v 0.021777619 -0.164134168 0.166840661
v -0.030446893 -0.178377217 0.162092978
v -0.115905185 -0.164134168 0.119363832
v 0.050263716 -0.178377217 0.157345295
v 0.045516033 -0.159386485 0.166840661
v -0.063680674 -0.178377217 0.152597612
v -0.049437625 -0.178377217 0.157345295
f 816 818 819
f 822 818 816
f 824 816 819
f 825 819 818
f 825 818 821
f 826 822 816
f 826 817 822
f 827 821 818
f 827 818 822
f 827 822 817
f 827 817 821
f 828 821 817
f 828 817 823
f 829 816 824
f 830 824 819
f 830 820 824
f 831 823 817
f 831 817 826
f 832 825 821
f 832 821 828
f 833 829 824
f 833 824 820
f 834 816 829
f 834 829 823
f 835 828 823
f 835 823 829
f 835 829 833
f 835 833 820
f 836 830 819
f 836 819 825
f 836 825 832
f 836 832 828
f 836 828 820
f 836 820 830
f 837 831 826
f 837 826 823
f 837 823 831
f 838 826 816
f 838 816 834
f 838 834 823
f 838 823 826
f 839 820 828
f 839 828 835
f 840 839 835
f 840 835 820
f 840 820 839
o link3028
usemtl Material028
v 0.151674300 -0.064411600 -0.050573744
v 0.151532160 -0.116658152 -0.050650347
v 0.121478959 -0.069180510 -0.160749459
v 0.007534570 -0.069180510 -0.165497142
v 0.007534570 -0.064432827 -0.051552752
v 0.036020667 -0.116657339 -0.160749459
v 0.021732921 -0.062059664 -0.163505828
v 0.149965057 -0.073928193 -0.089534215
v 0.007534570 -0.116657339 -0.051552752
v 0.135722008 -0.116657339 -0.103777264
v 0.021777619 -0.069180510 -0.165497142
v 0.118893665 -0.062184753 -0.158346437
v 0.007492835 -0.062217059 -0.163637895
v 0.007472420 -0.116654632 -0.159709497
v 0.092992862 -0.116657339 -0.137011044
v 0.145217374 -0.116657339 -0.084786532
v 0.140469691 -0.064432827 -0.118020313
v 0.055011399 -0.116657339 -0.156001776
v 0.107235911 -0.116657339 -0.127515678
v 0.126226642 -0.069180510 -0.156001776
v 0.149965057 -0.064432827 -0.089534215
v 0.135722008 -0.111909656 -0.108524947
v 0.126226642 -0.064432827 -0.156001776
v 0.140469691 -0.069180510 -0.118020313
v 0.140469691 -0.111909656 -0.099029581
v 0.130974325 -0.073928193 -0.141758727
f 847 845 841
f 848 841 842
f 849 842 841
f 849 841 845
f 849 846 842
f 851 846 844
f 851 843 846
f 851 847 843
f 852 847 841
f 852 843 847
f 853 845 847
f 853 851 844
f 853 847 851
f 854 844 846
f 854 846 849
f 854 853 844
f 854 849 845
f 854 845 853
f 856 848 842
f 856 842 850
f 858 846 843
f 858 843 855
f 858 855 842
f 858 842 846
f 859 855 843
f 859 850 842
f 859 842 855
f 861 857 852
f 861 852 841
f 861 841 848
f 861 848 857
f 862 859 843
f 862 850 859
f 862 843 860
f 863 860 843
f 863 843 852
f 863 852 857
f 863 857 860
f 864 860 857
f 864 857 848
f 864 848 856
f 865 862 860
f 865 856 850
f 865 850 862
f 866 864 856
f 866 860 864
f 866 865 860
f 866 856 865
o link3029
usemtl Material029
v -0.063680674 0.172951318 0.105120783
v -0.063680674 0.054259245 0.105120783
v -0.063680674 0.054259245 0.043400906
v -0.158634331 0.168203635 0.043400906
v -0.153886649 0.059006928 0.105120783
v -0.063680674 0.172951318 0.043400906
v -0.168129697 0.158708269 0.076634686
v -0.177625063 0.054259245 0.052896272
v -0.174816104 0.054260637 0.042756221
v -0.149138966 0.172951318 0.043400906
v -0.106409820 0.172951318 0.105120783
v -0.150876408 0.053253261 0.105120904
v -0.177625063 0.139717537 0.043400906
v -0.172877380 0.054259245 0.067139320
v -0.149138966 0.172951318 0.067139320
v -0.149138966 0.163455952 0.086130052
v -0.177625063 0.139717537 0.052896272
v -0.172877380 0.153960586 0.043400906
v -0.158634331 0.168203635 0.062391637
v -0.149138966 0.073249977 0.105120783
v -0.144391283 0.172951318 0.076634686
v -0.172877380 0.153960586 0.067139320
v -0.153886649 0.168203635 0.076634686
v -0.139643600 0.163455952 0.090877735
v -0.144391283 0.168203635 0.086130052
v -0.125400551 0.172951318 0.095625418
f 867 868 869
f 872 867 869
f 875 872 869
f 876 867 872
f 876 875 870
f 876 872 875
f 877 867 876
f 878 869 868
f 878 868 867
f 878 867 877
f 878 875 869
f 878 874 875
f 879 875 874
f 880 871 873
f 880 878 871
f 880 874 878
f 881 876 870
f 881 877 876
f 883 879 874
f 883 874 880
f 884 873 870
f 884 870 875
f 884 875 879
f 884 879 883
f 885 881 870
f 885 870 873
f 886 882 873
f 886 873 871
f 886 878 877
f 886 871 878
f 887 877 881
f 888 883 880
f 888 880 873
f 888 884 883
f 888 873 884
f 889 885 873
f 889 881 885
f 889 887 881
f 890 886 877
f 890 877 882
f 890 882 886
f 891 889 873
f 891 873 882
f 891 887 889
f 892 891 882
f 892 882 877
f 892 877 887
f 892 887 891
o link3030
usemtl Material030
v 0.151368121 -0.064432681 0.051765619
v 0.159460423 -0.178377217 0.043400906
v 0.159460423 -0.064432827 -0.042057386
v 0.130974325 -0.064432827 -0.051552752
v 0.130974325 -0.176599994 0.052896272
v 0.151546343 -0.176599994 -0.050654371
v 0.151674300 -0.064411600 -0.050573744
v 0.164208105 -0.064432827 0.014914808
v 0.151193554 -0.176599994 0.051897796
v 0.130974325 -0.064432827 0.052896272
v 0.164208105 -0.154638802 -0.032562021
v 0.130974325 -0.176599994 -0.051552752
v 0.159460423 -0.178377217 -0.042057386
v 0.159460423 -0.064432827 0.043400906
v 0.157499999 -0.190599993 0.002500000
v 0.164208105 -0.159386485 0.029157857
v 0.164208105 -0.064432827 -0.013571289
v 0.152500004 -0.190599993 -0.002500000
v 0.164208105 -0.178377217 0.014914808
v 0.164208105 -0.140395754 0.029157857
v 0.164208105 -0.140395754 -0.032562021
v 0.152500004 -0.190599993 0.002500000
v 0.157499999 -0.190599993 -0.002500000
v 0.164208105 -0.178377217 -0.013571289
f 899 898 896
f 901 894 893
f 902 899 896
f 902 893 899
f 902 901 893
f 902 897 901
f 904 896 898
f 904 902 896
f 904 897 902
f 905 899 895
f 905 898 899
f 905 895 903
f 906 893 894
f 906 900 899
f 906 899 893
f 907 901 897
f 907 894 901
f 908 903 900
f 908 906 894
f 909 900 903
f 909 895 899
f 909 899 900
f 911 908 894
f 911 894 907
f 911 903 908
f 912 908 900
f 912 900 906
f 912 906 908
f 913 909 903
f 913 903 895
f 913 895 909
f 914 910 907
f 914 907 897
f 914 897 904
f 914 904 910
f 915 910 904
f 915 904 898
f 915 898 905
f 915 907 910
f 915 911 907
f 916 905 903
f 916 903 911
f 916 915 905
f 916 911 915
o link3031
usemtl Material031
v -0.062541651 0.147320663 0.161923312
v -0.063680674 0.054259245 0.162092978
v -0.063680674 0.054259245 0.105120783
v -0.096536439 0.149212901 0.104310132
v -0.153886649 0.059006928 0.162092978
v -0.063680674 0.149212903 0.105120783
v -0.073176039 0.149212903 0.162092978
v -0.150912990 0.053150598 0.162092890
v -0.153886649 0.059006928 0.105120783
v -0.134895917 0.096988391 0.162092978
v -0.150876408 0.053253261 0.105120904
v -0.096914454 0.134969854 0.162092978
v -0.144391283 0.082745343 0.147849930
v -0.096914454 0.149212903 0.109868466
v -0.149138966 0.073249977 0.119363832
v -0.134895917 0.096988391 0.105120783
v -0.144391283 0.082745343 0.105120783
v -0.149138966 0.073249977 0.105120783
f 917 918 919
f 922 917 919
f 922 919 920
f 923 921 918
f 923 918 917
f 923 917 922
f 924 919 918
f 924 918 921
f 925 924 921
f 926 921 923
f 927 925 920
f 927 920 919
f 927 919 924
f 927 924 925
f 928 926 923
f 929 921 926
f 930 928 923
f 930 926 928
f 930 923 922
f 930 922 920
f 931 925 921
f 931 921 929
f 932 929 926
f 932 926 930
f 932 930 920
f 933 931 929
f 933 929 932
f 933 932 920
f 934 925 931
f 934 931 933
f 934 933 920
f 934 920 925
o link3032
usemtl Material032
v 0.083497496 -0.130900388 0.223812856
v 0.083497496 -0.137456402 0.223812856
v 0.083497496 -0.130900388 0.166840661
v 0.012282253 -0.130900388 0.166840661
v 0.012122826 -0.159354472 0.223938267
v 0.068192309 -0.179786873 0.225940103
v 0.012282253 -0.130900388 0.223812856
v 0.069254448 -0.183124900 0.219065173
v 0.011543896 -0.173629530 0.209399336
v 0.046007916 -0.186587818 0.225650843
v 0.045516033 -0.159386485 0.166840661
v 0.053896710 -0.184401701 0.225880201
v 0.012282683 -0.157909567 0.166620908
v 0.074002130 -0.149891119 0.166840661
v 0.055011399 -0.187872583 0.219065173
v 0.081509135 -0.136922793 0.166687999
v 0.045516033 -0.187872583 0.219065173
f 935 936 937
f 935 937 938
f 940 936 935
f 941 935 938
f 941 940 935
f 942 937 936
f 942 936 940
f 943 941 938
f 943 939 941
f 944 941 939
f 944 939 943
f 946 940 941
f 946 941 944
f 947 943 938
f 948 942 945
f 948 945 947
f 949 945 942
f 949 946 944
f 949 942 940
f 949 940 946
f 950 947 938
f 950 938 937
f 950 948 947
f 950 937 942
f 950 942 948
f 951 947 945
f 951 945 949
f 951 943 947
f 951 949 944
f 951 944 943
o link3033
usemtl Material033
v -0.043399759 0.200773618 0.105120682
v -0.044689942 0.172951318 0.105120783
v -0.044689942 0.172951318 -0.008823606
v -0.063680674 0.177699000 -0.018318972
v -0.139643600 0.177699000 0.071887003
v -0.044689942 0.215680464 0.010167126
v -0.101662137 0.177699000 0.105120783
v -0.137912015 0.169921385 0.013230703
v -0.043936677 0.196288827 -0.008789961
v -0.058932991 0.215680464 0.062391637
v -0.062855638 0.170610463 -0.015480967
v -0.138578587 0.170031371 0.073108227
v -0.139643600 0.177699000 0.010167126
v -0.058932991 0.177699000 -0.018318972
v -0.044689942 0.215680464 0.071887003
v -0.068428356 0.206185098 0.081382369
v -0.111157502 0.177699000 0.100373101
v -0.099931072 0.171424708 0.101997775
v -0.081613901 0.170127623 -0.010195893
v -0.092166771 0.201437415 0.010167126
v -0.049437625 0.196689732 -0.008823606
v -0.057662618 0.171331498 -0.016834282
v -0.049437625 0.215680464 0.071887003
v -0.073176039 0.210932781 0.062391637
v -0.092166771 0.196689732 0.081382369
v -0.049437625 0.201437415 0.105120783
v -0.109219257 0.170657221 0.097102416
v -0.120652868 0.177699000 0.000671760
v -0.082671405 0.177699000 -0.013571289
v -0.058932991 0.215680464 0.014914808
v -0.054185308 0.215680464 0.010167126
v -0.096914454 0.201437415 0.024410174
v -0.106409820 0.191942049 0.076634686
v -0.073176039 0.206185098 0.076634686
v -0.082671405 0.187194366 0.105120783
v -0.092166771 0.191942049 0.090877735
v -0.119336709 0.169978359 0.003964286
v -0.096914454 0.177699000 -0.008823606
v -0.068428356 0.210932781 0.010167126
v -0.134895917 0.182446683 0.014914808
v -0.134895917 0.182446683 0.057643954
v -0.096914454 0.201437415 0.014914808
v -0.130148234 0.182446683 0.071887003
v -0.068428356 0.201437415 0.090877735
v -0.101662137 0.182446683 0.100373101
v -0.111157502 0.182446683 0.000671760
v -0.095731654 0.170095910 -0.005514519
v -0.087419088 0.187194366 -0.004075923
v -0.073176039 0.210932781 0.014914808
f 952 953 954
f 960 957 952
f 960 952 954
f 962 954 953
f 964 963 956
f 964 959 963
f 965 960 954
f 966 952 957
f 966 957 961
f 968 956 963
f 969 953 958
f 972 965 955
f 972 960 965
f 972 957 960
f 973 962 955
f 973 955 965
f 973 965 954
f 973 954 962
f 974 966 961
f 975 974 961
f 975 967 974
f 977 974 967
f 977 952 966
f 977 966 974
f 977 958 953
f 977 953 952
f 978 968 963
f 978 963 970
f 978 953 969
f 978 970 962
f 978 962 953
f 978 969 958
f 978 958 968
f 979 959 964
f 979 964 971
f 980 955 962
f 980 962 970
f 980 972 955
f 981 961 957
f 981 975 961
f 982 957 972
f 982 981 957
f 984 976 975
f 984 956 968
f 985 976 967
f 985 967 975
f 985 975 976
f 986 968 958
f 986 958 977
f 987 967 976
f 987 984 968
f 987 976 984
f 988 959 979
f 988 970 963
f 988 963 959
f 989 972 980
f 989 988 979
f 990 982 972
f 991 964 956
f 992 975 983
f 992 991 956
f 992 983 991
f 993 991 983
f 993 971 964
f 993 964 991
f 993 990 971
f 993 983 975
f 994 984 975
f 994 956 984
f 994 992 956
f 994 975 992
f 995 987 977
f 995 977 967
f 995 967 987
f 996 986 977
f 996 977 987
f 996 987 968
f 996 968 986
f 997 989 979
f 997 979 971
f 997 971 989
f 998 989 980
f 998 980 970
f 998 970 988
f 998 988 989
f 999 989 971
f 999 971 990
f 999 990 972
f 999 972 989
f 1000 990 993
f 1000 981 982
f 1000 982 990
f 1000 993 975
f 1000 975 981
o link3034
usemtl Material034
v 0.105904029 -0.119887829 0.143186619
v 0.111619503 -0.176599994 0.114218534
v 0.111800221 -0.121404133 0.114421841
v 0.055011399 -0.121405022 0.114616149
v 0.055011399 -0.176599994 0.143102247
v 0.107235911 -0.126152705 0.143102247
v 0.055011399 -0.121405022 0.143102247
v 0.055011399 -0.176599994 0.114616149
v 0.083497496 -0.178377217 0.143102247
v 0.097740545 -0.178377217 0.133606881
f 1001 1003 1004
f 1003 1002 1004
f 1006 1002 1003
f 1006 1003 1001
f 1007 1005 1001
f 1007 1001 1004
f 1007 1004 1005
f 1008 1005 1004
f 1008 1004 1002
f 1009 1005 1008
f 1009 1006 1001
f 1009 1001 1005
f 1010 1002 1006
f 1010 1006 1009
f 1010 1009 1008
f 1010 1008 1002
o link3035
usemtl Material035
v 0.244918715 0.225175829 0.043400906
v 0.254414080 0.187194366 0.043400906
v 0.235423349 0.220428146 -0.070543484
v 0.040768350 0.239418878 -0.070543484
v 0.040768350 0.177699000 0.043400906
v 0.221180300 0.239418878 -0.065795801
v 0.254414080 0.210932781 0.010167126
v 0.214301507 0.239502067 0.043897599
v 0.230675666 0.177699000 -0.070543484
v 0.213468420 0.237004649 -0.070256376
v 0.254414080 0.210932781 0.043400906
v 0.249666398 0.220428146 0.029157857
v 0.249666398 0.215680464 -0.004075923
v 0.249666398 0.177699000 0.043400906
v 0.040768350 0.239418878 0.043400906
v 0.225927983 0.239418878 0.000671760
v 0.254414080 0.187194366 0.014914808
v 0.040768350 0.177699000 -0.070543484
v 0.249666398 0.220428146 0.038653223
v 0.240171032 0.215680464 -0.061048118
v 0.240171032 0.220428146 -0.042057386
v 0.240171032 0.229923512 0.043400906
v 0.249666398 0.177699000 0.005419443
v 0.254414080 0.196689732 0.005419443
v 0.235423349 0.191942049 -0.070543484
v 0.225927983 0.239418878 -0.023066655
v 0.254414080 0.206185098 0.005419443
v 0.240171032 0.201437415 -0.061048118
v 0.235423349 0.187194366 -0.065795801
v 0.240171032 0.229923512 0.038653223
v 0.249666398 0.206185098 -0.018318972
v 0.249666398 0.201437415 -0.018318972
f 1018 1016 1014
f 1019 1014 1013
f 1020 1016 1013
f 1020 1013 1014
f 1020 1014 1016
f 1021 1012 1017
f 1021 1018 1012
f 1021 1011 1018
f 1022 1021 1017
f 1023 1022 1017
f 1023 1016 1022
f 1024 1018 1015
f 1024 1012 1018
f 1024 1015 1019
f 1025 1018 1014
f 1025 1014 1015
f 1025 1015 1018
f 1027 1017 1012
f 1027 1012 1024
f 1028 1019 1015
f 1028 1015 1014
f 1028 1014 1019
f 1029 1022 1011
f 1029 1011 1021
f 1029 1021 1022
f 1030 1023 1017
f 1031 1013 1016
f 1031 1016 1023
f 1031 1030 1013
f 1031 1023 1030
f 1032 1026 1018
f 1032 1018 1011
f 1032 1011 1022
f 1033 1027 1024
f 1033 1024 1019
f 1034 1017 1027
f 1035 1019 1013
f 1035 1013 1030
f 1036 1022 1016
f 1036 1026 1032
f 1036 1016 1018
f 1036 1018 1026
f 1037 1030 1017
f 1037 1017 1034
f 1038 1035 1030
f 1038 1034 1027
f 1039 1033 1019
f 1039 1019 1035
f 1039 1035 1038
f 1039 1038 1027
f 1039 1027 1033
f 1040 1036 1032
f 1040 1032 1022
f 1040 1022 1036
f 1041 1037 1034
f 1041 1030 1037
f 1041 1038 1030
f 1042 1041 1034
f 1042 1034 1038
f 1042 1038 1041
o link3036
usemtl Material036
v 0.150114425 0.288304310 0.160792856
v 0.149965057 0.244166561 0.162092978
v 0.149965057 0.244166561 0.043400906
v 0.041927297 0.277828257 0.043506617
v 0.040768350 0.277400341 0.162092978
v 0.149881166 0.295004027 0.043298248
v 0.111983594 0.291643390 0.162092978
v 0.040768350 0.244166561 0.162092978
v 0.149999497 0.295011404 0.043443051
v 0.040768350 0.244166561 0.043400906
v 0.097740545 0.296391073 0.081382369
v 0.140469691 0.301138756 0.138354564
v 0.055011399 0.286895707 0.043400906
v 0.040768350 0.282148024 0.147849930
v 0.126226642 0.296391073 0.152597612
v 0.149965057 0.301138756 0.090877735
v 0.107235911 0.296391073 0.043400906
v 0.045516033 0.286895707 0.124111515
v 0.064506765 0.286895707 0.152597612
v 0.149660930 0.298292407 0.130841982
v 0.126226642 0.301138756 0.128859198
v 0.074002130 0.291643390 0.048148589
v 0.050263716 0.286895707 0.071887003
v 0.050263716 0.282148024 0.157345295
v 0.092992862 0.296391073 0.138354564
v 0.150067976 0.292132412 0.150952672
v 0.102488228 0.296391073 0.057643954
v 0.145217374 0.301138756 0.090877735
v 0.078749813 0.291643390 0.043400906
v 0.069254448 0.291643390 0.086130052
v 0.045516033 0.286895707 0.138354564
v 0.083497496 0.286895707 0.162092978
v 0.097740545 0.291643390 0.157345295
v 0.126226642 0.301138756 0.138354564
v 0.092992862 0.296391073 0.133606881
v 0.074002130 0.291643390 0.143102247
v 0.059759082 0.282148024 0.162092978
v 0.088245179 0.291643390 0.152597612
f 1043 1044 1045
f 1049 1047 1044
f 1049 1044 1043
f 1050 1045 1044
f 1050 1044 1047
f 1051 1043 1045
f 1051 1045 1048
f 1052 1048 1045
f 1052 1045 1050
f 1052 1050 1047
f 1055 1052 1046
f 1055 1048 1052
f 1056 1052 1047
f 1056 1046 1052
f 1057 1049 1043
f 1057 1043 1054
f 1058 1043 1051
f 1058 1051 1048
f 1059 1058 1048
f 1060 1046 1056
f 1062 1058 1054
f 1063 1054 1058
f 1065 1055 1046
f 1065 1046 1060
f 1065 1064 1055
f 1068 1062 1054
f 1068 1054 1043
f 1068 1043 1058
f 1068 1058 1062
f 1069 1063 1059
f 1069 1053 1063
f 1069 1064 1053
f 1069 1059 1064
f 1070 1063 1058
f 1070 1058 1059
f 1070 1059 1063
f 1071 1064 1059
f 1071 1055 1064
f 1071 1059 1048
f 1071 1048 1055
f 1072 1065 1060
f 1072 1064 1065
f 1072 1053 1064
f 1073 1066 1061
f 1073 1056 1047
f 1073 1047 1066
f 1073 1067 1060
f 1073 1060 1056
f 1074 1047 1049
f 1074 1061 1066
f 1075 1049 1057
f 1075 1074 1049
f 1076 1057 1054
f 1076 1054 1063
f 1076 1063 1067
f 1076 1075 1057
f 1077 1067 1063
f 1077 1063 1053
f 1077 1053 1072
f 1077 1072 1060
f 1077 1060 1067
f 1078 1073 1061
f 1078 1067 1073
f 1079 1074 1066
f 1079 1066 1047
f 1079 1047 1074
f 1080 1067 1078
f 1080 1076 1067
f 1080 1075 1076
f 1080 1078 1061
f 1080 1061 1074
f 1080 1074 1075
o link3037
usemtl Material037
v 0.187946520 0.267904975 0.185831393
v 0.187927662 0.244072786 0.185299569
v 0.185437779 0.275295265 0.160855827
v 0.031272984 0.272652658 0.162092978
v 0.040765675 0.244153259 0.190503634
v 0.187946520 0.244166561 0.162092978
v 0.130974325 0.291643390 0.166840661
v 0.173703471 0.248914244 0.190579076
v 0.070117982 0.277975769 0.160431195
v 0.040768350 0.244166561 0.162092978
v 0.187946520 0.277400341 0.171588344
v 0.055011399 0.267904975 0.190579076
v 0.173538886 0.243348138 0.185937562
v 0.178451154 0.291643390 0.162092978
v 0.130974325 0.291643390 0.162092978
v 0.031895214 0.265873321 0.166013411
v 0.031425170 0.267408070 0.161890648
v 0.173703471 0.286895707 0.181083710
v 0.168955788 0.277400341 0.185831393
v 0.040768350 0.263157293 0.190579076
v 0.069254448 0.282148024 0.166840661
v 0.093725171 0.282531454 0.160374438
v 0.183198837 0.286895707 0.162092978
v 0.031272984 0.272652658 0.166840661
v 0.097740545 0.282148024 0.181083710
v 0.178451154 0.291643390 0.166840661
v 0.078749813 0.267904975 0.190579076
v 0.092992862 0.286895707 0.166840661
v 0.040768350 0.267904975 0.185831393
v 0.145217374 0.286895707 0.181083710
v 0.183198837 0.286895707 0.166840661
v 0.050263716 0.272652658 0.181083710
v 0.121478959 0.286895707 0.176336027
v 0.083497496 0.277400341 0.185831393
v 0.187946520 0.272652658 0.181083710
v 0.178451154 0.286895707 0.176336027
v 0.055011399 0.277400341 0.171588344
v 0.036020667 0.272652658 0.171588344
v 0.059759082 0.272652658 0.185831393
f 1086 1081 1082
f 1088 1082 1081
f 1089 1083 1086
f 1090 1089 1086
f 1091 1086 1083
f 1091 1081 1086
f 1093 1088 1085
f 1093 1082 1088
f 1093 1085 1090
f 1093 1090 1086
f 1093 1086 1082
f 1095 1087 1094
f 1096 1090 1085
f 1097 1084 1089
f 1097 1089 1090
f 1097 1090 1096
f 1099 1088 1081
f 1099 1081 1098
f 1100 1085 1088
f 1100 1088 1092
f 1102 1094 1083
f 1102 1083 1089
f 1102 1095 1094
f 1102 1089 1084
f 1102 1084 1095
f 1103 1091 1083
f 1103 1083 1094
f 1104 1097 1096
f 1104 1084 1097
f 1104 1096 1085
f 1104 1085 1100
f 1104 1101 1084
f 1106 1094 1087
f 1106 1087 1098
f 1106 1103 1094
f 1107 1092 1088
f 1107 1088 1099
f 1107 1099 1098
f 1107 1098 1092
f 1108 1095 1084
f 1108 1084 1101
f 1108 1087 1095
f 1109 1104 1100
f 1109 1100 1092
f 1110 1098 1087
f 1110 1092 1098
f 1111 1091 1103
f 1111 1103 1106
f 1113 1110 1087
f 1113 1105 1110
f 1113 1108 1105
f 1113 1087 1108
f 1114 1110 1105
f 1114 1092 1110
f 1114 1105 1108
f 1115 1081 1091
f 1115 1091 1111
f 1115 1098 1081
f 1116 1111 1106
f 1116 1106 1098
f 1116 1115 1111
f 1116 1098 1115
f 1117 1101 1104
f 1117 1112 1108
f 1117 1108 1101
f 1118 1104 1109
f 1118 1109 1112
f 1118 1117 1104
f 1118 1112 1117
f 1119 1112 1109
f 1119 1109 1092
f 1119 1092 1114
f 1119 1114 1108
f 1119 1108 1112
o link3038
usemtl Material038
v 0.102488228 0.054259245 0.052896272
v 0.102488228 -0.064432827 0.052896272
v 0.102488228 0.054259245 -0.193983239
v 0.012282253 0.054259245 -0.193983239
v 0.007534570 -0.064432827 0.052896272
v 0.007534570 -0.064432827 -0.170244824
v 0.007534570 0.054259245 0.052896272
v 0.102488228 -0.059685144 -0.174992507
v 0.007589209 0.054261624 -0.188671238
v 0.059759082 -0.064432827 -0.170244824
v 0.050263716 -0.035946730 -0.193983239
v 0.007534570 0.016277782 -0.193983239
v 0.102426741 -0.061167801 -0.162757460
v 0.078749813 -0.050189779 -0.184487873
v 0.007534570 0.035268514 -0.193983239
v 0.007534570 -0.050189779 -0.179740190
v 0.031272984 -0.054937461 -0.179740190
v 0.097740545 -0.035946730 -0.193983239
v 0.040768350 -0.026451364 -0.193983239
v 0.007534570 -0.059685144 -0.174992507
v 0.102488228 -0.050189779 -0.184487873
v 0.102488228 0.016277782 -0.193983239
v 0.102485060 -0.038316163 -0.186405259
f 1120 1121 1122
f 1124 1121 1120
f 1125 1121 1124
f 1126 1124 1120
f 1126 1125 1124
f 1127 1122 1121
f 1128 1126 1120
f 1128 1120 1122
f 1128 1122 1123
f 1129 1121 1125
f 1130 1123 1122
f 1131 1125 1126
f 1131 1123 1130
f 1132 1129 1127
f 1132 1127 1121
f 1132 1121 1129
f 1134 1128 1123
f 1134 1123 1131
f 1134 1131 1126
f 1134 1126 1128
f 1135 1125 1131
f 1136 1130 1133
f 1136 1129 1125
f 1136 1127 1129
f 1137 1133 1130
f 1137 1130 1122
f 1138 1135 1131
f 1138 1131 1130
f 1138 1130 1135
f 1139 1135 1130
f 1139 1130 1136
f 1139 1136 1125
f 1139 1125 1135
f 1140 1122 1127
f 1140 1133 1137
f 1140 1136 1133
f 1140 1127 1136
f 1141 1137 1122
f 1141 1122 1140
f 1142 1141 1140
f 1142 1140 1137
f 1142 1137 1141
o link3039
usemtl Material039
v -0.120652868 0.002034733 -0.065795801
v -0.120652868 -0.116657339 -0.065795801
v -0.118620546 -0.104676785 -0.109903126
v -0.125400551 -0.083423559 -0.113272630
v -0.139643600 0.002034733 -0.065795801
v -0.139643600 -0.116657339 -0.089534215
v -0.118308096 -0.031661550 -0.093254494
v -0.118923038 -0.116656653 -0.106942125
v -0.139643600 0.002034733 -0.080038849
v -0.139643600 -0.116657339 -0.065795801
v -0.118917036 -0.083689514 -0.112515119
v -0.119563085 0.001775043 -0.077711456
v -0.125400551 -0.107161973 -0.113272630
v -0.130148234 -0.102414290 -0.108524947
v -0.125400551 -0.054937461 -0.103777264
v -0.125400551 -0.031199047 -0.094281898
v -0.125400551 -0.116657339 -0.108524947
v -0.139643600 -0.111909656 -0.089534215
v -0.134895917 -0.116657339 -0.099029581
v -0.118683048 -0.055319789 -0.102908722
v -0.130148234 -0.107161973 -0.108524947
f 1147 1144 1143
f 1149 1144 1145
f 1150 1145 1144
f 1151 1148 1147
f 1151 1147 1143
f 1152 1148 1144
f 1152 1144 1147
f 1152 1147 1148
f 1153 1149 1145
f 1154 1143 1144
f 1154 1144 1149
f 1154 1151 1143
f 1155 1145 1150
f 1155 1153 1145
f 1155 1146 1153
f 1156 1151 1146
f 1156 1146 1155
f 1157 1146 1151
f 1157 1153 1146
f 1158 1154 1149
f 1158 1151 1154
f 1158 1157 1151
f 1159 1155 1150
f 1159 1150 1144
f 1159 1144 1148
f 1160 1156 1148
f 1160 1148 1151
f 1160 1151 1156
f 1161 1159 1148
f 1162 1149 1153
f 1162 1153 1157
f 1162 1158 1149
f 1162 1157 1158
f 1163 1156 1155
f 1163 1155 1159
f 1163 1159 1161
f 1163 1161 1148
f 1163 1148 1156
o link3040
usemtl Material040
v 0.230675666 0.206185098 0.195326758
v 0.244918715 0.191942049 0.171588344
v 0.216432617 0.244166561 0.166840661
v 0.097740545 0.244166561 0.166840661
v 0.097716140 0.182325325 0.199386186
v 0.236343105 0.184227685 0.164835824
v 0.197441886 0.244166561 0.190579076
v 0.244918715 0.210932781 0.171588344
v 0.097740545 0.182446683 0.166840661
v 0.225927983 0.182446683 0.195326758
v 0.216432617 0.239418878 0.181083710
v 0.121478959 0.206185098 0.200074441
v 0.235423349 0.191942049 0.190579076
v 0.244918715 0.210932781 0.166840661
v 0.097668481 0.243808212 0.188546773
v 0.240171032 0.182446683 0.171588344
v 0.206937252 0.239418878 0.190579076
v 0.211684934 0.244166561 0.181083710
v 0.221180300 0.239418878 0.171588344
v 0.235423349 0.210932781 0.190579076
v 0.211684934 0.187194366 0.200074441
v 0.230675666 0.187194366 0.195326758
v 0.221180300 0.239418878 0.166840661
v 0.244918715 0.191942049 0.166840661
v 0.097740545 0.234671195 0.195326758
v 0.183198837 0.244166561 0.190579076
v 0.211521750 0.181635210 0.195472356
v 0.225927983 0.210932781 0.195326758
v 0.206937252 0.244166561 0.185831393
v 0.216432617 0.244166561 0.171588344
v 0.192694203 0.191942049 0.200074441
v 0.097740545 0.206185098 0.200074441
v 0.230675666 0.182446683 0.190579076
v 0.111983594 0.234671195 0.195326758
v 0.206937252 0.215680464 0.195326758
f 1169 1167 1166
f 1170 1166 1167
f 1172 1167 1169
f 1176 1165 1171
f 1177 1171 1165
f 1178 1172 1168
f 1178 1167 1172
f 1179 1165 1176
f 1179 1172 1169
f 1181 1166 1170
f 1181 1180 1174
f 1182 1174 1171
f 1182 1171 1177
f 1183 1171 1174
f 1183 1176 1171
f 1183 1164 1176
f 1183 1174 1180
f 1185 1176 1164
f 1185 1184 1173
f 1185 1164 1184
f 1186 1177 1169
f 1186 1169 1166
f 1186 1182 1177
f 1186 1166 1182
f 1187 1177 1165
f 1187 1169 1177
f 1187 1179 1169
f 1187 1165 1179
f 1189 1170 1167
f 1189 1167 1178
f 1189 1188 1170
f 1189 1178 1188
f 1190 1168 1172
f 1190 1172 1179
f 1190 1184 1168
f 1190 1173 1184
f 1191 1180 1170
f 1191 1183 1180
f 1191 1164 1183
f 1191 1184 1164
f 1192 1181 1170
f 1192 1170 1180
f 1192 1180 1181
f 1193 1182 1166
f 1193 1166 1181
f 1193 1181 1174
f 1193 1174 1182
f 1194 1175 1184
f 1194 1184 1191
f 1195 1184 1175
f 1195 1168 1184
f 1195 1175 1188
f 1195 1188 1178
f 1195 1178 1168
f 1196 1185 1173
f 1196 1179 1176
f 1196 1176 1185
f 1196 1190 1179
f 1196 1173 1190
f 1197 1188 1175
f 1197 1170 1188
f 1197 1175 1194
f 1198 1194 1191
f 1198 1191 1170
f 1198 1197 1194
f 1198 1170 1197
o link3041
usemtl Material041
v 0.040768350 0.248914244 0.195326758
v 0.040736526 0.168045378 0.203924609
v 0.040768350 0.168203635 0.162092978
v -0.006708479 0.258409610 0.162092978
v -0.035194576 0.172951318 0.204822124
v 0.040288233 0.269651449 0.162796175
v 0.040768350 0.191942049 0.204822124
v 0.007534570 0.248914244 0.195326758
v -0.051822331 0.167102569 0.160892212
v 0.040768350 0.267904975 0.181083710
v 0.018414163 0.263890965 0.160420252
v 0.017029936 0.168203635 0.209569807
v -0.006708479 0.248914244 0.181083710
v 0.031272984 0.263157293 0.190579076
v 0.017029936 0.267904975 0.166840661
v -0.050322851 0.171151546 0.160130238
v -0.016038855 0.167383241 0.204917120
v -0.016203845 0.172951318 0.209569807
v 0.017029936 0.172951318 0.209569807
v -0.006708479 0.258409610 0.166840661
v -0.006708479 0.234671195 0.195326758
v 0.040768350 0.263157293 0.190579076
v 0.026525302 0.267904975 0.176336027
v 0.002786887 0.263157293 0.162092978
v -0.011456162 0.253661927 0.162092978
v -0.054185308 0.172951318 0.166840661
v -0.035194576 0.168203635 0.204822124
v -0.020951527 0.196689732 0.204822124
v -0.011456162 0.201437415 0.204822124
v 0.031272984 0.196689732 0.204822124
v 0.007534570 0.253661927 0.190579076
v -0.020951527 0.206185098 0.200074441
v 0.036020667 0.267904975 0.181083710
v 0.002786887 0.263157293 0.166840661
v -0.025699210 0.229923512 0.166840661
v -0.025699210 0.229923512 0.162092978
v -0.054185308 0.168203635 0.166840661
v -0.030446893 0.182446683 0.204822124
v -0.011456162 0.220428146 0.200074441
v -0.006708479 0.225175829 0.200074441
v 0.007534570 0.201437415 0.204822124
v -0.001960796 0.253661927 0.181083710
v 0.017029936 0.258409610 0.190579076
v -0.011456162 0.253661927 0.166840661
v -0.020951527 0.220428146 0.185831393
v 0.026525302 0.225175829 0.200074441
v 0.017029936 0.263157293 0.181083710
f 1205 1200 1201
f 1205 1201 1199
f 1207 1201 1200
f 1208 1199 1201
f 1208 1201 1204
f 1209 1204 1201
f 1210 1200 1205
f 1212 1206 1199
f 1214 1209 1201
f 1214 1201 1207
f 1215 1207 1200
f 1215 1200 1210
f 1217 1210 1205
f 1217 1216 1210
f 1219 1206 1211
f 1220 1212 1199
f 1220 1199 1208
f 1220 1208 1212
f 1221 1204 1213
f 1222 1209 1202
f 1222 1202 1218
f 1222 1213 1204
f 1222 1204 1209
f 1223 1202 1209
f 1223 1209 1214
f 1223 1218 1202
f 1224 1214 1207
f 1225 1207 1215
f 1225 1203 1224
f 1225 1216 1203
f 1225 1215 1210
f 1225 1210 1216
f 1227 1199 1206
f 1227 1226 1216
f 1227 1216 1217
f 1228 1217 1205
f 1228 1205 1199
f 1228 1199 1217
f 1229 1211 1206
f 1230 1219 1211
f 1231 1208 1204
f 1231 1204 1221
f 1231 1221 1212
f 1231 1212 1208
f 1232 1222 1218
f 1232 1213 1222
f 1233 1224 1203
f 1234 1223 1214
f 1234 1214 1224
f 1234 1233 1223
f 1234 1224 1233
f 1235 1225 1224
f 1235 1224 1207
f 1235 1207 1225
f 1236 1203 1216
f 1236 1216 1226
f 1236 1233 1203
f 1236 1230 1233
f 1237 1219 1230
f 1237 1236 1226
f 1237 1230 1236
f 1238 1227 1206
f 1238 1226 1227
f 1238 1237 1226
f 1238 1206 1219
f 1238 1219 1237
f 1239 1227 1217
f 1239 1199 1227
f 1240 1229 1218
f 1240 1218 1211
f 1240 1211 1229
f 1241 1229 1206
f 1241 1206 1212
f 1241 1232 1218
f 1241 1218 1229
f 1242 1233 1211
f 1242 1211 1218
f 1242 1218 1223
f 1242 1223 1233
f 1243 1233 1230
f 1243 1230 1211
f 1243 1211 1233
f 1244 1239 1217
f 1244 1217 1199
f 1244 1199 1239
f 1245 1241 1212
f 1245 1212 1221
f 1245 1232 1241
f 1245 1221 1213
f 1245 1213 1232
o link3042
usemtl Material042
v 0.243896681 0.178175583 0.043400906
v 0.244918715 0.168203635 0.043400906
v 0.230675666 0.172951318 -0.065795801
v 0.145217374 0.177699000 -0.070543484
v 0.145217374 0.120726806 0.043400906
v 0.226392827 0.178827305 -0.064802388
v 0.244918715 0.177699000 -0.008823606
v 0.145217374 0.177699000 0.043400906
v 0.221180300 0.120726806 -0.051552752
v 0.224891608 0.177972031 -0.070303094
v 0.225927983 0.125474489 0.043400906
v 0.244918715 0.168203635 -0.004075923
v 0.145217374 0.120726806 -0.070543484
v 0.216432617 0.120726806 -0.070543484
v 0.217835214 0.122286646 0.043400905
v 0.225927983 0.125474489 -0.037309703
v 0.230675666 0.134969854 0.043400906
v 0.244918715 0.172951318 -0.008823606
v 0.225927983 0.158708269 -0.070543484
v 0.230675666 0.134969854 -0.027814338
f 1252 1246 1247
f 1252 1251 1246
f 1252 1248 1251
f 1253 1249 1250
f 1253 1251 1249
f 1253 1246 1251
f 1253 1250 1247
f 1253 1247 1246
f 1255 1251 1248
f 1255 1249 1251
f 1256 1247 1250
f 1257 1252 1247
f 1258 1254 1250
f 1258 1250 1249
f 1259 1254 1258
f 1259 1258 1249
f 1260 1256 1250
f 1260 1250 1254
f 1260 1254 1256
f 1261 1256 1254
f 1261 1254 1259
f 1262 1257 1247
f 1262 1247 1256
f 1262 1256 1261
f 1263 1248 1252
f 1263 1252 1257
f 1263 1257 1261
f 1264 1255 1248
f 1264 1261 1259
f 1264 1263 1261
f 1264 1248 1263
f 1264 1259 1249
f 1264 1249 1255
f 1265 1262 1261
f 1265 1261 1257
f 1265 1257 1262
o link3043
usemtl Material043
v 0.130974325 0.101736074 0.276037368
v 0.154712740 0.059006928 0.276037368
v 0.140469691 0.087493025 0.223812856
v 0.039815041 0.154950331 0.223812895
v 0.040768350 0.054259245 0.275799990
v 0.102488228 0.130222171 0.223812856
v 0.140469691 0.087493025 0.276037368
v 0.045516033 0.158708269 0.276037368
v 0.150976178 0.053084542 0.223497756
v 0.130974325 0.101736074 0.223812856
v 0.040003521 0.154814014 0.275799990
v 0.059759082 0.153960586 0.223812856
v 0.088245179 0.139717537 0.276037368
v 0.154712740 0.059006928 0.223812856
v 0.150844360 0.053164397 0.275799990
v 0.040768350 0.054259245 0.223812856
v 0.045516033 0.158708269 0.223812856
v 0.102488228 0.130222171 0.276037368
v 0.059759082 0.153960586 0.276037368
v 0.088245179 0.139717537 0.223812856
f 1272 1266 1267
f 1272 1267 1268
f 1272 1268 1266
f 1273 1270 1267
f 1273 1267 1266
f 1275 1271 1266
f 1275 1266 1268
f 1275 1274 1271
f 1275 1268 1274
f 1276 1273 1269
f 1276 1269 1270
f 1276 1270 1273
f 1278 1273 1266
f 1279 1274 1268
f 1279 1268 1267
f 1279 1267 1274
f 1280 1274 1267
f 1280 1267 1270
f 1280 1270 1274
f 1281 1274 1270
f 1281 1270 1269
f 1281 1269 1274
f 1282 1269 1273
f 1282 1273 1277
f 1282 1277 1274
f 1282 1274 1269
f 1283 1278 1266
f 1283 1266 1271
f 1283 1271 1278
f 1284 1278 1277
f 1284 1277 1273
f 1284 1273 1278
f 1285 1278 1271
f 1285 1277 1278
f 1285 1271 1274
f 1285 1274 1277
o link3044
usemtl Material044
v -0.043936677 0.196288827 -0.008789961
v -0.044689942 0.172951318 -0.008823606
v -0.042714921 0.195661497 -0.056230259
v -0.044373689 0.191780155 -0.070538459
v -0.059899403 0.175693298 -0.012147928
v -0.044689942 0.172951318 -0.070543484
v -0.058611476 0.181496711 -0.007702622
v -0.058932991 0.177699000 -0.051552752
v -0.055076439 0.171052198 -0.051401409
v -0.049437625 0.196689732 -0.056300435
v -0.053781997 0.172759411 -0.070534190
v -0.058932991 0.182446683 -0.013571289
v -0.046299056 0.188018095 -0.070569049
v -0.054185308 0.187194366 -0.056300435
v -0.049437625 0.196689732 -0.008823606
v -0.050099545 0.180502564 -0.070449329
f 1286 1287 1288
f 1291 1288 1287
f 1291 1289 1288
f 1292 1290 1287
f 1292 1287 1286
f 1294 1291 1287
f 1294 1287 1290
f 1294 1290 1293
f 1295 1286 1288
f 1295 1288 1289
f 1296 1294 1293
f 1296 1291 1294
f 1297 1293 1290
f 1297 1290 1292
f 1298 1289 1291
f 1298 1291 1296
f 1298 1295 1289
f 1299 1296 1293
f 1299 1295 1298
f 1299 1297 1295
f 1299 1293 1297
f 1300 1297 1292
f 1300 1292 1286
f 1300 1286 1295
f 1300 1295 1297
f 1301 1299 1298
f 1301 1298 1296
f 1301 1296 1299
o link3045
usemtl Material045
v 0.151532160 -0.116658152 -0.050650347
v 0.154712740 -0.178377217 -0.056300435
v 0.107235911 -0.116657339 -0.127515678
v 0.007472420 -0.116654632 -0.159709497
v 0.007534570 -0.176599994 -0.051552752
v 0.055011399 -0.178377217 -0.156001776
v 0.140469691 -0.116657339 -0.094281898
v 0.151546343 -0.176599994 -0.050654371
v 0.007534570 -0.116657339 -0.051552752
v 0.055011399 -0.116657339 -0.156001776
v 0.007463126 -0.176599994 -0.159553986
v 0.036020667 -0.178377217 -0.160749459
v 0.149965057 -0.116657339 -0.070543484
v 0.111983594 -0.178377217 -0.122767996
v 0.092992862 -0.178377217 -0.137011044
v 0.036020667 -0.116657339 -0.160749459
v 0.149965057 -0.178377217 -0.070543484
v 0.092992862 -0.116657339 -0.137011044
v 0.107235911 -0.145143436 -0.127515678
v 0.135722008 -0.178377217 -0.094281898
v 0.121478959 -0.178377217 -0.113272630
v 0.145217374 -0.178377217 -0.080038849
v 0.140469691 -0.121405022 -0.094281898
f 1308 1304 1305
f 1309 1306 1303
f 1309 1303 1302
f 1309 1302 1306
f 1310 1306 1302
f 1312 1310 1305
f 1312 1306 1310
f 1313 1307 1303
f 1313 1303 1306
f 1313 1306 1312
f 1313 1312 1305
f 1313 1311 1307
f 1314 1302 1303
f 1314 1308 1305
f 1314 1310 1302
f 1314 1305 1310
f 1315 1303 1307
f 1316 1307 1311
f 1316 1315 1307
f 1317 1313 1305
f 1317 1305 1311
f 1317 1311 1313
f 1318 1314 1303
f 1318 1308 1314
f 1318 1303 1315
f 1319 1316 1311
f 1319 1304 1316
f 1319 1311 1305
f 1319 1305 1304
f 1320 1316 1304
f 1320 1315 1316
f 1320 1304 1308
f 1321 1318 1315
f 1322 1321 1315
f 1323 1318 1321
f 1324 1321 1322
f 1324 1323 1321
f 1324 1308 1318
f 1324 1318 1323
f 1324 1322 1315
f 1324 1320 1308
f 1324 1315 1320
o link3046
usemtl Material046
v 0.178451154 0.291643390 -0.037309703
v 0.215608297 0.238691896 -0.037217216
v 0.216432617 0.244166561 -0.070543484
v 0.154712740 0.296391073 -0.070543484
v 0.149965057 0.239418878 -0.037309703
v 0.168955788 0.296391073 -0.070543484
v 0.211684934 0.253661927 -0.037309703
v 0.213201016 0.241422230 -0.036968173
v 0.150099246 0.292380060 -0.037174546
v 0.213468420 0.237004649 -0.070256376
v 0.178451154 0.291643390 -0.056300435
v 0.183198837 0.286895707 -0.037309703
v 0.149979879 0.291281556 -0.070532442
v 0.173703471 0.296391073 -0.037309703
v 0.192694203 0.272652658 -0.070543484
v 0.211684934 0.253661927 -0.042057386
v 0.149965057 0.296391073 -0.065795801
v 0.149965057 0.239418878 -0.070543484
v 0.173703471 0.296391073 -0.051552752
v 0.197441886 0.267904975 -0.065795801
v 0.183198837 0.286895707 -0.046805069
f 1330 1327 1328
f 1331 1326 1327
f 1332 1329 1326
f 1332 1326 1331
f 1333 1329 1332
f 1334 1327 1326
f 1334 1326 1329
f 1336 1332 1331
f 1336 1325 1332
f 1336 1335 1325
f 1338 1330 1328
f 1338 1325 1335
f 1338 1333 1332
f 1338 1332 1325
f 1339 1327 1330
f 1339 1330 1335
f 1340 1331 1327
f 1340 1336 1331
f 1341 1328 1337
f 1341 1338 1328
f 1341 1333 1338
f 1341 1329 1333
f 1342 1334 1329
f 1342 1341 1337
f 1342 1329 1341
f 1342 1327 1334
f 1342 1337 1328
f 1342 1328 1327
f 1343 1338 1335
f 1343 1335 1330
f 1343 1330 1338
f 1344 1339 1335
f 1344 1335 1340
f 1344 1340 1327
f 1344 1327 1339
f 1345 1340 1335
f 1345 1335 1336
f 1345 1336 1340
o link3047
usemtl Material047
v 0.007534570 -0.116657339 -0.065795801
v 0.007534570 -0.176599994 -0.065795801
v 0.007472420 -0.116654632 -0.159709497
v -0.035194576 -0.116657339 -0.160749459
v -0.149138966 -0.145143436 -0.070543484
v -0.035194576 -0.178377217 -0.160749459
v -0.146058019 -0.176599994 -0.064395462
v -0.144391283 -0.116657339 -0.065795801
v 0.007463126 -0.176599994 -0.159553986
v -0.106409820 -0.116657339 -0.127515678
v -0.149138966 -0.178377217 -0.070543484
v -0.146307389 -0.145116375 -0.064508804
v -0.068428356 -0.159386485 -0.151254093
v -0.139643600 -0.116657339 -0.089534215
v -0.068428356 -0.116657339 -0.151254093
v -0.054185308 -0.116657339 -0.156001776
v -0.106409820 -0.178377217 -0.127515678
v -0.143728365 -0.116723899 -0.076494955
v -0.077923722 -0.178377217 -0.146506410
v -0.054185308 -0.178377217 -0.156001776
v -0.130148234 -0.130900388 -0.103777264
v -0.077923722 -0.116657339 -0.146506410
v -0.130148234 -0.116657339 -0.103777264
v -0.139643600 -0.178377217 -0.089534215
v -0.125400551 -0.178377217 -0.108524947
f 1346 1347 1348
f 1351 1349 1348
f 1352 1347 1346
f 1353 1346 1348
f 1354 1351 1348
f 1354 1348 1347
f 1354 1347 1351
f 1356 1351 1347
f 1356 1347 1352
f 1357 1352 1346
f 1357 1346 1353
f 1357 1353 1350
f 1357 1356 1352
f 1357 1350 1356
f 1359 1353 1348
f 1359 1356 1350
f 1361 1349 1351
f 1361 1358 1360
f 1361 1360 1348
f 1361 1348 1349
f 1362 1351 1356
f 1363 1359 1350
f 1363 1350 1353
f 1363 1353 1359
f 1364 1360 1358
f 1364 1362 1355
f 1364 1351 1362
f 1365 1361 1351
f 1365 1358 1361
f 1365 1364 1358
f 1365 1351 1364
f 1366 1355 1362
f 1367 1364 1355
f 1367 1360 1364
f 1367 1355 1348
f 1367 1348 1360
f 1368 1366 1359
f 1368 1355 1366
f 1368 1359 1348
f 1368 1348 1355
f 1369 1362 1356
f 1369 1356 1359
f 1369 1359 1366
f 1370 1369 1366
f 1370 1366 1362
f 1370 1362 1369
o link3048
usemtl Material048
v -0.120652868 0.172951318 0.043400906
v -0.120652868 0.115979123 0.043400906
v -0.120035237 0.114270653 -0.044868100
v -0.125400551 0.120726806 -0.046805069
v -0.182372746 0.120726806 0.029157857
v -0.119336709 0.169978359 0.003964286
v -0.177625063 0.139717537 0.043400906
v -0.182372746 0.115979123 0.029157857
v -0.120652868 0.149212903 -0.023066655
v -0.149138966 0.172951318 0.014914808
v -0.138713020 0.113520705 -0.039417104
v -0.174857985 0.115979406 0.042706962
v -0.120652868 0.120726806 -0.046805069
v -0.158634331 0.168203635 0.043400906
v -0.130148234 0.172951318 0.000671760
v -0.177625063 0.139717537 0.033905540
v -0.124526108 0.113560267 -0.044062704
v -0.158634331 0.120726806 -0.023066655
v -0.149138966 0.172951318 0.043400906
v -0.125400551 0.149212903 -0.023066655
v -0.168129697 0.158708269 0.038653223
v -0.172877380 0.115979123 0.000671760
v -0.168129697 0.125474489 -0.004075923
v -0.139643600 0.120726806 -0.042057386
v -0.158634331 0.168203635 0.029157857
v -0.168129697 0.158708269 0.043400906
v -0.158634331 0.115979123 -0.023066655
v -0.182372746 0.115979123 0.024410174
v -0.153886649 0.149212903 -0.004075923
v -0.172877380 0.120726806 0.000671760
v -0.130148234 0.125474489 -0.042057386
v -0.144391283 0.130222171 -0.032562021
v -0.158634331 0.158708269 0.014914808
v -0.177625063 0.115979123 0.010167126
v -0.177625063 0.125474489 0.014914808
v -0.153886649 0.134969854 -0.018318972
v -0.139643600 0.172951318 0.005419443
v -0.149138966 0.125474489 -0.032562021
v -0.153886649 0.158708269 0.005419443
v -0.182372746 0.120726806 0.024410174
v -0.172877380 0.130222171 0.010167126
v -0.177625063 0.120726806 0.010167126
v -0.139643600 0.168203635 0.000671760
f 1376 1371 1372
f 1376 1372 1373
f 1377 1372 1371
f 1378 1377 1375
f 1382 1372 1377
f 1382 1377 1378
f 1382 1381 1372
f 1382 1378 1381
f 1383 1379 1376
f 1383 1376 1373
f 1383 1373 1374
f 1383 1374 1379
f 1384 1377 1371
f 1385 1380 1371
f 1385 1371 1376
f 1385 1376 1379
f 1386 1375 1377
f 1387 1373 1372
f 1387 1372 1381
f 1387 1381 1374
f 1387 1374 1373
f 1389 1384 1371
f 1389 1371 1380
f 1389 1380 1384
f 1390 1385 1379
f 1390 1379 1374
f 1391 1386 1377
f 1394 1374 1381
f 1395 1391 1384
f 1395 1384 1380
f 1396 1391 1377
f 1396 1377 1384
f 1396 1384 1391
f 1397 1392 1388
f 1397 1381 1392
f 1397 1394 1381
f 1397 1388 1394
f 1398 1381 1378
f 1398 1378 1375
f 1400 1393 1388
f 1400 1388 1392
f 1401 1390 1374
f 1401 1374 1394
f 1402 1385 1390
f 1402 1401 1394
f 1402 1390 1401
f 1403 1386 1391
f 1403 1391 1395
f 1403 1395 1380
f 1404 1392 1381
f 1404 1381 1398
f 1404 1400 1392
f 1405 1386 1403
f 1406 1388 1393
f 1406 1393 1399
f 1407 1380 1385
f 1408 1402 1394
f 1408 1394 1388
f 1408 1388 1406
f 1408 1406 1399
f 1408 1399 1402
f 1409 1399 1393
f 1409 1403 1380
f 1409 1380 1399
f 1410 1398 1375
f 1410 1375 1386
f 1410 1386 1405
f 1410 1404 1398
f 1411 1405 1403
f 1411 1393 1405
f 1411 1409 1393
f 1411 1403 1409
f 1412 1400 1404
f 1412 1410 1405
f 1412 1404 1410
f 1412 1405 1393
f 1412 1393 1400
f 1413 1407 1385
f 1413 1385 1402
f 1413 1402 1399
f 1413 1399 1380
f 1413 1380 1407
o link3049
usemtl Material049
v 0.083497496 -0.159386485 0.265799999
v 0.081694528 -0.170161511 0.265799999
v 0.083497496 -0.178377217 0.223812856
v -0.066995017 -0.159386258 0.222133802
v -0.066018176 -0.165854458 0.265799999
v 0.083497496 -0.159386485 0.227799997
v 0.082754518 -0.176513704 0.252000004
v 0.078749813 -0.178377217 0.266542002
v -0.048175798 -0.159245984 0.265799999
v -0.030446893 -0.197367948 0.228560539
v 0.078749813 -0.183124900 0.223812856
v -0.065869915 -0.159246917 0.248513839
v -0.063680674 -0.183124900 0.266542002
v 0.031272984 -0.197367948 0.252298953
v -0.020951527 -0.197367948 0.223812856
v -0.063680674 -0.187872583 0.223812856
v 0.069254448 -0.187872583 0.252298953
v -0.030446893 -0.197367948 0.252298953
v 0.021777619 -0.192620265 0.266542002
v 0.021777619 -0.197367948 0.223812856
v -0.049437625 -0.192620265 0.223812856
v 0.055011399 -0.192620265 0.228560539
v 0.055011399 -0.192620265 0.252298953
v -0.054185308 -0.192620265 0.252298953
v -0.020951527 -0.192620265 0.266542002
v 0.050263716 -0.192620265 0.223812856
v 0.069254448 -0.187872583 0.228560539
v 0.031272984 -0.197367948 0.228560539
v 0.064506765 -0.183124900 0.266542002
v -0.054185308 -0.192620265 0.228560539
v -0.049437625 -0.187872583 0.266542002
f 1419 1414 1416
f 1419 1416 1417
f 1420 1414 1415
f 1420 1416 1414
f 1421 1415 1414
f 1421 1420 1415
f 1422 1414 1419
f 1422 1421 1414
f 1424 1416 1420
f 1424 1420 1421
f 1424 1417 1416
f 1425 1417 1418
f 1425 1418 1422
f 1425 1422 1419
f 1425 1419 1417
f 1426 1422 1418
f 1426 1421 1422
f 1428 1427 1423
f 1429 1426 1418
f 1429 1418 1417
f 1430 1424 1421
f 1431 1423 1427
f 1432 1421 1426
f 1432 1431 1427
f 1433 1428 1417
f 1433 1427 1428
f 1434 1428 1423
f 1434 1429 1417
f 1434 1417 1428
f 1436 1435 1430
f 1436 1427 1435
f 1436 1432 1427
f 1437 1426 1429
f 1437 1423 1431
f 1438 1432 1426
f 1438 1431 1432
f 1439 1433 1417
f 1439 1417 1424
f 1439 1424 1435
f 1440 1435 1424
f 1440 1424 1430
f 1440 1430 1435
f 1441 1435 1427
f 1441 1427 1433
f 1441 1439 1435
f 1441 1433 1439
f 1442 1421 1432
f 1442 1432 1436
f 1442 1436 1430
f 1442 1430 1421
f 1443 1437 1429
f 1443 1429 1434
f 1443 1434 1423
f 1443 1423 1437
f 1444 1437 1431
f 1444 1431 1438
f 1444 1438 1426
f 1444 1426 1437
o link3050
usemtl Material050
v 0.097740545 0.210932781 0.200074441
v 0.097716140 0.182325325 0.199386186
v 0.097740545 0.244166561 0.128859198
v 0.040768350 0.244166561 0.128859198
v 0.040768350 0.191942049 0.204822124
v 0.097740545 0.182446683 0.128859198
v 0.064506765 0.244166561 0.195326758
v 0.078749813 0.187194366 0.204822124
v 0.040768350 0.182446683 0.128859198
v 0.097668481 0.243808212 0.188546773
v 0.040768350 0.244166561 0.195326758
v 0.040650264 0.181859465 0.201491860
v 0.050263716 0.220428146 0.200074441
v 0.097740545 0.234671195 0.195326758
v 0.078585462 0.181629432 0.200187256
v 0.055011399 0.191942049 0.204822124
v 0.040768350 0.220428146 0.200074441
v 0.088245179 0.239418878 0.195326758
f 1450 1448 1447
f 1450 1445 1446
f 1450 1447 1445
f 1451 1447 1448
f 1452 1446 1445
f 1453 1448 1450
f 1454 1447 1451
f 1455 1451 1448
f 1456 1452 1449
f 1456 1448 1453
f 1456 1455 1448
f 1457 1451 1455
f 1457 1445 1451
f 1458 1445 1447
f 1458 1447 1454
f 1459 1446 1452
f 1459 1452 1456
f 1459 1450 1446
f 1459 1456 1453
f 1459 1453 1450
f 1460 1457 1449
f 1460 1449 1452
f 1460 1452 1445
f 1460 1445 1457
f 1461 1457 1455
f 1461 1449 1457
f 1461 1456 1449
f 1461 1455 1456
f 1462 1458 1454
f 1462 1454 1451
f 1462 1451 1445
f 1462 1445 1458
o link3051
usemtl Material051
v 0.083497496 -0.130900388 0.275799990
v 0.083497496 -0.159386485 0.265799999
v 0.083497496 -0.130900388 0.223812856
v 0.012282253 -0.130900388 0.223812856
v 0.011997826 -0.155187337 0.275799990
v 0.012122826 -0.159354472 0.223938267
v 0.059759082 -0.149891119 0.276037368
v 0.012282253 -0.130900388 0.275799990
v 0.083497496 -0.159386485 0.227799997
v 0.021777619 -0.159386485 0.276037368
v 0.078749813 -0.140395754 0.276037368
v 0.045516033 -0.154638802 0.276037368
f 1468 1466 1465
f 1468 1467 1466
f 1470 1466 1467
f 1470 1463 1465
f 1470 1465 1466
f 1471 1468 1465
f 1471 1463 1464
f 1471 1465 1463
f 1472 1467 1468
f 1472 1470 1467
f 1472 1471 1464
f 1472 1468 1471
f 1473 1469 1464
f 1473 1464 1463
f 1473 1463 1470
f 1473 1472 1469
f 1473 1470 1472
f 1474 1472 1464
f 1474 1464 1469
f 1474 1469 1472
o link3052
usemtl Material052
v 0.130974325 -0.064432827 0.052896272
v 0.130974325 -0.176599994 0.052896272
v 0.130974325 -0.064432827 -0.051552752
v 0.007534570 -0.064432827 -0.051552752
v 0.007534570 -0.176599994 0.052896272
v 0.007534570 -0.176599994 -0.051552752
v 0.007534570 -0.064432827 0.052896272
v 0.130974325 -0.176599994 -0.051552752
f 1475 1476 1477
f 1475 1477 1478
f 1479 1476 1475
f 1480 1479 1478
f 1480 1476 1479
f 1481 1479 1475
f 1481 1475 1478
f 1481 1478 1479
f 1482 1477 1476
f 1482 1476 1480
f 1482 1480 1478
f 1482 1478 1477
o link3053
usemtl Material053
v 0.098020089 0.289978419 0.043446421
v 0.097740545 0.239418878 0.043400906
v 0.097740545 0.239418878 -0.070543484
v 0.050263716 0.282148024 -0.070543484
v 0.040768350 0.239418878 0.043400906
v 0.097860794 0.286135357 -0.070517047
v 0.041927297 0.277828257 0.043506617
v 0.040768350 0.239418878 -0.070543484
v 0.074002130 0.286895707 -0.070543484
v 0.055011399 0.286895707 0.043400906
v 0.041683107 0.274037247 -0.070428718
v 0.097740545 0.291643390 -0.051552752
v 0.078749813 0.291643390 0.043400906
v 0.040768350 0.282148024 -0.004075923
v 0.078749813 0.291643390 0.019662491
v 0.045516033 0.282148024 -0.042057386
v 0.069254448 0.286895707 -0.061048118
v 0.055011399 0.286895707 0.024410174
v 0.092992862 0.291643390 -0.051552752
f 1483 1484 1485
f 1487 1485 1484
f 1488 1483 1485
f 1489 1487 1484
f 1489 1484 1483
f 1490 1486 1485
f 1490 1485 1487
f 1491 1488 1485
f 1491 1485 1486
f 1493 1486 1490
f 1494 1483 1488
f 1494 1488 1491
f 1495 1492 1489
f 1495 1489 1483
f 1495 1483 1494
f 1496 1489 1492
f 1496 1487 1489
f 1496 1493 1490
f 1496 1490 1487
f 1497 1492 1495
f 1497 1495 1494
f 1498 1486 1493
f 1498 1493 1496
f 1499 1491 1486
f 1500 1498 1496
f 1500 1496 1492
f 1500 1492 1497
f 1500 1497 1499
f 1500 1499 1486
f 1500 1486 1498
f 1501 1499 1497
f 1501 1497 1494
f 1501 1494 1491
f 1501 1491 1499
o link3054
usemtl Material054
v -0.068428356 0.115979123 0.043400906
v -0.068428356 0.054259245 0.043400906
v -0.068428356 0.054259245 -0.008823606
v -0.168129697 0.115979123 -0.008823606
v -0.174816104 0.054260637 0.042756221
v -0.068428356 0.115979123 -0.008823606
v -0.174857985 0.115979406 0.042706962
v -0.179752176 0.054259255 -0.008722647
v -0.182372746 0.092240708 -0.008823606
v -0.182372746 0.115979123 0.019662491
v -0.177625063 0.115979123 0.005419443
v -0.182372746 0.054259245 0.029157857
v -0.172877380 0.115979123 -0.004075923
v -0.182372746 0.106483757 0.005419443
v -0.182372746 0.115979123 0.029157857
f 1502 1503 1504
f 1506 1503 1502
f 1507 1502 1504
f 1507 1504 1505
f 1508 1506 1502
f 1508 1507 1505
f 1508 1502 1507
f 1510 1505 1504
f 1510 1504 1509
f 1512 1511 1508
f 1513 1506 1508
f 1513 1503 1506
f 1513 1509 1504
f 1513 1504 1503
f 1513 1511 1510
f 1513 1510 1509
f 1514 1505 1510
f 1514 1510 1512
f 1514 1512 1508
f 1514 1508 1505
f 1515 1512 1510
f 1515 1510 1511
f 1515 1511 1512
f 1516 1513 1508
f 1516 1508 1511
f 1516 1511 1513
o link3055
usemtl Material055
v 0.149965057 0.272652658 0.043400906
v 0.149965057 0.239418878 0.043400906
v 0.149965057 0.272652658 -0.070543484
v 0.097740545 0.272652658 -0.070543484
v 0.097740545 0.239418878 0.043400906
v 0.097740545 0.239418878 -0.070543484
v 0.097740545 0.272652658 0.043400906
v 0.149965057 0.239418878 -0.070543484
f 1517 1518 1519
f 1517 1519 1520
f 1521 1518 1517
f 1522 1520 1519
f 1522 1521 1520
f 1522 1518 1521
f 1523 1521 1517
f 1523 1517 1520
f 1523 1520 1521
f 1524 1522 1519
f 1524 1519 1518
f 1524 1518 1522
o link3056
usemtl Material056
v 0.149965057 0.182446683 0.162092978
v 0.149965057 0.054259245 0.162092978
v 0.149965057 0.182446683 0.043400906
v 0.040768350 0.182446683 0.043400906
v 0.040768350 0.182446683 0.162092978
v 0.040768350 0.054259245 0.043400906
v 0.149965057 0.054259245 0.043400906
v 0.040768350 0.054259245 0.162092978
f 1525 1526 1527
f 1525 1527 1528
f 1529 1526 1525
f 1529 1525 1528
f 1530 1528 1527
f 1530 1529 1528
f 1531 1530 1527
f 1531 1527 1526
f 1531 1526 1530
f 1532 1530 1526
f 1532 1526 1529
f 1532 1529 1530
o link3057
usemtl Material057
v 0.040768350 0.172951318 0.162092978
v 0.040768350 0.054259245 0.162092978
v 0.040768350 0.172951318 0.043400906
v -0.063680674 0.172951318 0.043400906
v -0.063680674 0.054259245 0.162092978
v -0.063680674 0.054259245 0.043400906
v -0.058932991 0.172951318 0.157345295
v 0.040768350 0.054259245 0.043400906
v -0.058932991 0.168203635 0.162092978
v -0.063680674 0.172951318 0.147849930
v -0.050322851 0.171151546 0.160130238
v -0.063680674 0.158708269 0.162092978
f 1533 1534 1535
f 1533 1535 1536
f 1537 1534 1533
f 1538 1536 1535
f 1538 1537 1536
f 1538 1534 1537
f 1539 1533 1536
f 1540 1538 1535
f 1540 1535 1534
f 1540 1534 1538
f 1541 1537 1533
f 1542 1539 1536
f 1542 1536 1537
f 1542 1541 1539
f 1543 1541 1533
f 1543 1533 1539
f 1543 1539 1541
f 1544 1542 1537
f 1544 1537 1541
f 1544 1541 1542
o link3058
usemtl Material058
v 0.102488228 0.054259245 0.176336027
v 0.102488228 -0.069180510 0.176336027
v 0.102488228 0.054259245 0.052896272
v 0.012282253 0.054259245 0.052896272
v 0.012282253 0.054259245 0.176336027
v 0.012282253 -0.069180510 0.052896272
v 0.102488228 -0.069180510 0.052896272
v 0.012282253 -0.069180510 0.176336027
f 1545 1546 1547
f 1545 1547 1548
f 1549 1546 1545
f 1549 1545 1548
f 1550 1548 1547
f 1550 1549 1548
f 1551 1550 1547
f 1551 1547 1546
f 1551 1546 1550
f 1552 1550 1546
f 1552 1546 1549
f 1552 1549 1550
o link3059
usemtl Material059
v 0.012282253 0.054259245 0.166840661
v 0.012282253 -0.069180510 0.166840661
v 0.012282253 0.054259245 0.052896272
v -0.077923722 0.054259245 0.052896272
v -0.077923722 0.054259245 0.166840661
v -0.077923722 -0.069180510 0.052896272
v 0.012282253 -0.069180510 0.052896272
v -0.077923722 -0.069180510 0.166840661
f 1553 1554 1555
f 1553 1555 1556
f 1557 1554 1553
f 1557 1553 1556
f 1558 1556 1555
f 1558 1557 1556
f 1559 1558 1555
f 1559 1555 1554
f 1559 1554 1558
f 1560 1558 1554
f 1560 1554 1557
f 1560 1557 1558
o link3060
usemtl Material060
v 0.012282253 0.054259245 0.275799990
v 0.012282253 -0.069180510 0.275799990
v 0.012282253 -0.069180510 0.166840661
v -0.150915539 0.053143370 0.166840558
v -0.163382014 0.021025465 0.276037368
v 0.012282253 0.054259245 0.166840661
v -0.150962437 0.053000437 0.275799990
v -0.149138966 -0.069180510 0.276037368
v -0.158634331 0.044763879 0.276037368
v -0.163382014 -0.021703681 0.166840661
v -0.163382014 0.021025465 0.166840661
v -0.163382014 -0.021703681 0.276037368
v -0.145082606 -0.067298249 0.166864185
v -0.158634331 0.044763879 0.166840661
v -0.153886649 -0.064432827 0.266542002
v -0.158634331 -0.045442096 0.276037368
v -0.153886649 -0.064432827 0.200074441
v -0.153886649 -0.059685144 0.276037368
v -0.153886649 -0.059685144 0.166840661
v -0.158634331 -0.045442096 0.166840661
f 1561 1562 1563
f 1566 1561 1563
f 1566 1563 1564
f 1566 1564 1561
f 1567 1561 1564
f 1568 1563 1562
f 1568 1562 1561
f 1569 1561 1567
f 1569 1568 1561
f 1569 1565 1568
f 1569 1567 1564
f 1571 1565 1569
f 1571 1570 1565
f 1571 1564 1570
f 1572 1568 1565
f 1572 1565 1570
f 1573 1563 1568
f 1574 1571 1569
f 1574 1569 1564
f 1574 1564 1571
f 1576 1572 1570
f 1576 1568 1572
f 1577 1573 1568
f 1577 1568 1575
f 1577 1575 1576
f 1578 1576 1575
f 1578 1575 1568
f 1578 1568 1576
f 1579 1573 1577
f 1579 1563 1573
f 1579 1564 1563
f 1580 1577 1576
f 1580 1576 1570
f 1580 1579 1577
f 1580 1570 1564
f 1580 1564 1579
o link3061
usemtl Material061
v 0.149965057 0.244166561 0.128859198
v 0.149965057 0.182446683 0.128859198
v 0.149965057 0.182446683 0.043400906
v 0.040768350 0.244166561 0.043400906
v 0.040768350 0.182446683 0.128859198
v 0.149965057 0.244166561 0.043400906
v 0.040768350 0.244166561 0.128859198
v 0.040768350 0.182446683 0.043400906
f 1581 1582 1583
f 1585 1582 1581
f 1585 1583 1582
f 1586 1581 1583
f 1586 1583 1584
f 1586 1584 1581
f 1587 1585 1581
f 1587 1581 1584
f 1587 1584 1585
f 1588 1585 1584
f 1588 1584 1583
f 1588 1583 1585
o link3062
usemtl Material062
v -0.068428356 0.172951318 0.043400906
v -0.068428356 0.115979123 0.043400906
v -0.068940070 0.174403192 -0.010583829
v -0.115905185 0.168203635 -0.008823606
v -0.120652868 0.172951318 0.043400906
v -0.068428356 0.115979123 -0.008823606
v -0.115905185 0.172951318 -0.004075923
v -0.120652868 0.115979123 -0.008823606
v -0.068428356 0.168203635 -0.008823606
v -0.106409820 0.172951318 -0.008823606
v -0.120652868 0.163455952 -0.008823606
v -0.120652868 0.115979123 0.043400906
v -0.119336709 0.169978359 0.003964286
f 1593 1590 1589
f 1593 1589 1591
f 1594 1589 1590
f 1595 1593 1591
f 1596 1591 1594
f 1596 1594 1590
f 1597 1594 1591
f 1597 1591 1589
f 1597 1589 1594
f 1598 1595 1591
f 1598 1591 1592
f 1598 1592 1595
f 1599 1595 1592
f 1599 1596 1593
f 1599 1592 1591
f 1599 1591 1596
f 1600 1596 1590
f 1600 1590 1593
f 1600 1593 1596
f 1601 1599 1593
f 1601 1593 1595
f 1601 1595 1599
o link3063
usemtl Material063
v 0.149965057 0.244166561 0.166840661
v 0.149965057 0.182446683 0.166840661
v 0.149965057 0.244166561 0.128859198
v 0.097740545 0.244166561 0.128859198
v 0.097740545 0.244166561 0.166840661
v 0.097740545 0.182446683 0.128859198
v 0.149965057 0.182446683 0.128859198
v 0.097740545 0.182446683 0.166840661
f 1602 1603 1604
f 1602 1604 1605
f 1606 1603 1602
f 1606 1602 1605
f 1607 1605 1604
f 1607 1606 1605
f 1608 1607 1604
f 1608 1604 1603
f 1608 1603 1607
f 1609 1607 1603
f 1609 1603 1606
f 1609 1606 1607
