mtllib decomp.mtl
o link1000
usemtl Material000
v 0.228619743 0.117518949 -0.163893134
v 0.228619743 -0.137254681 -0.163893134
v 0.228619743 0.095038923 -0.306266633
v -0.071113939 0.117518949 -0.300999999
v -0.071113939 -0.137254681 -0.156399792
v 0.213633059 0.117518949 -0.306266633
v 0.229108733 0.117331821 -0.263521236
v 0.123712954 0.117518949 -0.156399792
v -0.071113939 -0.137254681 -0.300999999
v 0.228619743 -0.137254681 -0.300999999
v 0.123712954 -0.137254681 -0.156399792
v -0.071113939 0.117518949 -0.156399792
f 6 4 1
f 7 1 2
f 7 6 1
f 7 3 6
f 8 2 1
f 8 1 4
f 9 2 5
f 9 5 4
f 9 6 3
f 9 4 6
f 10 7 2
f 10 3 7
f 10 9 3
f 10 2 9
f 11 8 5
f 11 5 2
f 11 2 8
f 12 8 4
f 12 4 5
f 12 5 8
o link1001
usemtl Material001
v 0.228619743 0.244905764 0.240747337
v 0.228934551 0.192268298 0.235933092
v 0.228619743 0.238999993 0.143333891
v 0.041286192 0.238999993 0.135840548
v 0.056272876 0.184959028 0.180800601
v 0.041286192 0.244905764 0.158320575
v 0.168673007 0.162479002 0.233253995
v 0.123712954 0.184959028 0.135840548
v 0.123712954 0.238999993 0.135840548
v 0.138699639 0.244905764 0.218267311
v 0.041286192 0.184959028 0.165813917
v 0.206139717 0.192452370 0.240747337
v 0.228619743 0.192452370 0.143333891
v 0.056272876 0.244905764 0.180800601
v 0.041286192 0.184959028 0.135840548
v 0.123712954 0.162479002 0.210773969
v 0.176166349 0.237412422 0.233253995
v 0.184970690 0.162323172 0.229073651
v 0.153686323 0.237412422 0.225760653
v 0.041286192 0.214932396 0.165813917
v 0.120871990 0.162684453 0.200055220
v 0.206139717 0.222425738 0.240747337
v 0.213633059 0.244905764 0.240747337
v 0.168673007 0.177465686 0.233253995
v 0.048779534 0.237412422 0.173307259
v 0.183659691 0.162479002 0.195787285
v 0.183659691 0.244905764 0.233253995
f 13 14 15
f 18 13 15
f 21 18 15
f 21 16 18
f 21 20 16
f 21 15 20
f 22 13 18
f 23 18 16
f 24 19 14
f 24 14 13
f 25 20 15
f 25 15 14
f 26 22 18
f 26 17 19
f 26 23 17
f 27 23 16
f 27 16 20
f 28 19 17
f 28 17 23
f 30 25 14
f 30 14 19
f 30 19 28
f 31 22 26
f 31 29 22
f 32 18 23
f 32 23 26
f 33 28 23
f 33 23 27
f 34 19 24
f 34 24 13
f 35 13 22
f 35 34 13
f 35 29 34
f 36 31 26
f 36 26 19
f 36 29 31
f 36 34 29
f 36 19 34
f 37 32 26
f 37 26 18
f 37 18 32
f 38 33 27
f 38 27 20
f 38 20 25
f 38 25 30
f 38 30 28
f 38 28 33
f 39 35 22
f 39 22 29
f 39 29 35
o link1002
usemtl Material002
v 0.493179670 -0.017170110 -0.079762163
v 0.498380057 -0.069814602 -0.088959713
v 0.468953412 -0.017108399 -0.158240372
v 0.415953295 -0.017361208 -0.156399792
v 0.415953295 -0.152241365 -0.081466371
v 0.415953295 -0.017361208 -0.081466371
v 0.498380057 -0.017361208 -0.088959713
v 0.460913347 -0.152241365 -0.081466371
v 0.415953295 -0.152241365 -0.156399792
v 0.491441220 -0.069559622 -0.079192460
v 0.468698910 -0.024592479 -0.158307805
v 0.459549206 -0.152003441 -0.156826301
f 45 40 42
f 45 42 43
f 45 43 44
f 46 40 41
f 46 41 42
f 46 42 40
f 48 44 43
f 48 47 44
f 49 45 44
f 49 40 45
f 49 44 47
f 49 47 41
f 49 41 40
f 50 48 43
f 50 43 42
f 50 42 41
f 51 41 47
f 51 47 48
f 51 50 41
f 51 48 50
o link1003
usemtl Material003
v 0.228619743 0.184959028 -0.163893134
v 0.228619743 0.117518949 -0.163893134
v 0.228619743 0.184959028 -0.268799923
v 0.153686323 0.169972344 -0.328746659
v 0.033792850 0.117518949 -0.156399792
v 0.204057838 0.116477582 -0.300999999
v 0.033792850 0.184959028 -0.156399792
v 0.229108733 0.117331821 -0.263521236
v 0.123712954 0.184959028 -0.156399792
v 0.168673007 0.169972344 -0.328746659
v 0.033792850 0.117518949 -0.300999999
v 0.033792850 0.184959028 -0.300999999
v 0.206139717 0.132505633 -0.306266633
v 0.123712954 0.117518949 -0.156399792
v 0.168673007 0.154985660 -0.328746659
v 0.153686323 0.184959028 -0.306266633
v 0.153686323 0.154985660 -0.328746659
f 58 52 54
f 59 52 53
f 59 54 52
f 59 53 57
f 60 53 52
f 60 58 56
f 60 52 58
f 62 57 56
f 62 56 58
f 63 58 54
f 63 62 58
f 63 55 62
f 64 59 57
f 64 54 59
f 64 61 54
f 65 60 56
f 65 53 60
f 65 57 53
f 65 56 57
f 66 55 61
f 66 64 57
f 66 61 64
f 67 61 55
f 67 55 63
f 67 63 54
f 67 54 61
f 68 62 55
f 68 55 66
f 68 66 57
f 68 57 62
o link1004
usemtl Material004
v 0.326033190 0.110025607 0.255734021
v 0.326033190 -0.002374524 0.255734021
v 0.326033190 0.192452370 0.143333891
v 0.123712954 0.192452370 0.143333891
v 0.123712954 0.095038923 0.255734021
v 0.228619743 -0.009867866 0.143333891
v 0.206139717 0.192452370 0.240747337
v 0.296059822 0.065065555 0.263227363
v 0.326033190 -0.009867866 0.143333891
v 0.123712954 -0.009867866 0.143333891
v 0.326033190 0.192452370 0.233253995
v 0.121536471 0.192609767 0.199056981
v 0.198646375 -0.009867866 0.263227363
v 0.303553164 0.005118818 0.263227363
v 0.206139717 0.110025607 0.263227363
v 0.296059822 0.192452370 0.240747337
v 0.123712954 0.110025607 0.248240679
v 0.123712954 0.080052239 0.255734021
v 0.318539848 -0.009867866 0.255734021
v 0.168673007 0.102532265 0.263227363
v 0.228619743 0.110025607 0.263227363
v 0.131206297 0.102532265 0.255734021
v 0.125216675 -0.009439110 0.241916807
v 0.323991794 -0.006046781 0.242790182
v 0.303553164 -0.002374524 0.263227363
v 0.168673007 0.087545581 0.263227363
v 0.146192981 -0.009867866 0.255734021
v 0.236113085 -0.009867866 0.263227363
f 69 70 71
f 74 72 71
f 77 74 71
f 77 71 70
f 78 72 74
f 79 69 71
f 80 71 72
f 80 72 78
f 80 79 71
f 81 78 74
f 81 74 77
f 82 70 69
f 82 69 76
f 82 76 81
f 83 81 76
f 84 69 79
f 84 75 83
f 84 80 75
f 84 79 80
f 85 80 73
f 85 75 80
f 86 80 78
f 86 73 80
f 87 81 77
f 88 83 75
f 88 81 83
f 88 73 86
f 89 83 76
f 89 76 69
f 89 84 83
f 89 69 84
f 90 85 73
f 90 75 85
f 90 88 75
f 90 73 88
f 91 86 78
f 92 87 77
f 92 77 70
f 92 70 87
f 93 82 81
f 93 87 70
f 93 70 82
f 94 88 86
f 94 81 88
f 95 91 78
f 95 78 81
f 95 86 91
f 95 94 86
f 95 81 94
f 96 93 81
f 96 81 87
f 96 87 93
o link1005
usemtl Material005
v -0.018660545 0.110025607 0.270720706
v 0.003819482 0.095038923 0.233253995
v 0.003819482 0.110025607 0.218267311
v -0.073043649 0.107811347 0.177752270
v -0.086100623 0.087545581 0.263227363
v -0.048633913 0.072558897 0.180000007
v -0.071113939 0.117518949 0.203280627
v -0.003673861 0.110025607 0.255734021
v -0.018660545 0.087545581 0.270720706
v 0.003819482 0.095038923 0.210773969
v -0.093593965 0.087545581 0.195787285
v -0.048624311 0.115101975 0.180000007
v -0.086100623 0.110025607 0.263227363
v 0.003819482 0.102532265 0.233253995
v -0.048570628 0.116700952 0.199309029
v -0.078607281 0.102532265 0.270720706
v -0.003673861 0.087545581 0.255734021
v -0.063620597 0.072558897 0.203280627
v -0.071113939 0.072558897 0.180000007
v -0.093593965 0.110025607 0.195787285
v 0.003819482 0.102532265 0.210773969
v -0.071113939 0.110025607 0.270720706
v -0.093593965 0.102532265 0.255734021
v 0.003819482 0.110025607 0.225760653
v -0.071113939 0.087545581 0.270720706
v -0.075142717 0.087457462 0.178375089
v -0.071113939 0.072558897 0.195787285
v -0.068197126 0.115347922 0.178880981
v -0.093593965 0.110025607 0.248240679
v -0.093593965 0.087545581 0.248240679
v -0.078607281 0.095038923 0.270720706
v -0.093593965 0.095038923 0.255734021
f 105 104 97
f 106 99 98
f 108 106 102
f 108 102 100
f 110 104 98
f 110 98 99
f 111 103 97
f 111 97 104
f 111 108 103
f 111 99 108
f 112 105 97
f 112 109 101
f 113 98 104
f 113 104 105
f 113 106 98
f 113 102 106
f 114 113 105
f 114 102 113
f 115 102 114
f 117 108 99
f 117 99 106
f 117 106 108
f 118 97 103
f 118 103 109
f 118 112 97
f 118 109 112
f 119 101 109
f 119 116 107
f 120 110 99
f 120 104 110
f 120 111 104
f 120 99 111
f 121 105 112
f 121 114 105
f 121 101 114
f 122 115 107
f 122 100 102
f 122 102 115
f 122 116 100
f 122 107 116
f 123 115 114
f 123 114 101
f 123 107 115
f 124 108 100
f 124 100 116
f 124 116 103
f 124 103 108
f 125 109 103
f 125 103 116
f 125 119 109
f 125 116 119
f 126 119 107
f 126 123 101
f 126 107 123
f 127 121 112
f 127 112 101
f 127 101 121
f 128 126 101
f 128 101 119
f 128 119 126
o link1006
usemtl Material006
v 0.123712954 0.238999993 -0.156399792
v 0.153686323 0.192452370 -0.276293265
v 0.116219612 0.244905764 -0.201359844
v 0.033792850 0.237412422 -0.306266633
v 0.033792850 0.184959028 -0.156399792
v 0.116219612 0.214932396 -0.306266633
v 0.033252388 0.232780516 -0.156348844
v 0.125132652 0.238999993 -0.199087449
v 0.123712954 0.184959028 -0.156399792
v 0.033792850 0.184959028 -0.300999999
v 0.078752902 0.229919080 -0.306266633
v 0.071259560 0.244905764 -0.163893134
v 0.138699639 0.199945712 -0.306266633
v 0.073025811 0.238999993 -0.154764544
v 0.150085867 0.180632444 -0.276322816
v 0.048779534 0.237412422 -0.306266633
v 0.101232928 0.244905764 -0.193866502
v 0.153686323 0.192452370 -0.291279949
v 0.146192981 0.192452370 -0.306266633
v 0.151814157 0.181921433 -0.287457551
v 0.145386322 0.183973789 -0.300999999
f 136 129 130
f 136 131 129
f 137 130 129
f 138 135 132
f 138 133 135
f 139 134 132
f 139 131 134
f 140 129 131
f 140 132 135
f 141 134 131
f 141 131 136
f 141 132 134
f 142 135 133
f 142 133 137
f 142 137 129
f 142 140 135
f 142 129 140
f 143 137 133
f 143 133 138
f 143 130 137
f 144 139 132
f 144 132 131
f 144 131 139
f 145 140 131
f 145 131 132
f 145 132 140
f 146 141 136
f 146 136 130
f 147 138 132
f 147 132 141
f 147 141 146
f 148 146 130
f 148 130 143
f 148 147 146
f 148 143 138
f 149 148 138
f 149 138 147
f 149 147 148
o link1007
usemtl Material007
v -0.071113939 0.117518949 -0.156399792
v -0.071113939 -0.122267997 -0.156399792
v -0.071113939 0.117518949 -0.300999999
v -0.213487438 0.117518949 -0.306266633
v -0.243460806 0.042585529 -0.156399792
v -0.071113939 -0.122267997 -0.300999999
v -0.229577109 0.070456355 -0.153415404
v -0.213487438 -0.114774655 -0.306266633
v -0.209488819 -0.120060180 -0.153801058
v -0.209489663 0.115195584 -0.154425797
v -0.235967464 0.057572213 -0.306266633
v -0.237397321 -0.038835224 -0.153463364
v -0.201807969 -0.120081109 -0.300999999
v -0.213487438 -0.122267997 -0.163893134
v -0.228474122 0.095038923 -0.156399792
v -0.235967464 -0.054827918 -0.306266633
v -0.228474122 -0.099787970 -0.156399792
v -0.220980780 0.110025607 -0.156399792
v -0.235967464 0.072558897 -0.163893134
v -0.220980780 0.102532265 -0.306266633
v -0.243460806 -0.039841234 -0.163893134
v -0.220980780 -0.114774655 -0.156399792
v -0.228474122 -0.084801286 -0.306266633
v -0.243460806 0.042585529 -0.163893134
v -0.228474122 0.095038923 -0.163893134
v -0.235967464 -0.077307944 -0.156399792
v -0.220980780 -0.114774655 -0.163893134
v -0.220980780 0.110025607 -0.163893134
v -0.235967464 -0.077307944 -0.163893134
v -0.228474122 -0.099787970 -0.163893134
f 150 151 152
f 150 152 153
f 155 152 151
f 155 153 152
f 156 151 150
f 157 153 155
f 158 151 156
f 159 156 150
f 159 150 153
f 160 153 157
f 161 158 156
f 161 156 154
f 162 157 155
f 163 155 151
f 163 151 158
f 163 162 155
f 163 157 162
f 164 154 156
f 165 160 157
f 166 158 161
f 167 159 153
f 167 164 156
f 167 156 159
f 168 154 164
f 169 153 160
f 169 160 168
f 170 161 154
f 170 160 165
f 171 163 158
f 171 158 166
f 172 165 157
f 173 168 160
f 173 154 168
f 173 170 154
f 173 160 170
f 174 169 168
f 174 168 164
f 174 164 167
f 175 166 161
f 175 161 170
f 176 157 163
f 176 163 171
f 176 172 157
f 176 171 166
f 177 174 167
f 177 167 153
f 177 153 169
f 177 169 174
f 178 166 175
f 178 165 172
f 178 175 170
f 178 170 165
f 179 176 166
f 179 172 176
f 179 178 172
f 179 166 178
o link1008
usemtl Material008
v 0.489548286 -0.152767921 -0.014478781
v 0.490886715 -0.182214733 -0.014026293
v 0.459549206 -0.152003441 -0.156826301
v 0.318539848 -0.152241365 -0.156399792
v 0.318539876 -0.290868145 -0.014026330
v 0.318539848 -0.152241365 -0.014026293
v 0.490886715 -0.152241365 -0.066479687
v 0.445926663 -0.264641496 -0.156399792
v 0.430939979 -0.257148154 -0.014026293
v 0.490886715 -0.174721391 -0.051493003
v 0.460913347 -0.189708075 -0.156399792
v 0.318539848 -0.271868199 -0.156399792
v 0.460913347 -0.227174785 -0.014026293
v 0.356006558 -0.294614864 -0.014026293
v 0.490886715 -0.182214733 -0.029012977
v 0.490886715 -0.159734707 -0.066479687
v 0.428745896 -0.265307565 -0.156946778
v 0.445926663 -0.264641496 -0.148906450
v 0.326033190 -0.294614864 -0.073973029
v 0.430939979 -0.272134838 -0.126426424
v 0.326033190 -0.287121522 -0.103946397
v 0.318539848 -0.294614864 -0.073973029
v 0.348513216 -0.294614864 -0.043999661
v 0.423446637 -0.272134838 -0.096453055
v 0.318539848 -0.287121522 -0.103946397
v 0.356006558 -0.294614864 -0.021519635
v 0.341019874 -0.294614864 -0.058986345
f 185 182 183
f 185 181 180
f 186 180 181
f 186 185 180
f 186 182 185
f 188 181 185
f 189 186 181
f 190 187 182
f 190 182 186
f 191 185 183
f 192 181 188
f 193 188 185
f 193 185 184
f 194 189 181
f 194 181 187
f 194 187 189
f 195 189 187
f 195 187 190
f 195 190 186
f 195 186 189
f 196 191 183
f 196 183 182
f 196 182 187
f 196 187 191
f 197 192 188
f 197 187 181
f 197 181 192
f 199 187 197
f 199 198 187
f 199 197 188
f 200 191 187
f 200 187 198
f 201 198 193
f 201 193 184
f 201 200 198
f 201 184 185
f 201 185 191
f 202 193 198
f 203 199 188
f 203 188 193
f 203 193 199
f 204 201 191
f 204 191 200
f 204 200 201
f 205 202 199
f 205 199 193
f 205 193 202
f 206 202 198
f 206 198 199
f 206 199 202
o link1009
usemtl Material009
v 0.123778819 -0.152214713 0.202986600
v 0.123712954 -0.264641496 0.165813917
v 0.123712954 -0.152241365 -0.014026293
v -0.048633913 -0.152241365 -0.014026293
v -0.048633913 -0.159734707 0.158320575
v 0.011312824 -0.294614864 -0.014026293
v -0.032032094 -0.147974242 0.160541886
v 0.123712954 -0.290868156 -0.014026295
v 0.048779534 -0.264641496 0.173307259
v -0.048633913 -0.279628180 -0.014026293
v 0.063766218 -0.152241365 0.195787285
v -0.047347295 -0.149117346 0.154511109
v 0.123712954 -0.294614864 0.105867180
v 0.123712954 -0.189708075 0.203280627
v -0.048633913 -0.257148154 0.098373838
v -0.033647229 -0.159734707 0.165813917
v 0.093739586 -0.152241365 0.203280627
v 0.048779534 -0.287121522 0.158320575
v 0.071259560 -0.287121522 0.165813917
v 0.026299508 -0.279628180 0.158320575
v 0.093739586 -0.174721391 0.203280627
v 0.041286192 -0.294614864 0.098373838
v 0.116219612 -0.212188101 0.195787285
v 0.123712954 -0.272134838 0.158320575
v -0.048633913 -0.219681443 0.128347206
v 0.026299508 -0.264641496 0.165813917
v -0.018660545 -0.279628180 0.083387154
v 0.056272876 -0.287121522 0.165813917
v 0.041286192 -0.257148154 0.173307259
v 0.063766218 -0.159734707 0.195787285
v 0.116219612 -0.189708075 0.203280627
v -0.026153887 -0.287121522 -0.006532951
v 0.123712954 -0.242161470 0.180800601
v 0.086246244 -0.287121522 0.158320575
v 0.108726270 -0.272134838 0.165813917
v -0.048633913 -0.242161470 0.113360522
v -0.041140571 -0.264641496 0.098373838
v 0.003819482 -0.287121522 0.090880496
v 0.041286192 -0.279628180 0.165813917
v 0.116219612 -0.294614864 0.105867180
v 0.048779534 -0.182214733 0.188293943
v 0.101232928 -0.182214733 0.203280627
v -0.026153887 -0.287121522 -0.014026293
v 0.018806166 -0.294614864 0.030933760
v 0.123712954 -0.212188101 0.195787285
v -0.011167203 -0.279628180 0.098373838
v -0.048633913 -0.264641496 0.075893812
v -0.048633913 -0.279628180 -0.006532951
v 0.011312824 -0.294614864 0.000960391
v -0.048633913 -0.272134838 0.038427102
v -0.033647229 -0.272134838 0.083387154
f 213 207 209
f 213 209 210
f 214 209 207
f 214 210 209
f 216 211 210
f 216 210 214
f 218 213 210
f 218 210 211
f 219 212 214
f 219 214 207
f 221 211 216
f 222 217 213
f 222 218 211
f 222 213 218
f 223 207 213
f 223 213 217
f 223 220 207
f 227 223 217
f 227 220 223
f 228 212 219
f 230 219 207
f 230 207 208
f 231 211 221
f 232 222 211
f 232 231 226
f 232 211 231
f 234 229 215
f 234 225 229
f 234 226 224
f 234 224 228
f 234 219 225
f 235 232 215
f 235 222 232
f 236 227 217
f 236 217 222
f 236 222 227
f 237 220 227
f 237 229 220
f 237 215 229
f 239 208 207
f 240 230 225
f 240 225 219
f 240 219 230
f 241 230 208
f 241 225 230
f 241 239 225
f 241 208 239
f 242 231 221
f 242 221 226
f 242 226 231
f 243 226 221
f 244 228 224
f 244 224 226
f 245 232 226
f 245 226 234
f 245 234 215
f 245 215 232
f 246 234 228
f 246 228 219
f 246 219 234
f 247 235 227
f 247 227 222
f 247 222 235
f 248 237 227
f 248 215 237
f 248 235 215
f 248 227 235
f 249 238 216
f 249 212 238
f 249 216 214
f 249 214 212
f 250 212 228
f 250 244 238
f 250 228 244
f 251 229 225
f 251 225 239
f 251 220 229
f 251 239 207
f 251 207 220
f 252 243 233
f 252 226 243
f 252 244 226
f 252 233 244
f 253 243 221
f 253 221 216
f 254 244 233
f 254 216 238
f 254 238 244
f 254 253 216
f 255 250 238
f 255 238 212
f 255 212 250
f 256 254 233
f 256 243 253
f 256 253 254
f 257 256 233
f 257 233 243
f 257 243 256
o link1010
usemtl Material010
v 0.475900031 0.102532265 -0.156399792
v 0.490886715 -0.017361208 -0.208853186
v 0.438433321 0.065065555 -0.283786607
v 0.243606427 0.087545581 -0.306266633
v 0.228619743 -0.017361208 -0.163893134
v 0.341019874 -0.017361208 -0.313759975
v 0.326033190 0.117518949 -0.261306581
v 0.490886715 0.065065555 -0.208853186
v 0.468953412 -0.017108399 -0.158240372
v 0.453420005 -0.017361208 -0.283786607
v 0.318539848 0.065065555 -0.313759975
v 0.228619743 -0.017361208 -0.300999999
v 0.423446637 0.102532265 -0.246319896
v 0.228619743 0.117518949 -0.163893134
v 0.483393373 0.087545581 -0.163893134
v 0.483393373 -0.017361208 -0.178879818
v 0.326033190 -0.017361208 -0.156399792
v 0.430939979 0.005118818 -0.291279949
v 0.475900031 0.012612160 -0.246319896
v 0.303553164 0.020105502 -0.313759975
v 0.296059822 0.117518949 -0.268799923
v 0.453420005 0.117518949 -0.163893134
v 0.408459953 0.102532265 -0.253813239
v 0.445926663 0.080052239 -0.261306581
v 0.227907248 0.085878152 -0.300999999
v 0.483393373 0.087545581 -0.178879818
v 0.490886715 0.065065555 -0.201359844
v 0.483393373 0.072558897 -0.163893134
v 0.326033190 0.117518949 -0.156399792
v 0.430939979 -0.009867866 -0.291279949
v 0.453420005 0.020105502 -0.283786607
v 0.333526532 0.042585529 -0.313759975
v 0.490886715 0.027598845 -0.216346528
v 0.475900031 -0.017361208 -0.246319896
v 0.303553164 0.065065555 -0.313759975
v 0.311515652 -0.017375864 -0.313004697
v 0.408459953 0.117518949 -0.208853186
v 0.438433321 0.080052239 -0.268799923
v 0.460913347 0.065065555 -0.261306581
v 0.445926663 0.102532265 -0.216346528
v 0.229108733 0.117331821 -0.263521236
v 0.468406689 0.072558897 -0.238826554
v 0.483393373 0.020105502 -0.171386476
v 0.490886715 0.005118818 -0.201359844
v 0.453420005 0.117518949 -0.156399792
v 0.400966611 -0.017361208 -0.298773291
v 0.445926663 0.050078871 -0.283786607
v 0.385979927 0.057572213 -0.298773291
v 0.341019874 0.020105502 -0.313759975
v 0.490886715 -0.017361208 -0.216346528
v 0.341019874 0.117518949 -0.253813239
v 0.430939979 0.095038923 -0.253813239
v 0.468406689 0.042585529 -0.253813239
v 0.430939979 0.102532265 -0.238826554
v 0.475900031 0.102532265 -0.163893134
v 0.453420005 0.057572213 -0.276293265
v 0.326033190 0.057572213 -0.313759975
v 0.370993242 0.020105502 -0.306266633
v 0.468406689 0.102532265 -0.178879818
f 268 264 260
f 274 266 258
f 274 273 266
f 274 271 262
f 277 268 263
f 277 269 261
f 278 268 261
f 278 264 268
f 278 271 264
f 279 264 271
f 280 264 270
f 282 269 262
f 282 262 271
f 282 261 269
f 283 272 265
f 283 258 272
f 284 259 265
f 284 265 272
f 285 272 258
f 285 258 266
f 285 284 272
f 286 274 258
f 286 271 274
f 286 279 271
f 287 275 267
f 287 263 275
f 288 267 275
f 288 276 267
f 289 263 268
f 290 265 259
f 291 267 276
f 291 276 290
f 292 277 261
f 292 261 268
f 292 268 277
f 293 277 263
f 293 269 277
f 293 262 269
f 293 259 273
f 293 274 262
f 293 273 274
f 293 267 291
f 294 279 270
f 294 264 279
f 295 260 264
f 295 264 280
f 296 295 281
f 296 260 295
f 298 278 261
f 298 261 282
f 298 282 271
f 298 271 278
f 299 283 265
f 299 281 297
f 299 296 281
f 299 265 296
f 300 285 266
f 300 266 273
f 301 259 284
f 301 284 285
f 301 285 300
f 301 300 273
f 301 273 259
f 302 286 258
f 302 258 279
f 302 279 286
f 303 287 267
f 303 263 287
f 303 293 263
f 303 267 293
f 304 288 275
f 305 260 304
f 306 275 263
f 306 263 289
f 307 291 290
f 307 290 259
f 307 293 291
f 307 259 293
f 308 294 270
f 308 270 264
f 308 264 294
f 309 295 280
f 309 280 270
f 309 281 295
f 310 296 265
f 310 276 288
f 310 290 276
f 310 265 290
f 311 270 279
f 311 279 297
f 311 309 270
f 311 297 281
f 311 281 309
f 312 279 258
f 312 258 283
f 313 288 304
f 313 310 288
f 313 296 310
f 313 304 260
f 313 260 296
f 314 305 289
f 314 289 268
f 314 268 260
f 314 260 305
f 315 305 304
f 315 289 305
f 315 306 289
f 315 304 275
f 315 275 306
f 316 297 279
f 316 279 312
f 316 299 297
f 316 312 283
f 316 283 299
o link1011
usemtl Material011
v 0.423446637 -0.009867866 0.120853864
v 0.423446637 -0.144748023 0.120853864
v 0.423446637 -0.144748023 -0.014026293
v 0.123712954 -0.009867866 -0.014026293
v 0.123712954 -0.144748023 0.128347206
v 0.423446637 -0.009867866 -0.014026293
v 0.326033190 -0.144748023 0.128347206
v 0.123712954 -0.009867866 0.128347206
v 0.123712954 -0.144748023 -0.014026293
v 0.326033190 -0.009867866 0.128347206
f 317 318 319
f 321 319 318
f 322 317 319
f 322 319 320
f 322 320 317
f 323 321 318
f 323 318 317
f 324 317 320
f 324 320 321
f 324 321 323
f 325 321 320
f 325 320 319
f 325 319 321
f 326 324 323
f 326 323 317
f 326 317 324
o link1012
usemtl Material012
v 0.101232928 0.102532265 0.248240679
v 0.125265504 -0.017986260 0.242770709
v 0.123712954 0.184959028 0.135840548
v 0.004685549 0.166900105 0.133845399
v 0.003819482 -0.017361208 0.210773969
v 0.108726270 0.184959028 0.203280627
v 0.086246244 -0.017361208 0.240747337
v 0.003819482 0.080052239 0.218267311
v 0.123712954 -0.017361208 0.135840548
v 0.026299508 0.184959028 0.143333891
v 0.123712954 0.117518949 0.240747337
v 0.018806166 -0.017361208 0.218267311
v 0.116219612 -0.017361208 0.248240679
v 0.003819482 -0.017361208 0.135840548
v 0.041286192 0.102532265 0.225760653
v 0.063766218 0.065065555 0.240747337
v 0.124821248 0.184878879 0.201615655
v 0.030350580 0.184786734 0.133372171
v 0.011312824 0.147492317 0.180800601
v 0.108726270 0.117518949 0.240747337
v 0.003819482 0.042585529 0.218267311
v 0.125181468 0.098990510 0.243105099
v 0.003819482 0.169972344 0.150827233
v 0.041286192 0.087545581 0.233253995
v 0.078752902 0.102532265 0.240747337
v 0.093739586 0.057572213 0.248240679
v 0.033792850 -0.002374524 0.225760653
v 0.056272876 0.184959028 0.180800601
v 0.003819482 0.110025607 0.203280627
v 0.063766218 0.087545581 0.240747337
v 0.018806166 0.057572213 0.225760653
v 0.048779534 0.095038923 0.233253995
v 0.078752902 0.005118818 0.240747337
v 0.011312824 0.154985660 0.173307259
v 0.041286192 0.184959028 0.165813917
v 0.003819482 0.132505633 0.188293943
v 0.018806166 0.110025607 0.210773969
v 0.093739586 0.095038923 0.248240679
v 0.018806166 0.080052239 0.225760653
v 0.101232928 0.027598845 0.248240679
v 0.056272876 -0.002374524 0.233253995
v 0.041286192 0.057572213 0.233253995
f 336 332 329
f 338 331 328
f 338 328 333
f 339 333 328
f 340 331 334
f 340 335 328
f 340 328 331
f 343 335 329
f 343 328 335
f 343 329 332
f 343 332 337
f 344 329 335
f 344 336 329
f 344 330 336
f 344 340 330
f 344 335 340
f 346 337 332
f 346 332 327
f 346 327 337
f 347 334 331
f 347 331 338
f 348 337 327
f 348 327 339
f 348 339 328
f 348 343 337
f 348 328 343
f 349 340 334
f 349 330 340
f 349 336 330
f 351 327 332
f 351 332 341
f 352 339 327
f 353 338 333
f 354 341 332
f 354 332 336
f 355 334 341
f 355 349 334
f 356 351 350
f 356 327 351
f 356 342 352
f 357 342 356
f 357 347 338
f 357 338 353
f 357 334 347
f 358 351 341
f 358 341 350
f 358 350 351
f 359 333 339
f 360 354 349
f 360 345 354
f 361 354 336
f 361 336 349
f 361 349 354
f 362 355 354
f 362 354 345
f 362 349 355
f 362 360 349
f 362 345 360
f 363 355 341
f 363 341 354
f 363 354 355
f 364 356 352
f 364 352 327
f 364 327 356
f 365 334 357
f 365 350 341
f 365 341 334
f 365 357 356
f 365 356 350
f 366 359 339
f 366 339 352
f 366 352 342
f 366 342 359
f 367 353 333
f 367 333 359
f 367 357 353
f 368 342 357
f 368 357 367
f 368 367 359
f 368 359 342
o link1013
usemtl Material013
v 0.183659691 -0.137254681 -0.231333212
v 0.183658527 -0.195984694 -0.229419980
v 0.183659691 -0.159734707 -0.306266633
v -0.071113939 -0.137254681 -0.300999999
v -0.071113939 -0.137254681 -0.223839870
v 0.003819482 -0.242161470 -0.306266633
v 0.183659691 -0.137254681 -0.300999999
v 0.123712954 -0.137254681 -0.223839870
v 0.086246244 -0.227174785 -0.306266633
v -0.063620597 -0.234668127 -0.306266633
v 0.003819482 -0.242161470 -0.223839870
v 0.153686323 -0.189708075 -0.306266633
v -0.070202972 -0.224065305 -0.223827580
v 0.121456572 -0.201060369 -0.223777193
v 0.063766218 -0.234668127 -0.223839870
v 0.183659691 -0.197201417 -0.238826554
v -0.070120677 -0.223784399 -0.300999999
v -0.063620597 -0.234668127 -0.223839870
v 0.086246244 -0.227174785 -0.223839870
v 0.018806166 -0.242161470 -0.223839870
v 0.063766218 -0.234668127 -0.306266633
v 0.131206297 -0.204694759 -0.306266633
v 0.018806166 -0.242161470 -0.306266633
f 373 369 372
f 375 369 371
f 375 371 372
f 375 372 369
f 376 370 369
f 376 369 373
f 377 374 371
f 378 372 371
f 378 371 374
f 379 378 374
f 380 377 371
f 381 373 372
f 382 370 376
f 382 381 379
f 382 376 373
f 382 373 381
f 384 380 371
f 384 370 383
f 384 369 370
f 384 371 369
f 385 381 372
f 385 372 378
f 385 378 381
f 386 381 378
f 386 378 379
f 386 379 381
f 387 383 370
f 387 370 382
f 387 382 383
f 388 379 374
f 388 383 382
f 388 382 379
f 389 374 377
f 389 384 383
f 389 377 384
f 389 383 388
f 390 384 377
f 390 377 380
f 390 380 384
f 391 389 388
f 391 388 374
f 391 374 389
o link1014
usemtl Material014
v -0.046889220 -0.017026110 0.177500532
v -0.044960703 -0.251503492 0.089589578
v -0.048633913 -0.017361208 -0.014026293
v -0.234286438 -0.017266481 -0.014810605
v -0.176020728 -0.092294628 0.098373838
v -0.063620597 -0.272134838 -0.014026293
v -0.052758736 -0.016714226 0.174429083
v -0.045371557 -0.054342465 0.174798701
v -0.047887709 -0.270160882 -0.014311419
v -0.183514070 -0.174721391 -0.006532951
v -0.191007412 -0.017361208 0.098373838
v -0.045265795 -0.258436804 0.059720546
v -0.056127255 -0.144748023 0.165813917
v -0.222018461 -0.082650691 -0.017116347
v -0.131060676 -0.234668127 -0.006532951
v -0.116073991 -0.204694759 0.090880496
v -0.235967464 -0.054827918 -0.006532951
v -0.044896343 -0.114090167 0.168020457
v -0.056127255 -0.264641496 0.060907128
v -0.093593965 -0.069814602 0.158320575
v -0.056127255 -0.054827918 0.180800601
v -0.230060104 -0.053524683 -0.016812216
v -0.138554018 -0.227174785 -0.014026293
v -0.161034044 -0.137254681 0.090880496
v -0.063620597 -0.242161470 0.105867180
v -0.123567333 -0.212188101 0.060907128
v -0.235967464 -0.017361208 0.000960391
v -0.191007412 -0.054827918 0.090880496
v -0.220980780 -0.107281312 -0.014026293
v -0.048633913 -0.159734707 0.158320575
v -0.048633913 -0.272134838 0.023440418
v -0.093593965 -0.257148154 0.000960391
v -0.176020728 -0.054827918 0.105867180
v -0.071113939 -0.144748023 0.158320575
v -0.101087307 -0.017361208 0.158320575
v -0.056127255 -0.114774655 0.173307259
v -0.108580649 -0.249654812 -0.014026293
v -0.138554018 -0.227174785 -0.006532951
v -0.138554018 -0.174721391 0.090880496
v -0.056127255 -0.257148154 0.090880496
v -0.123567333 -0.204694759 0.075893812
v -0.220980780 -0.077307944 0.015947076
v -0.183514070 -0.069814602 0.098373838
v -0.235967464 -0.039841234 0.000960391
v -0.198500754 -0.152241365 -0.006532951
v -0.183514070 -0.174721391 -0.014026293
v -0.045335499 -0.230987878 0.107821178
v -0.056127255 -0.212188101 0.128347206
v -0.056127255 -0.272134838 0.023440418
v -0.131060676 -0.167228049 0.105867180
v -0.086100623 -0.039841234 0.165813917
v -0.123567333 -0.032347892 0.143333891
v -0.063620597 -0.084801286 0.173307259
v -0.131060676 -0.234668127 -0.014026293
v -0.108580649 -0.249654812 -0.006532951
v -0.168527386 -0.189708075 0.000960391
v -0.063620597 -0.257148154 0.075893812
v -0.086100623 -0.234668127 0.090880496
v -0.138554018 -0.189708075 0.068400470
v -0.220980780 -0.099787970 0.000960391
v -0.191007412 -0.024854550 0.098373838
v -0.146047360 -0.084801286 0.120853864
v -0.198500754 -0.069814602 0.068400470
v -0.228474122 -0.062321260 0.008453734
f 398 392 394
f 398 394 395
f 399 394 392
f 402 398 395
f 403 400 394
f 405 394 400
f 409 393 403
f 409 403 394
f 409 394 399
f 412 399 392
f 412 409 399
f 413 395 394
f 413 394 405
f 413 408 395
f 418 402 395
f 418 395 408
f 420 413 405
f 420 408 413
f 421 409 404
f 422 403 393
f 422 400 403
f 422 397 400
f 426 412 392
f 426 392 398
f 426 398 402
f 427 404 409
f 427 409 412
f 427 425 404
f 427 411 425
f 428 397 423
f 428 405 400
f 428 400 397
f 429 414 406
f 429 401 414
f 429 406 417
f 431 422 393
f 431 410 422
f 432 407 430
f 435 418 408
f 435 402 418
f 436 430 415
f 436 401 430
f 437 414 401
f 437 436 420
f 437 401 436
f 437 420 405
f 437 405 414
f 438 393 409
f 438 409 421
f 438 431 393
f 439 421 404
f 439 438 421
f 439 416 431
f 439 431 438
f 439 425 416
f 439 404 425
f 440 422 410
f 440 397 422
f 440 423 397
f 440 410 423
f 441 425 396
f 441 396 415
f 441 415 430
f 441 430 407
f 441 407 416
f 441 416 425
f 442 412 426
f 443 424 411
f 443 442 426
f 443 411 442
f 443 426 402
f 444 427 412
f 444 411 427
f 444 442 411
f 444 412 442
f 445 414 405
f 445 405 428
f 445 428 406
f 445 406 414
f 446 428 423
f 446 406 428
f 447 429 417
f 447 401 429
f 447 417 432
f 448 423 410
f 448 410 431
f 448 446 423
f 448 406 446
f 449 417 406
f 449 448 431
f 449 406 448
f 449 432 417
f 449 407 432
f 449 431 416
f 449 416 407
f 450 432 430
f 450 430 401
f 450 447 432
f 450 401 447
f 451 408 420
f 451 420 436
f 451 436 415
f 451 415 396
f 452 419 434
f 452 435 419
f 452 402 435
f 452 434 424
f 452 443 402
f 452 424 443
f 453 425 411
f 453 411 424
f 453 424 434
f 453 434 396
f 453 396 425
f 454 434 419
f 454 433 451
f 454 451 396
f 454 396 434
f 455 435 408
f 455 433 454
f 455 454 419
f 455 419 435
f 455 451 433
f 455 408 451
o link1015
usemtl Material015
v 0.228619743 -0.137254681 -0.231333212
v 0.229924030 -0.234026720 -0.231252225
v 0.228619743 -0.137254681 -0.300999999
v 0.183659691 -0.137254681 -0.300999999
v 0.183658527 -0.195984694 -0.229419980
v 0.221126401 -0.234668127 -0.261306581
v 0.229963356 -0.234619899 -0.260992635
v 0.183659691 -0.137254681 -0.231333212
v 0.183652140 -0.150037788 -0.300999999
v 0.221126401 -0.234668127 -0.231333212
v 0.228619743 -0.150000006 -0.300999999
v 0.183659691 -0.197201417 -0.238826554
f 456 458 459
f 460 457 456
f 462 456 457
f 462 458 456
f 463 460 456
f 463 456 459
f 464 459 458
f 464 463 459
f 464 460 463
f 465 457 460
f 465 462 457
f 465 461 462
f 466 462 461
f 466 461 464
f 466 464 458
f 466 458 462
f 467 464 461
f 467 460 464
f 467 465 460
f 467 461 465
o link1016
usemtl Material016
v 0.341019874 -0.017361208 0.240747337
v 0.460913347 -0.114774655 0.128347206
v 0.468406689 -0.009867866 0.128347206
v 0.326033190 -0.009867866 0.120853864
v 0.325855441 -0.144684082 0.210064321
v 0.473805513 -0.018716176 0.117313924
v 0.339085891 -0.006534903 0.236145884
v 0.438433321 -0.017361208 0.180800601
v 0.326033190 -0.144748023 0.120853864
v 0.460913347 -0.017361208 0.158320575
v 0.466664085 -0.012110201 0.116953599
v 0.405006968 -0.005708533 0.198668758
v 0.325711733 -0.009266162 0.239889051
v 0.408459953 -0.144748023 0.180800601
v 0.451290079 -0.144518433 0.119327437
v 0.475900031 -0.017361208 0.128347206
v 0.370993242 -0.017361208 0.225760653
v 0.460913347 -0.009867866 0.158320575
v 0.333526532 -0.137254681 0.218267311
v 0.324260662 -0.136617057 0.211190628
v 0.445926663 -0.144748023 0.143333891
v 0.356006558 -0.144748023 0.210773969
v 0.455870147 -0.114242403 0.117451401
v 0.475900031 -0.024854550 0.128347206
v 0.438433321 -0.009867866 0.180800601
v 0.408459953 -0.017361208 0.203280627
v 0.326033190 -0.024854550 0.240747337
v 0.453420005 -0.137254681 0.135840548
v 0.385979927 -0.144748023 0.195787285
v 0.333526532 -0.024854550 0.240747337
f 478 471 470
f 478 470 473
f 478 476 471
f 479 470 471
f 479 471 474
f 480 468 474
f 480 474 471
f 482 473 469
f 483 473 470
f 484 479 474
f 484 474 468
f 485 470 479
f 485 483 470
f 485 477 483
f 485 475 477
f 487 476 472
f 487 472 486
f 487 480 471
f 487 471 476
f 488 477 475
f 488 475 481
f 488 481 476
f 488 476 482
f 489 472 476
f 489 476 481
f 489 486 472
f 489 468 486
f 490 478 473
f 490 473 482
f 490 482 476
f 490 476 478
f 491 483 477
f 491 469 473
f 491 473 483
f 492 485 479
f 492 475 485
f 493 481 475
f 493 475 492
f 493 492 479
f 493 479 484
f 494 468 480
f 494 487 486
f 494 480 487
f 495 477 488
f 495 491 477
f 495 469 491
f 495 488 482
f 495 482 469
f 496 489 481
f 496 484 468
f 496 468 489
f 496 493 484
f 496 481 493
f 497 494 486
f 497 486 468
f 497 468 494
o link1017
usemtl Material017
v 0.483393373 0.132505633 0.128347206
v 0.498380057 -0.144748023 0.030933760
v 0.513366741 0.110025607 -0.014026293
v 0.423446637 0.132505633 -0.014026293
v 0.423446637 -0.144748023 0.120853864
v 0.423446637 -0.144748023 -0.014026293
v 0.498380057 0.132505633 -0.014026293
v 0.513366741 0.095038923 0.053413786
v 0.460913347 -0.144748023 0.120853864
v 0.423446637 0.132505633 0.128347206
v 0.487159984 -0.145985466 -0.014826849
v 0.513366741 0.110025607 0.030933760
v 0.513366741 -0.024854550 -0.006532951
v 0.423446637 -0.009867866 0.128347206
v 0.498380057 -0.002374524 0.098373838
v 0.483393373 -0.144748023 0.083387154
v 0.498380057 0.132505633 0.023440418
v 0.513366741 0.102532265 0.053413786
v 0.505873399 -0.017361208 0.068400470
v 0.513366741 -0.017361208 -0.014026293
v 0.483393373 0.005118818 0.128347206
v 0.490886715 -0.144748023 0.060907128
v 0.475900031 -0.144748023 0.098373838
v 0.505873399 0.087545581 0.083387154
v 0.513366741 -0.009867866 0.023440418
v 0.498380057 -0.144748023 0.000960391
v 0.475900031 -0.002374524 0.128347206
v 0.490886715 0.087545581 0.120853864
v 0.490886715 -0.129761339 0.068400470
v 0.468406689 -0.137254681 0.113360522
v 0.483393373 -0.024854550 0.120853864
v 0.505873399 0.102532265 0.083387154
v 0.513366741 0.065065555 0.045920444
v 0.513366741 -0.024854550 0.000960391
v 0.505873399 -0.084801286 -0.014026293
v 0.490886715 -0.002374524 0.113360522
v 0.490886715 0.102532265 0.120853864
v 0.513366741 0.012612160 0.030933760
v 0.498380057 -0.137254681 -0.006532951
f 503 502 501
f 504 501 498
f 507 498 501
f 507 501 502
f 508 502 503
f 508 506 502
f 508 503 501
f 508 504 500
f 508 501 504
f 509 500 504
f 509 505 500
f 510 500 505
f 511 502 506
f 511 507 502
f 511 498 507
f 514 509 504
f 514 504 498
f 514 498 509
f 515 509 498
f 515 505 509
f 517 508 500
f 517 500 510
f 518 498 511
f 519 513 508
f 519 508 499
f 519 499 516
f 520 506 508
f 520 508 513
f 521 505 515
f 521 516 505
f 521 512 516
f 522 510 505
f 522 516 499
f 523 510 499
f 523 499 508
f 524 518 511
f 524 511 506
f 524 506 518
f 525 498 518
f 525 512 521
f 526 519 516
f 526 516 512
f 526 512 513
f 526 513 519
f 527 518 506
f 527 506 520
f 528 527 520
f 528 518 527
f 529 521 515
f 529 515 498
f 529 525 521
f 530 522 505
f 530 505 516
f 531 522 499
f 531 499 510
f 531 510 522
f 532 517 510
f 532 510 523
f 532 508 517
f 533 525 518
f 533 512 525
f 533 518 528
f 533 528 520
f 533 520 513
f 533 513 512
f 534 529 498
f 534 498 525
f 534 525 529
f 535 530 516
f 535 516 522
f 535 522 530
f 536 532 523
f 536 523 508
f 536 508 532
o link1018
usemtl Material018
v 0.341019874 0.244905764 0.225760653
v 0.408451389 0.132278875 0.181864156
v 0.415953295 0.238999993 -0.014026293
v 0.326033190 0.238999993 -0.014026293
v 0.324139980 0.132285783 0.227243270
v 0.415953295 0.132505633 -0.014026293
v 0.385979927 0.244905764 0.203280627
v 0.325007492 0.238999993 0.222731484
v 0.415953295 0.238999993 0.113360522
v 0.326033190 0.132505633 -0.014026293
v 0.393473269 0.132505633 0.203280627
v 0.333526532 0.162479002 0.233253995
v 0.323826218 0.162222716 0.226247113
v 0.415953295 0.132505633 0.113360522
v 0.408459953 0.237412422 0.188293943
v 0.333526532 0.132505633 0.233253995
v 0.363499900 0.222425738 0.218267311
v 0.408459953 0.238999993 0.178121403
v 0.393473269 0.154985660 0.203280627
v 0.348513216 0.214932396 0.225760653
v 0.400966611 0.207439054 0.195787285
v 0.378486584 0.207439054 0.210773969
f 542 540 539
f 543 539 540
f 543 540 537
f 544 537 540
f 545 542 539
f 545 539 543
f 546 540 542
f 546 542 538
f 546 538 541
f 547 541 538
f 548 537 544
f 549 544 540
f 549 548 544
f 549 541 548
f 549 546 541
f 549 540 546
f 550 538 542
f 550 542 545
f 551 550 545
f 551 538 550
f 551 547 538
f 552 548 541
f 552 541 547
f 553 543 537
f 553 552 547
f 553 548 552
f 554 551 545
f 554 545 543
f 554 543 551
f 555 547 551
f 555 553 547
f 556 553 537
f 556 537 548
f 556 548 553
f 557 555 551
f 557 551 543
f 558 543 553
f 558 553 555
f 558 557 543
f 558 555 557
o link1019
usemtl Material019
v 0.318539848 -0.017361208 -0.163893134
v 0.318539848 -0.271868199 -0.163893134
v 0.318539848 -0.212188101 -0.313759975
v 0.228619743 -0.017361208 -0.300999999
v 0.228661607 -0.259278322 -0.161103482
v 0.317898434 -0.017273385 -0.311326219
v 0.228619743 -0.017361208 -0.163893134
v 0.273579796 -0.257148154 -0.306266633
v 0.281073138 -0.114774655 -0.321253317
v 0.228619743 -0.264641496 -0.186373160
v 0.318539848 -0.264641496 -0.283786607
v 0.303553164 -0.084801286 -0.321253317
v 0.228619743 -0.150000006 -0.300999999
v 0.273579796 -0.249654812 -0.313759975
v 0.236113085 -0.272134838 -0.163893134
v 0.296059822 -0.167228049 -0.321253317
v 0.288566480 -0.092294628 -0.321253317
v 0.281073138 -0.174721391 -0.321253317
v 0.228619743 -0.249654812 -0.283786607
v 0.303553164 -0.249654812 -0.313759975
v 0.303553164 -0.272134838 -0.268799923
v 0.303553164 -0.114774655 -0.321253317
v 0.303553164 -0.017361208 -0.313759975
v 0.258593112 -0.249654812 -0.306266633
v 0.236113085 -0.257148154 -0.283786607
v 0.303553164 -0.257148154 -0.306266633
v 0.318539848 -0.249654812 -0.306266633
v 0.311046506 -0.242161470 -0.313759975
v 0.288566480 -0.174721391 -0.321253317
v 0.318539848 -0.272134838 -0.261306581
v 0.296059822 -0.084801286 -0.321253317
v 0.236113085 -0.249654812 -0.291279949
v 0.236113085 -0.272134838 -0.171386476
v 0.258593112 -0.272134838 -0.253813239
v 0.288566480 -0.272134838 -0.268799923
v 0.243606427 -0.264641496 -0.261306581
v 0.251099769 -0.272134838 -0.231333212
f 559 560 561
f 563 560 559
f 564 559 561
f 565 563 559
f 565 564 562
f 565 559 564
f 568 565 562
f 568 563 565
f 569 561 560
f 570 564 561
f 571 562 567
f 571 568 562
f 573 560 563
f 573 563 568
f 574 567 570
f 575 570 567
f 575 567 562
f 576 572 571
f 576 571 567
f 576 567 574
f 577 568 571
f 578 566 572
f 578 572 576
f 580 574 570
f 580 570 561
f 580 561 574
f 581 575 562
f 581 562 564
f 581 564 570
f 582 572 566
f 582 571 572
f 583 568 577
f 583 582 566
f 584 566 578
f 584 579 566
f 584 569 579
f 585 561 569
f 585 584 578
f 585 569 584
f 586 578 574
f 586 574 561
f 586 585 578
f 586 561 585
f 587 578 576
f 587 576 574
f 587 574 578
f 588 579 569
f 588 569 560
f 588 560 573
f 588 573 579
f 589 581 570
f 589 570 575
f 589 575 581
f 590 577 571
f 590 571 582
f 590 583 577
f 590 582 583
f 591 573 568
f 591 568 583
f 591 579 573
f 592 583 566
f 592 579 591
f 593 592 566
f 593 566 579
f 593 579 592
f 594 591 583
f 594 583 592
f 595 594 592
f 595 592 591
f 595 591 594
o link1020
usemtl Material020
v 0.228619743 -0.137254681 -0.163893134
v 0.228661607 -0.259278322 -0.161103482
v 0.229924030 -0.234026720 -0.231252225
v 0.123712954 -0.137254681 -0.231333212
v 0.123712954 -0.137254681 -0.163893134
v 0.123712954 -0.257148154 -0.178879818
v 0.228619743 -0.137254681 -0.231333212
v 0.139095036 -0.259836115 -0.160302967
v 0.228619743 -0.264641496 -0.171386476
v 0.121398676 -0.200967115 -0.231268927
v 0.222056895 -0.197436947 -0.232866709
v 0.123779202 -0.256343032 -0.163291617
v 0.138699639 -0.264641496 -0.171386476
v 0.138699639 -0.234668127 -0.208853186
v 0.221126401 -0.234668127 -0.231333212
v 0.138699639 -0.242161470 -0.201359844
f 596 597 598
f 600 596 599
f 602 596 598
f 602 599 596
f 603 597 596
f 603 596 600
f 604 598 597
f 604 597 603
f 605 600 599
f 606 602 598
f 606 599 602
f 606 605 599
f 607 603 600
f 607 605 601
f 607 600 605
f 608 604 603
f 608 607 601
f 608 603 607
f 609 601 605
f 610 606 598
f 610 605 606
f 610 609 605
f 610 608 601
f 610 598 604
f 610 604 608
f 611 610 601
f 611 601 609
f 611 609 610
o link1021
usemtl Material021
v -0.007792123 0.105691737 0.211947263
v 0.004451865 -0.017243185 0.201839036
v 0.004685549 0.166900105 0.133845399
v -0.082596028 0.121767749 0.130470222
v -0.131060676 0.005118818 0.143333891
v -0.063620597 0.125012291 0.203280627
v 0.006775379 0.084469414 0.204845325
v 0.003819482 -0.017361208 0.135840548
v 0.003819482 0.154985660 0.165813917
v -0.056127255 0.147492317 0.143333891
v -0.131060676 0.050078871 0.143333891
v -0.033647229 -0.017361208 0.195787285
v -0.003673861 -0.002374524 0.210773969
v 0.006558836 -0.001736514 0.204164879
v -0.121975786 -0.017027851 0.133457073
v -0.009418537 0.164038662 0.131937273
v -0.026153887 0.125012291 0.203280627
v -0.011167203 0.169972344 0.143333891
v 0.003819482 0.117518949 0.195787285
v -0.086100623 0.125012291 0.143333891
v -0.123567333 0.042585529 0.150827233
v -0.063620597 -0.017361208 0.180800601
v -0.041140571 0.087545581 0.210773969
v -0.128667716 0.005656162 0.132170636
v -0.053625555 0.144118268 0.131888796
v -0.041140571 0.110025607 0.210773969
v 0.003819482 0.147492317 0.173307259
v 0.003819482 0.169972344 0.143333891
v -0.003673861 0.154985660 0.165813917
v -0.071113939 0.125012291 0.195787285
v -0.105592408 0.093040470 0.131492809
v -0.123567333 0.020105502 0.150827233
v -0.123567333 -0.017361208 0.143333891
v -0.093593965 -0.002374524 0.165813917
v -0.108580649 0.095038923 0.143333891
v -0.127955733 0.049161287 0.131540149
v -0.116073991 -0.009867866 0.150827233
v -0.101087307 -0.017361208 0.158320575
f 620 618 614
f 623 619 613
f 624 618 612
f 624 623 613
f 625 613 619
f 625 624 613
f 625 618 624
f 625 619 614
f 625 614 618
f 627 619 615
f 627 614 619
f 628 620 617
f 629 614 627
f 630 612 618
f 631 621 615
f 632 622 616
f 632 617 622
f 633 619 623
f 634 624 612
f 634 623 624
f 634 633 623
f 635 615 619
f 635 619 626
f 635 626 616
f 635 616 622
f 636 627 615
f 636 615 621
f 636 629 627
f 636 621 629
f 637 628 617
f 637 612 628
f 637 634 612
f 637 617 634
f 638 628 612
f 638 620 628
f 638 612 630
f 638 630 618
f 638 618 620
f 639 629 620
f 639 620 614
f 639 614 629
f 640 629 617
f 640 617 620
f 640 620 629
f 641 629 621
f 641 617 629
f 641 621 631
f 641 622 617
f 642 631 615
f 643 632 616
f 643 617 632
f 644 616 626
f 644 626 619
f 644 619 633
f 645 634 617
f 645 633 634
f 645 617 643
f 646 641 631
f 646 622 641
f 646 631 642
f 647 635 622
f 647 646 642
f 647 622 646
f 647 642 615
f 647 615 635
f 648 645 643
f 648 643 616
f 648 616 644
f 649 648 644
f 649 644 633
f 649 633 645
f 649 645 648
o link1022
usemtl Material022
v 0.490886715 0.244905764 -0.014026293
v 0.497343941 0.116791432 -0.013944817
v 0.453420005 0.125012291 -0.156399792
v 0.326033190 0.244905764 -0.253813239
v 0.326033190 0.117518949 -0.014026293
v 0.438433321 0.244905764 -0.156399792
v 0.498380057 0.125012291 -0.058986345
v 0.326033190 0.238999993 -0.014026293
v 0.325836478 0.117497805 -0.253240078
v 0.333526532 0.244905764 -0.253813239
v 0.498380057 0.132505633 -0.014026293
v 0.478269128 0.113611956 -0.101733736
v 0.483393373 0.237412422 -0.073973029
v 0.408459953 0.125012291 -0.201359844
v 0.341019874 0.117518949 -0.253813239
v 0.490886715 0.244905764 -0.036506319
v 0.492975459 0.113620726 -0.057648801
v 0.483393373 0.125012291 -0.103946397
v 0.441751185 0.113631774 -0.160229611
v 0.400966611 0.244905764 -0.193866502
v 0.341019874 0.162479002 -0.253813239
v 0.498380057 0.132505633 -0.029012977
v 0.475900031 0.244905764 -0.088959713
v 0.453420005 0.117518949 -0.156399792
v 0.460913347 0.237412422 -0.126426424
v 0.463080217 0.113264947 -0.130978808
v 0.483393373 0.244905764 -0.066479687
v 0.468406689 0.125012291 -0.133919766
v 0.408459953 0.117518949 -0.201359844
v 0.445926663 0.237412422 -0.148906450
v 0.453420005 0.244905764 -0.133919766
v 0.468406689 0.237412422 -0.111439739
v 0.475900031 0.229919080 -0.096453055
f 655 653 650
f 657 654 651
f 657 651 650
f 657 650 653
f 658 657 653
f 658 654 657
f 659 653 655
f 660 650 651
f 660 651 656
f 663 655 652
f 664 658 653
f 664 653 659
f 665 650 660
f 665 656 662
f 665 655 650
f 666 656 651
f 666 651 654
f 667 666 661
f 667 656 666
f 667 662 656
f 668 654 658
f 668 658 664
f 669 663 659
f 669 659 655
f 669 655 663
f 670 664 659
f 670 659 663
f 670 663 664
f 671 665 660
f 671 660 656
f 671 656 665
f 672 655 665
f 673 667 661
f 673 663 652
f 675 666 654
f 675 654 668
f 675 661 666
f 675 673 661
f 675 668 673
f 676 672 665
f 676 665 662
f 676 662 672
f 677 673 652
f 677 667 673
f 677 674 667
f 678 673 668
f 678 668 664
f 678 664 663
f 678 663 673
f 679 652 655
f 679 655 674
f 679 677 652
f 679 674 677
f 680 674 655
f 680 655 672
f 680 672 674
f 681 674 672
f 681 672 662
f 681 667 674
f 682 681 662
f 682 662 667
f 682 667 681
o link1023
usemtl Material023
v 0.438433321 0.244905764 0.180800601
v 0.483393373 0.132505633 0.128347206
v 0.483393373 0.244905764 0.068400470
v 0.415953295 0.238999993 0.053413786
v 0.408451389 0.132278875 0.181864156
v 0.483039027 0.132493891 0.053334897
v 0.475900031 0.244905764 0.135840548
v 0.438433321 0.132505633 0.188293943
v 0.408459953 0.238999993 0.178121403
v 0.479190411 0.238999993 0.052587149
v 0.415953295 0.132505633 0.053413786
v 0.483393373 0.237412422 0.120853864
v 0.460913347 0.132505633 0.165813917
v 0.408459953 0.238999993 0.113360522
v 0.430939979 0.162479002 0.188293943
v 0.483393373 0.207439054 0.128347206
v 0.445926663 0.214932396 0.180800601
v 0.408459953 0.132505633 0.113360522
v 0.438433321 0.147492317 0.188293943
v 0.475900031 0.132505633 0.143333891
v 0.460913347 0.244905764 0.158320575
v 0.475900031 0.184959028 0.143333891
v 0.468406689 0.237412422 0.150827233
v 0.460913347 0.162479002 0.165813917
v 0.453420005 0.192452370 0.173307259
f 683 685 686
f 688 685 684
f 688 684 687
f 689 685 683
f 692 686 685
f 692 685 688
f 693 688 687
f 693 692 688
f 693 686 692
f 694 684 685
f 694 685 689
f 695 690 687
f 696 691 683
f 696 683 686
f 696 686 693
f 696 687 691
f 697 683 691
f 697 691 687
f 697 687 690
f 698 694 689
f 698 684 694
f 700 696 693
f 700 693 687
f 700 687 696
f 701 697 690
f 701 683 697
f 701 699 683
f 701 690 695
f 702 684 698
f 702 695 687
f 702 687 684
f 703 689 683
f 703 683 699
f 704 702 698
f 704 695 702
f 705 704 698
f 705 698 689
f 705 689 703
f 705 703 699
f 706 695 704
f 706 704 705
f 706 701 695
f 706 699 701
f 707 706 705
f 707 705 699
f 707 699 706
o link1024
usemtl Material024
v 0.479190411 0.238999993 0.052587149
v 0.490886715 0.132505633 0.053413786
v 0.490886715 0.244905764 -0.014026293
v 0.415953295 0.238999993 -0.014026293
v 0.415953295 0.132505633 0.053413786
v 0.488588375 0.132420588 -0.013894188
v 0.483393373 0.267385790 0.008453734
v 0.490886715 0.222425738 0.053413786
v 0.415953295 0.238999993 0.053413786
v 0.415953295 0.132505633 -0.014026293
v 0.476500005 0.263000011 -0.002500000
v 0.490886715 0.244905764 0.038427102
v 0.481500000 0.263000011 -0.002500000
f 713 710 709
f 713 709 712
f 715 709 710
f 715 712 709
f 716 711 712
f 716 714 711
f 716 708 714
f 716 715 708
f 716 712 715
f 717 711 710
f 717 710 713
f 717 713 712
f 717 712 711
f 718 710 711
f 718 711 714
f 719 714 708
f 719 708 715
f 719 715 710
f 719 710 714
f 720 718 714
f 720 714 710
f 720 710 718
o link1025
usemtl Material025
v 0.116219612 -0.017361208 0.248240679
v 0.123712954 -0.152241365 0.210773969
v 0.123712954 -0.017361208 -0.014026293
v -0.048633913 -0.017361208 -0.014026293
v -0.048633913 -0.144748023 0.173307259
v -0.037948254 -0.016748069 0.182255710
v 0.125265504 -0.017986260 0.242770709
v 0.048779534 -0.092294628 0.225760653
v 0.123712954 -0.152241365 -0.014026293
v -0.046889220 -0.017026110 0.177500532
v 0.116219612 -0.024854550 0.248240679
v -0.011167203 -0.137254681 0.188293943
v -0.041140571 -0.062321260 0.188293943
v -0.048633913 -0.152241365 0.165813917
v -0.048633913 -0.092294628 0.180800601
v 0.078752902 -0.084801286 0.233253995
v 0.018806166 -0.017361208 0.218267311
v -0.041140571 -0.137254681 0.180800601
v 0.086246244 -0.152241365 0.203280627
v -0.048633913 -0.152241365 -0.014026293
v 0.071259560 -0.077307944 0.233253995
v 0.116219612 -0.152241365 0.210773969
v 0.116219612 -0.084801286 0.233253995
v 0.086246244 -0.039841234 0.240747337
v 0.003819482 -0.039841234 0.210773969
v 0.086246244 -0.017361208 0.240747337
v -0.033647229 -0.114774655 0.188293943
v -0.026153887 -0.152241365 0.173307259
v 0.063766218 -0.054827918 0.233253995
v 0.018806166 -0.024854550 0.218267311
v 0.026299508 -0.069814602 0.218267311
f 726 721 723
f 726 723 724
f 727 723 721
f 729 727 722
f 729 723 727
f 729 724 723
f 730 726 724
f 731 727 721
f 731 722 727
f 734 729 722
f 734 725 724
f 735 730 724
f 735 724 725
f 735 733 730
f 737 726 730
f 737 730 733
f 738 732 728
f 738 735 725
f 739 734 722
f 739 738 725
f 739 732 738
f 740 734 724
f 740 724 729
f 740 729 734
f 741 736 731
f 741 728 736
f 742 736 728
f 742 722 736
f 742 739 722
f 742 728 732
f 742 732 739
f 743 736 722
f 743 722 731
f 743 731 736
f 744 731 721
f 744 741 731
f 744 728 741
f 746 721 726
f 746 726 737
f 746 744 721
f 746 737 744
f 747 738 728
f 747 733 735
f 747 735 738
f 747 745 733
f 748 739 725
f 748 725 734
f 748 734 739
f 749 728 744
f 750 737 733
f 750 733 745
f 750 728 749
f 750 749 744
f 750 744 737
f 751 747 728
f 751 745 747
f 751 750 745
f 751 728 750
o link1026
usemtl Material026
v -0.048633913 0.154985660 0.135840548
v -0.048633913 -0.017361208 0.135840548
v -0.048340353 0.221330152 -0.014394826
v -0.138554018 0.199945712 -0.014026293
v -0.191007412 -0.017361208 0.098373838
v -0.063620597 0.192452370 0.090880496
v -0.138554018 -0.017361208 0.135840548
v -0.048633913 -0.017361208 -0.014026293
v -0.048633913 0.199945712 0.075893812
v -0.161034044 0.110025607 0.098373838
v -0.234286438 -0.017266481 -0.014810605
v -0.048633913 0.169972344 0.120853864
v -0.078607281 0.222425738 -0.006532951
v -0.108580649 0.154985660 0.105867180
v -0.116073991 0.102532265 0.135840548
v -0.235967464 -0.017361208 0.000960391
v -0.222109922 0.077770125 -0.017140035
v -0.048633913 0.192452370 0.090880496
v -0.056127255 0.169972344 0.120853864
v -0.048633913 0.222425738 0.008453734
v -0.078607281 0.222425738 -0.014026293
v -0.138554018 0.192452370 0.030933760
v -0.056127255 0.199945712 0.075893812
v -0.108580649 0.125012291 0.128347206
v -0.153540702 0.035092187 0.128347206
v -0.235967464 0.057572213 -0.014026293
v -0.101087307 0.184959028 0.083387154
v -0.131060676 0.207439054 -0.006532951
v -0.131060676 0.207439054 -0.014026293
v -0.056127255 0.222425738 0.008453734
v -0.146047360 0.117518949 0.105867180
v -0.071113939 0.147492317 0.135840548
v -0.146047360 0.065065555 0.128347206
v -0.191007412 0.027598845 0.098373838
v -0.153540702 0.005118818 0.128347206
v -0.138554018 0.057572213 0.135840548
v -0.205994096 0.125012291 -0.006532951
v -0.086100623 0.192452370 0.075893812
v -0.131060676 0.184959028 0.053413786
v -0.056127255 0.154985660 0.135840548
v -0.101087307 0.132505633 0.128347206
v -0.086100623 0.162479002 0.113360522
v -0.146047360 0.087545581 0.120853864
v -0.191007412 0.065065555 0.083387154
v -0.235967464 0.035092187 0.000960391
v -0.220980780 -0.009867866 0.038427102
v -0.176020728 0.057572213 0.105867180
v -0.176020728 0.125012291 0.053413786
v -0.191007412 0.147492317 -0.014026293
v -0.078607281 0.207439054 0.038427102
v -0.123567333 0.192452370 0.045920444
v -0.228474122 0.072558897 0.000960391
v -0.198500754 0.050078871 0.075893812
v -0.213487438 -0.017361208 0.053413786
v -0.213487438 0.020105502 0.053413786
v -0.176020728 0.080052239 0.098373838
v -0.198500754 0.132505633 0.000960391
v -0.161034044 0.117518949 0.090880496
v -0.205994096 0.125012291 -0.014026293
v -0.138554018 0.199945712 0.008453734
v -0.116073991 0.199945712 0.030933760
v -0.228474122 0.080052239 -0.006532951
v -0.235967464 0.057572213 -0.006532951
v -0.191007412 0.050078871 0.090880496
f 752 753 754
f 758 756 753
f 758 753 752
f 759 754 753
f 759 753 756
f 763 752 754
f 766 758 752
f 767 762 759
f 767 759 756
f 768 754 759
f 768 759 762
f 769 760 757
f 769 757 763
f 769 763 754
f 769 754 760
f 770 763 757
f 770 752 763
f 771 760 754
f 772 771 754
f 772 764 771
f 774 757 760
f 774 760 771
f 777 768 762
f 777 762 767
f 778 770 757
f 778 761 765
f 779 764 772
f 780 768 755
f 780 779 772
f 780 755 779
f 780 772 754
f 780 754 768
f 781 774 771
f 781 771 764
f 781 764 774
f 782 775 765
f 782 765 761
f 782 766 775
f 783 766 752
f 785 756 776
f 786 776 756
f 786 756 758
f 786 758 776
f 787 776 758
f 787 758 766
f 787 784 776
f 787 766 784
f 789 778 757
f 789 757 774
f 790 778 773
f 790 761 778
f 791 783 752
f 791 752 770
f 791 770 778
f 792 783 765
f 792 765 775
f 792 775 766
f 792 766 783
f 793 778 765
f 793 765 783
f 793 791 778
f 793 783 791
f 794 784 766
f 794 782 761
f 794 766 782
f 796 777 767
f 797 756 785
f 797 796 767
f 798 785 776
f 798 776 784
f 798 784 794
f 800 755 768
f 801 789 774
f 801 774 764
f 802 773 778
f 802 778 789
f 804 795 803
f 805 797 767
f 805 767 756
f 805 756 797
f 806 797 785
f 806 796 797
f 806 804 796
f 806 785 804
f 807 798 794
f 807 794 761
f 807 785 798
f 807 761 799
f 807 803 795
f 807 799 803
f 808 799 773
f 808 803 799
f 808 788 803
f 808 800 788
f 808 773 800
f 809 790 773
f 809 773 799
f 809 799 761
f 809 761 790
f 810 800 768
f 810 768 777
f 810 788 800
f 811 800 773
f 811 779 755
f 811 755 800
f 811 773 802
f 812 802 789
f 812 789 801
f 812 801 764
f 812 764 779
f 812 811 802
f 812 779 811
f 813 803 788
f 813 810 777
f 813 788 810
f 814 777 796
f 814 804 803
f 814 796 804
f 814 813 777
f 814 803 813
f 815 804 785
f 815 795 804
f 815 807 795
f 815 785 807
o link1027
usemtl Material027
v 0.468953412 -0.017108399 -0.158240372
v 0.483393373 -0.159734707 -0.201359844
v 0.453420005 -0.017361208 -0.283786607
v 0.317898434 -0.017273385 -0.311326219
v 0.318539848 -0.271868199 -0.156399792
v 0.326033190 -0.242161470 -0.306266633
v 0.483393373 -0.017361208 -0.231333212
v 0.445926663 -0.264641496 -0.156399792
v 0.318539848 -0.017361208 -0.156399792
v 0.445926663 -0.197201417 -0.276293265
v 0.341019874 -0.047334576 -0.313759975
v 0.318539848 -0.242161470 -0.306266633
v 0.483393373 -0.017361208 -0.178879818
v 0.393473269 -0.272134838 -0.246319896
v 0.316632860 -0.159473400 -0.306524219
v 0.475900031 -0.077307944 -0.156399792
v 0.453420005 -0.264641496 -0.201359844
v 0.483393373 -0.152241365 -0.223839870
v 0.341019874 -0.017361208 -0.313759975
v 0.438433321 -0.167228049 -0.283786607
v 0.326033190 -0.159734707 -0.313759975
v 0.438433321 -0.272134838 -0.156399792
v 0.423446637 -0.257148154 -0.253813239
v 0.326033190 -0.257148154 -0.291279949
v 0.318539848 -0.272134838 -0.261306581
v 0.468406689 -0.159734707 -0.156399792
v 0.483393373 -0.144748023 -0.193866502
v 0.453420005 -0.264641496 -0.178879818
v 0.460913347 -0.174721391 -0.261306581
v 0.475900031 -0.189708075 -0.208853186
v 0.483393373 -0.047334576 -0.231333212
v 0.400966611 -0.017361208 -0.298773291
v 0.400966611 -0.212188101 -0.291279949
v 0.445926663 -0.114774655 -0.283786607
v 0.430939979 -0.272134838 -0.223839870
v 0.438433321 -0.264641496 -0.231333212
v 0.408459953 -0.264641496 -0.253813239
v 0.318539848 -0.257148154 -0.291279949
v 0.333526532 -0.272134838 -0.261306581
v 0.453420005 -0.242161470 -0.156399792
v 0.483393373 -0.032347892 -0.178879818
v 0.475900031 -0.129761339 -0.163893134
v 0.445926663 -0.272134838 -0.193866502
v 0.483393373 -0.159734707 -0.216346528
v 0.475900031 -0.189708075 -0.201359844
v 0.453420005 -0.039841234 -0.283786607
v 0.468406689 -0.099787970 -0.253813239
v 0.430939979 -0.197201417 -0.283786607
v 0.348513216 -0.197201417 -0.306266633
v 0.341019874 -0.234668127 -0.306266633
v 0.400966611 -0.024854550 -0.298773291
v 0.430939979 -0.249654812 -0.253813239
v 0.445926663 -0.257148154 -0.223839870
v 0.363499900 -0.264641496 -0.268799923
v 0.415953295 -0.272134838 -0.238826554
v 0.460913347 -0.204694759 -0.156399792
v 0.468406689 -0.212188101 -0.186373160
v 0.483393373 -0.092294628 -0.186373160
v 0.445926663 -0.272134838 -0.186373160
v 0.453420005 -0.144748023 -0.276293265
v 0.378486584 -0.189708075 -0.298773291
v 0.333526532 -0.264641496 -0.276293265
v 0.423446637 -0.264641496 -0.246319896
f 816 818 819
f 822 818 816
f 824 816 819
f 828 822 816
f 828 817 822
f 830 824 819
f 830 820 824
f 830 819 827
f 831 824 823
f 831 816 824
f 831 828 816
f 833 822 817
f 836 821 827
f 836 827 819
f 836 834 826
f 836 819 834
f 837 824 820
f 837 823 824
f 839 827 821
f 840 820 830
f 840 837 820
f 840 829 837
f 841 831 823
f 842 817 828
f 843 823 837
f 844 833 832
f 844 832 825
f 845 843 832
f 846 818 822
f 846 822 833
f 847 826 834
f 847 834 819
f 847 819 818
f 848 825 838
f 849 825 835
f 849 836 826
f 849 835 836
f 850 837 829
f 852 839 821
f 852 821 838
f 853 840 830
f 853 830 827
f 853 827 839
f 853 839 840
f 854 840 839
f 854 829 840
f 855 841 823
f 855 823 843
f 856 842 828
f 856 828 831
f 857 831 841
f 857 841 842
f 858 832 843
f 858 837 850
f 858 851 832
f 858 850 851
f 859 833 817
f 859 817 845
f 859 845 832
f 859 832 833
f 860 845 817
f 860 843 845
f 861 818 846
f 861 847 818
f 862 846 833
f 862 833 844
f 862 861 846
f 862 844 861
f 863 848 835
f 863 835 825
f 863 825 848
f 865 848 838
f 865 838 821
f 865 821 836
f 865 836 864
f 865 835 848
f 866 849 826
f 866 826 847
f 866 861 849
f 866 847 861
f 867 851 838
f 867 838 825
f 867 825 851
f 868 851 825
f 868 825 832
f 868 832 851
f 869 839 852
f 869 829 854
f 870 850 829
f 870 869 852
f 870 829 869
f 870 851 850
f 871 841 855
f 871 842 841
f 871 817 842
f 872 855 843
f 872 871 855
f 872 817 871
f 872 860 817
f 872 843 860
f 873 856 831
f 873 842 856
f 873 857 842
f 873 831 857
f 874 858 843
f 874 843 837
f 874 837 858
f 875 861 844
f 875 844 825
f 875 825 849
f 875 849 861
f 876 864 836
f 876 836 835
f 876 865 864
f 876 835 865
f 877 869 854
f 877 854 839
f 877 839 869
f 878 870 852
f 878 852 838
f 878 838 851
f 878 851 870
o link1028
usemtl Material028
v 0.326033190 -0.069814602 0.225760653
v 0.326033190 -0.144748023 0.218267311
v 0.326033190 -0.069814602 0.128347206
v 0.123712954 -0.069814602 0.128347206
v 0.123712954 -0.092294628 0.225760653
v 0.326033190 -0.144748023 0.128347206
v 0.212940943 -0.066177257 0.227798560
v 0.123712954 -0.144748023 0.128347206
v 0.121464470 -0.070185735 0.220203936
v 0.213633059 -0.077307944 0.233253995
v 0.153686323 -0.144748023 0.218267311
v 0.157499056 -0.068015429 0.229655814
v 0.125221027 -0.144137797 0.204041785
v 0.281073138 -0.137254681 0.225760653
v 0.153686323 -0.077307944 0.233253995
v 0.311046506 -0.107281312 0.225760653
v 0.228619743 -0.137254681 0.225760653
v 0.326033190 -0.077307944 0.225760653
f 879 880 881
f 884 881 880
f 884 882 881
f 885 879 881
f 885 881 882
f 886 882 884
f 886 884 880
f 887 882 886
f 888 879 885
f 889 886 880
f 890 885 882
f 890 882 887
f 890 888 885
f 891 887 886
f 891 883 887
f 891 889 883
f 891 886 889
f 892 889 880
f 893 883 889
f 893 888 890
f 893 890 887
f 893 887 883
f 893 892 888
f 894 892 880
f 894 888 892
f 895 893 889
f 895 889 892
f 895 892 893
f 896 894 880
f 896 880 879
f 896 879 888
f 896 888 894
o link1029
usemtl Material029
v 0.123712954 0.238999993 -0.014026293
v 0.123712954 0.117518949 -0.014026293
v 0.123712954 0.117518949 -0.156399792
v -0.176020728 0.177465686 -0.156399792
v -0.205994096 0.132505633 -0.014026293
v 0.123712954 0.238999993 -0.156399792
v -0.116073991 0.222425738 -0.036506319
v -0.208386749 0.114280024 -0.024226827
v -0.116073991 0.214932396 -0.014026293
v -0.198500754 0.184959028 -0.081466371
v -0.056127255 0.237412422 -0.156399792
v -0.202980304 0.115605198 -0.015625864
v -0.209489663 0.115195584 -0.154425797
v -0.003673861 0.244905764 -0.014026293
v -0.123567333 0.214932396 -0.021519635
v -0.153540702 0.214932396 -0.096453055
v -0.213487438 0.125012291 -0.021519635
v -0.213487438 0.132505633 -0.156399792
v -0.048633913 0.244905764 -0.051493003
v 0.063766218 0.244905764 -0.156399792
v -0.183514070 0.169972344 -0.029012977
v -0.153540702 0.214932396 -0.081466371
v -0.131060676 0.214932396 -0.141413108
v -0.191007412 0.192452370 -0.096453055
v -0.243460806 0.117518949 -0.073973029
v -0.078607281 0.237412422 -0.051493003
v -0.048633913 0.244905764 -0.066479687
v -0.131060676 0.207439054 -0.014026293
v -0.213487438 0.162479002 -0.066479687
v -0.086100623 0.229919080 -0.156399792
v -0.168527386 0.207439054 -0.088959713
v -0.228474122 0.154985660 -0.096453055
v -0.161034044 0.199945712 -0.133919766
v -0.243460806 0.117518949 -0.103946397
v -0.243460806 0.125012291 -0.073973029
v -0.041140571 0.244905764 -0.043999661
v -0.101087307 0.229919080 -0.051493003
v -0.108580649 0.229919080 -0.111439739
v -0.198500754 0.177465686 -0.066479687
v -0.205994096 0.139998975 -0.021519635
v -0.131060676 0.222425738 -0.111439739
v -0.146047360 0.199945712 -0.156399792
v -0.168527386 0.207439054 -0.096453055
v -0.191007412 0.192452370 -0.088959713
v -0.205994096 0.177465686 -0.103946397
v -0.220980780 0.162479002 -0.081466371
v -0.220980780 0.117518949 -0.148906450
v -0.243460806 0.132505633 -0.096453055
v -0.108580649 0.229919080 -0.081466371
v -0.078607281 0.237412422 -0.103946397
v -0.191007412 0.162479002 -0.029012977
v -0.220980780 0.147492317 -0.058986345
v -0.123567333 0.222425738 -0.126426424
v -0.153540702 0.207439054 -0.126426424
v -0.191007412 0.162479002 -0.156399792
v -0.176020728 0.192452370 -0.126426424
v -0.235967464 0.139998975 -0.103946397
v -0.220980780 0.125012291 -0.148906450
v -0.243460806 0.132505633 -0.088959713
v -0.228474122 0.147492317 -0.073973029
v -0.213487438 0.154985660 -0.126426424
v -0.243460806 0.125012291 -0.103946397
v -0.228474122 0.154985660 -0.088959713
v -0.228474122 0.139998975 -0.118933081
f 901 898 897
f 902 899 900
f 902 897 898
f 902 898 899
f 904 899 898
f 907 902 900
f 908 904 898
f 908 898 901
f 909 899 904
f 910 905 897
f 910 903 905
f 911 905 903
f 913 908 901
f 913 904 908
f 914 900 899
f 914 899 909
f 916 910 897
f 916 897 902
f 916 915 910
f 916 902 907
f 918 911 903
f 921 904 913
f 923 916 907
f 923 915 916
f 923 922 915
f 924 911 906
f 924 905 911
f 924 901 897
f 924 897 905
f 926 907 900
f 927 918 912
f 927 906 911
f 927 911 918
f 930 909 904
f 930 904 921
f 931 921 913
f 931 913 901
f 931 930 921
f 932 910 915
f 932 915 922
f 932 922 903
f 932 903 910
f 933 918 903
f 933 903 922
f 934 907 926
f 935 924 906
f 935 917 924
f 936 901 924
f 936 931 901
f 937 912 918
f 938 926 900
f 938 919 926
f 938 900 929
f 939 927 912
f 939 920 927
f 939 929 920
f 939 912 937
f 940 927 920
f 940 920 906
f 940 906 927
f 941 928 906
f 941 906 920
f 942 906 928
f 942 935 906
f 942 925 935
f 943 914 909
f 943 909 930
f 944 930 931
f 945 922 934
f 945 933 922
f 945 918 933
f 945 937 918
f 945 934 937
f 946 923 907
f 946 907 934
f 946 934 922
f 946 922 923
f 947 925 936
f 947 935 925
f 947 917 935
f 947 936 924
f 947 924 917
f 948 936 925
f 948 931 936
f 948 925 942
f 949 926 919
f 949 939 937
f 949 937 934
f 949 934 926
f 950 929 939
f 950 938 929
f 950 919 938
f 950 949 919
f 950 939 949
f 951 941 900
f 951 900 914
f 952 929 900
f 952 900 941
f 952 941 920
f 952 920 929
f 953 944 928
f 953 914 944
f 954 943 930
f 954 944 914
f 954 914 943
f 955 928 944
f 955 944 931
f 955 931 942
f 956 948 942
f 956 942 931
f 956 931 948
f 957 928 941
f 957 941 951
f 957 953 928
f 957 951 914
f 958 954 930
f 958 930 944
f 958 944 954
f 959 955 942
f 959 942 928
f 959 928 955
f 960 957 914
f 960 914 953
f 960 953 957
o link1030
usemtl Material030
v -0.071113939 -0.122267997 -0.223839870
v -0.070202972 -0.224065305 -0.223827580
v -0.070120677 -0.223784399 -0.300999999
v -0.205994096 -0.129761339 -0.306266633
v -0.205994096 -0.129761339 -0.223839870
v -0.146047360 -0.227174785 -0.291279949
v -0.071113939 -0.122267997 -0.300999999
v -0.201807969 -0.120081109 -0.300999999
v -0.101087307 -0.234668127 -0.306266633
v -0.183514070 -0.197201417 -0.261306581
v -0.201950855 -0.120112509 -0.223832874
v -0.131060676 -0.234668127 -0.261306581
v -0.183514070 -0.197201417 -0.306266633
v -0.101087307 -0.234668127 -0.261306581
v -0.131060676 -0.234668127 -0.306266633
v -0.146047360 -0.227174785 -0.268799923
v -0.146047360 -0.197201417 -0.223839870
v -0.176020728 -0.204694759 -0.306266633
v -0.086100623 -0.227174785 -0.223839870
v -0.176020728 -0.204694759 -0.261306581
v -0.191007412 -0.152241365 -0.223839870
f 961 962 963
f 967 961 963
f 968 967 964
f 968 961 967
f 969 963 962
f 969 967 963
f 969 964 967
f 970 965 964
f 971 961 968
f 971 962 961
f 971 968 964
f 971 964 965
f 973 964 969
f 973 970 964
f 974 972 969
f 974 969 962
f 975 972 966
f 975 969 972
f 975 973 969
f 976 966 972
f 977 962 971
f 978 970 973
f 978 966 976
f 978 975 966
f 978 973 975
f 979 974 962
f 979 972 974
f 979 977 972
f 979 962 977
f 980 976 972
f 980 978 976
f 980 970 978
f 980 972 977
f 981 965 970
f 981 980 977
f 981 970 980
f 981 977 971
f 981 971 965
o link1031
usemtl Material031
v 0.123712954 -0.137254681 -0.156399792
v 0.123881747 -0.262523652 -0.154886003
v 0.123712954 -0.137254681 -0.223839870
v -0.071113939 -0.137254681 -0.223839870
v -0.069853647 -0.238463681 -0.152513945
v 0.018806166 -0.242161470 -0.223839870
v 0.124173188 -0.259048142 -0.159714262
v 0.064209694 -0.259251508 -0.152629558
v -0.071113939 -0.137254681 -0.156399792
v -0.063620597 -0.234668127 -0.223839870
v 0.123712954 -0.219681443 -0.216346528
v -0.047549322 -0.245802910 -0.152301253
v 0.063766218 -0.264641496 -0.163893134
v -0.071113939 -0.242161470 -0.163893134
v 0.121456572 -0.201060369 -0.223777193
v 0.123712954 -0.257148154 -0.178879818
v -0.011167203 -0.242161470 -0.223839870
v -0.010385587 -0.253838784 -0.153291644
v -0.070202972 -0.224065305 -0.223827580
v 0.086246244 -0.227174785 -0.223839870
v -0.011167203 -0.257148154 -0.163893134
v 0.063766218 -0.234668127 -0.223839870
v -0.048633913 -0.249654812 -0.163893134
f 982 984 985
f 987 985 984
f 988 982 983
f 988 984 982
f 989 983 982
f 990 986 982
f 990 982 985
f 991 985 987
f 992 984 988
f 993 989 982
f 993 982 986
f 994 983 989
f 995 990 985
f 995 986 990
f 996 984 992
f 997 992 988
f 997 988 983
f 997 994 987
f 997 983 994
f 998 991 987
f 998 987 994
f 999 994 989
f 999 989 993
f 1000 995 985
f 1000 985 991
f 1000 991 995
f 1001 996 992
f 1001 987 984
f 1001 984 996
f 1001 992 997
f 1002 998 994
f 1002 991 998
f 1002 994 999
f 1003 1001 997
f 1003 997 987
f 1003 987 1001
f 1004 995 991
f 1004 991 1002
f 1004 993 986
f 1004 986 995
f 1004 1002 999
f 1004 999 993
o link1032
usemtl Material032
v 0.497559457 -0.077036395 -0.013325022
v 0.489548286 -0.152767921 -0.014478781
v 0.498380057 -0.084801286 -0.081466371
v 0.466423208 -0.077236097 -0.156924671
v 0.460913347 -0.077307944 -0.014026293
v 0.461558993 -0.143553697 -0.158540776
v 0.498380057 -0.077307944 -0.081466371
v 0.498380057 -0.092294628 -0.021519635
v 0.495379640 -0.091000797 -0.010268213
v 0.490886715 -0.152241365 -0.066479687
v 0.490886715 -0.092294628 -0.103946397
v 0.457579102 -0.151514411 -0.116765043
v 0.460913347 -0.152241365 -0.014026293
v 0.490886715 -0.144748023 -0.073973029
v 0.490886715 -0.077307944 -0.103946397
v 0.465924240 -0.077489452 -0.155073783
v 0.468406689 -0.152241365 -0.118933081
v 0.483393373 -0.152241365 -0.088959713
v 0.460707656 -0.144712148 -0.156464103
f 1009 1005 1008
f 1012 1011 1005
f 1012 1007 1011
f 1013 1005 1009
f 1013 1012 1005
f 1013 1006 1012
f 1014 1012 1006
f 1014 1007 1012
f 1015 1010 1008
f 1015 1011 1007
f 1017 1013 1009
f 1017 1006 1013
f 1017 1009 1016
f 1018 1010 1015
f 1018 1015 1007
f 1018 1007 1014
f 1019 1015 1008
f 1019 1011 1015
f 1019 1008 1005
f 1019 1005 1011
f 1020 1016 1009
f 1020 1009 1008
f 1021 1017 1016
f 1021 1006 1017
f 1022 1018 1014
f 1022 1010 1018
f 1022 1021 1010
f 1022 1014 1006
f 1022 1006 1021
f 1023 1020 1008
f 1023 1008 1010
f 1023 1016 1020
f 1023 1021 1016
f 1023 1010 1021
o link1033
usemtl Material033
v 0.033792850 0.244905764 0.150827233
v 0.041765211 0.184936583 0.150482964
v 0.041286192 0.238999993 -0.014026293
v 0.004323772 0.235530373 -0.014659377
v 0.003920588 0.183430038 0.097809345
v 0.011312824 0.244905764 0.045920444
v 0.043435613 0.238999993 0.149282452
v 0.026299508 0.184959028 0.143333891
v 0.041286192 0.184959028 -0.014026293
v 0.014767636 0.238999799 -0.014029112
v 0.018806166 0.244905764 0.128347206
v 0.003819482 0.222425738 0.053413786
v 0.039308353 0.184724295 0.146982030
v 0.003819482 0.184959028 -0.014026293
v 0.026299508 0.229919080 0.143333891
v 0.003819482 0.192452370 0.098373838
v 0.003819482 0.237412422 0.008453734
f 1029 1024 1026
f 1030 1024 1025
f 1030 1026 1024
f 1031 1025 1024
f 1032 1030 1025
f 1032 1026 1030
f 1032 1027 1026
f 1033 1029 1026
f 1033 1026 1027
f 1033 1027 1029
f 1034 1024 1029
f 1036 1031 1028
f 1036 1025 1031
f 1036 1032 1025
f 1036 1028 1032
f 1037 1032 1028
f 1037 1027 1032
f 1038 1034 1031
f 1038 1031 1024
f 1038 1024 1034
f 1039 1028 1031
f 1039 1031 1034
f 1039 1034 1035
f 1039 1037 1028
f 1039 1035 1037
f 1040 1029 1027
f 1040 1037 1035
f 1040 1027 1037
f 1040 1035 1034
f 1040 1034 1029
o link1034
usemtl Material034
v -0.069461635 0.224219527 -0.223833466
v -0.071113939 0.117518949 -0.223839870
v -0.071113939 0.229919080 -0.306266633
v -0.176020728 0.199945712 -0.306266633
v -0.205994096 0.132505633 -0.223839870
v -0.071113939 0.117518949 -0.300999999
v -0.123567333 0.237412422 -0.261306581
v -0.205994096 0.132505633 -0.306266633
v -0.203756371 0.116357578 -0.300999999
v -0.078607281 0.229919080 -0.223839870
v -0.123567333 0.237412422 -0.306266633
v -0.183514070 0.192452370 -0.261306581
v -0.203988278 0.116392392 -0.223839870
v -0.108580649 0.237412422 -0.261306581
v -0.153540702 0.222425738 -0.291279949
v -0.161034044 0.184959028 -0.223839870
v -0.183514070 0.192452370 -0.306266633
v -0.108580649 0.237412422 -0.306266633
v -0.161034044 0.214932396 -0.306266633
v -0.153540702 0.222425738 -0.268799923
v -0.116073991 0.214932396 -0.223839870
v -0.183514070 0.162479002 -0.223839870
v -0.138554018 0.229919080 -0.306266633
v -0.161034044 0.214932396 -0.261306581
v -0.101087307 0.222425738 -0.223839870
v -0.138554018 0.229919080 -0.261306581
f 1046 1041 1042
f 1046 1043 1041
f 1048 1044 1043
f 1048 1043 1046
f 1049 1046 1042
f 1049 1048 1046
f 1050 1041 1043
f 1051 1043 1044
f 1052 1048 1045
f 1053 1049 1042
f 1053 1045 1048
f 1053 1048 1049
f 1053 1042 1041
f 1053 1041 1045
f 1054 1050 1043
f 1054 1047 1050
f 1054 1051 1047
f 1055 1047 1051
f 1057 1052 1044
f 1057 1044 1048
f 1057 1048 1052
f 1058 1054 1043
f 1058 1043 1051
f 1058 1051 1054
f 1059 1051 1044
f 1059 1044 1055
f 1060 1047 1055
f 1060 1055 1044
f 1060 1044 1052
f 1061 1056 1041
f 1062 1056 1052
f 1062 1052 1045
f 1062 1045 1041
f 1062 1041 1056
f 1063 1059 1055
f 1063 1055 1051
f 1063 1051 1059
f 1064 1060 1052
f 1064 1052 1056
f 1065 1050 1047
f 1065 1061 1041
f 1065 1041 1050
f 1066 1047 1060
f 1066 1060 1064
f 1066 1065 1047
f 1066 1061 1065
f 1066 1064 1056
f 1066 1056 1061
o link1035
usemtl Material035
v 0.303553164 -0.017361208 0.255734021
v 0.326033190 -0.069814602 0.225760653
v 0.326033190 -0.009867866 0.128347206
v 0.123712954 -0.009867866 0.128347206
v 0.121464470 -0.070185735 0.220203936
v 0.301986012 -0.006174625 0.250391991
v 0.161179665 -0.047334576 0.255734021
v 0.326033190 -0.069814602 0.128347206
v 0.323991794 -0.006046781 0.242790182
v 0.153686323 -0.069814602 0.240747337
v 0.236113085 -0.024854550 0.263227363
v 0.125216675 -0.009439110 0.241916807
v 0.123712954 -0.069814602 0.128347206
v 0.326033190 -0.017361208 0.248240679
v 0.153686323 -0.039841234 0.255734021
v 0.191153033 -0.069814602 0.240747337
v 0.236113085 -0.009867866 0.263227363
v 0.123985938 -0.021870918 0.242313433
v 0.198646375 -0.024854550 0.263227363
v 0.191153033 -0.047334576 0.255734021
v 0.146192981 -0.009867866 0.255734021
v 0.228619743 -0.039841234 0.255734021
v 0.198646375 -0.009867866 0.263227363
v 0.146192981 -0.024854550 0.255734021
f 1074 1069 1068
f 1074 1068 1071
f 1074 1070 1069
f 1075 1069 1070
f 1075 1070 1072
f 1077 1068 1067
f 1078 1072 1070
f 1079 1074 1071
f 1079 1071 1070
f 1079 1070 1074
f 1080 1068 1069
f 1080 1069 1075
f 1080 1067 1068
f 1080 1075 1072
f 1080 1072 1067
f 1081 1076 1073
f 1081 1071 1076
f 1082 1076 1071
f 1082 1071 1068
f 1082 1073 1076
f 1083 1077 1067
f 1083 1067 1072
f 1084 1078 1070
f 1084 1070 1071
f 1084 1071 1081
f 1085 1081 1073
f 1085 1073 1077
f 1085 1077 1083
f 1086 1077 1073
f 1086 1073 1082
f 1086 1082 1068
f 1087 1072 1078
f 1087 1078 1084
f 1088 1086 1068
f 1088 1068 1077
f 1088 1077 1086
f 1089 1083 1072
f 1089 1072 1087
f 1089 1087 1085
f 1089 1085 1083
f 1090 1081 1085
f 1090 1085 1087
f 1090 1087 1084
f 1090 1084 1081
o link1036
usemtl Material036
v -0.071113939 -0.122267997 -0.156399792
v -0.071003816 -0.234345018 -0.156060250
v -0.070202972 -0.224065305 -0.223827580
v -0.201950855 -0.120112509 -0.223832874
v -0.209488819 -0.120060180 -0.153801058
v -0.146047360 -0.197201417 -0.223839870
v -0.071113939 -0.122267997 -0.223839870
v -0.069795153 -0.230798713 -0.159826932
v -0.091611049 -0.230277566 -0.152007417
v -0.198500754 -0.152241365 -0.163893134
v -0.142493047 -0.200013455 -0.151927027
v -0.086100623 -0.227174785 -0.223839870
v -0.213487438 -0.129761339 -0.163893134
v -0.191007412 -0.152241365 -0.223839870
v -0.198500754 -0.152241365 -0.156399792
v -0.123567333 -0.219681443 -0.163893134
v -0.093593965 -0.234668127 -0.163893134
v -0.213487438 -0.122267997 -0.163893134
v -0.205994096 -0.129761339 -0.223839870
v -0.213487438 -0.129761339 -0.156399792
v -0.120545633 -0.215021547 -0.152385173
v -0.146047360 -0.204694759 -0.163893134
f 1095 1091 1094
f 1097 1094 1091
f 1098 1091 1092
f 1098 1092 1093
f 1098 1097 1091
f 1098 1093 1097
f 1099 1092 1091
f 1101 1099 1091
f 1101 1091 1095
f 1102 1093 1092
f 1102 1097 1093
f 1102 1096 1097
f 1104 1096 1100
f 1104 1097 1096
f 1104 1100 1103
f 1105 1101 1095
f 1105 1103 1100
f 1106 1096 1102
f 1107 1102 1092
f 1107 1092 1099
f 1107 1106 1102
f 1107 1099 1106
f 1108 1095 1094
f 1109 1104 1103
f 1109 1094 1097
f 1109 1097 1104
f 1109 1108 1094
f 1109 1103 1108
f 1110 1105 1095
f 1110 1103 1105
f 1110 1108 1103
f 1110 1095 1108
f 1111 1106 1099
f 1111 1099 1101
f 1112 1101 1105
f 1112 1105 1100
f 1112 1100 1096
f 1112 1096 1106
f 1112 1111 1101
f 1112 1106 1111
o link1037
usemtl Material037
v 0.333526532 0.102532265 0.255734021
v 0.475900031 0.012612160 0.143333891
v 0.475900031 0.132505633 0.143333891
v 0.326033190 0.132505633 0.128347206
v 0.326033190 -0.009867866 0.128347206
v 0.477619041 0.095271012 0.125043421
v 0.341019874 0.132505633 0.233253995
v 0.408459953 0.102532265 0.218267311
v 0.341019874 -0.009867866 0.248240679
v 0.323991794 -0.006046781 0.242790182
v 0.483393373 0.102532265 0.135840548
v 0.474971406 0.132467727 0.127804288
v 0.466862744 0.003387358 0.125437984
v 0.324139980 0.132285783 0.227243270
v 0.348513216 0.110025607 0.248240679
v 0.438433321 0.132505633 0.188293943
v 0.356006558 0.005118818 0.248240679
v 0.326033190 -0.002374524 0.255734021
v 0.477797886 0.102303858 0.125075818
v 0.460913347 -0.009867866 0.135840548
v 0.475900031 0.005118818 0.135840548
v 0.326033190 0.125012291 0.240747337
v 0.385979927 0.102532265 0.233253995
v 0.356006558 0.125012291 0.233253995
v 0.468406689 0.110025607 0.158320575
v 0.438433321 -0.009867866 0.188293943
v 0.333526532 -0.002374524 0.255734021
v 0.483393373 0.095038923 0.135840548
v 0.452834636 -0.010083848 0.128179227
v 0.470162302 0.005597500 0.128064096
v 0.333526532 0.125012291 0.240747337
v 0.326033190 0.102532265 0.255734021
v 0.393473269 0.110025607 0.225760653
v 0.408459953 0.035092187 0.218267311
v 0.370993242 0.102532265 0.240747337
v 0.460913347 0.132505633 0.165813917
v 0.415953295 -0.002374524 0.210773969
v 0.460913347 0.005118818 0.165813917
v 0.460913347 -0.009867866 0.158320575
v 0.385979927 0.035092187 0.233253995
v 0.356006558 0.027598845 0.248240679
v 0.370993242 -0.009867866 0.233253995
v 0.468406689 0.087545581 0.158320575
v 0.453420005 -0.009867866 0.173307259
v 0.408459953 -0.009867866 0.210773969
f 1118 1117 1116
f 1119 1115 1116
f 1122 1117 1121
f 1124 1116 1115
f 1124 1115 1123
f 1125 1117 1118
f 1126 1119 1116
f 1126 1116 1117
f 1126 1117 1122
f 1128 1115 1119
f 1130 1122 1121
f 1131 1118 1116
f 1131 1116 1124
f 1131 1124 1123
f 1133 1132 1125
f 1134 1119 1126
f 1135 1120 1128
f 1136 1128 1119
f 1136 1119 1127
f 1136 1127 1128
f 1137 1123 1115
f 1138 1128 1120
f 1139 1129 1113
f 1139 1113 1130
f 1139 1130 1121
f 1139 1121 1129
f 1140 1131 1123
f 1140 1118 1131
f 1140 1133 1118
f 1140 1114 1133
f 1140 1123 1137
f 1141 1121 1117
f 1141 1117 1125
f 1141 1125 1132
f 1142 1133 1125
f 1142 1125 1118
f 1142 1118 1133
f 1143 1127 1119
f 1143 1119 1134
f 1143 1134 1113
f 1143 1113 1127
f 1144 1130 1113
f 1144 1113 1134
f 1144 1122 1130
f 1144 1134 1126
f 1144 1126 1122
f 1145 1135 1128
f 1145 1128 1127
f 1146 1120 1135
f 1146 1138 1120
f 1147 1127 1113
f 1147 1145 1127
f 1147 1135 1145
f 1148 1137 1115
f 1148 1115 1128
f 1148 1128 1138
f 1149 1138 1146
f 1150 1148 1138
f 1150 1137 1148
f 1150 1114 1140
f 1151 1132 1133
f 1151 1133 1114
f 1151 1141 1132
f 1152 1146 1135
f 1152 1149 1146
f 1152 1129 1149
f 1152 1147 1129
f 1152 1135 1147
f 1153 1147 1113
f 1153 1113 1129
f 1153 1129 1147
f 1154 1149 1129
f 1154 1129 1121
f 1154 1121 1141
f 1155 1150 1140
f 1155 1140 1137
f 1155 1137 1150
f 1156 1150 1138
f 1156 1138 1141
f 1156 1141 1151
f 1156 1151 1114
f 1156 1114 1150
f 1157 1138 1149
f 1157 1149 1154
f 1157 1154 1141
f 1157 1141 1138
o link1038
usemtl Material038
v -0.071113939 -0.144748023 -0.014026293
v -0.069293387 -0.260894206 -0.014814107
v -0.071113939 -0.144748023 -0.156399792
v -0.195335361 -0.142602649 -0.154071867
v -0.205994096 -0.152241365 -0.021519635
v -0.078607281 -0.264641496 -0.133919766
v -0.230456137 -0.141608167 -0.089885894
v -0.198500754 -0.152241365 -0.014026293
v -0.069853647 -0.238463681 -0.152513945
v -0.194308318 -0.142250175 -0.016052711
v -0.161034044 -0.227174785 -0.118933081
v -0.123567333 -0.242161470 -0.014026293
v -0.069242754 -0.273102679 -0.093855855
v -0.146047360 -0.212188101 -0.156399792
v -0.228474122 -0.144748023 -0.066479687
v -0.205994096 -0.144748023 -0.021519635
v -0.213487438 -0.159734707 -0.133919766
v -0.176020728 -0.189708075 -0.014026293
v -0.086100623 -0.264641496 -0.014026293
v -0.071113939 -0.264641496 -0.133919766
v -0.086100623 -0.279628180 -0.096453055
v -0.093593965 -0.242161470 -0.156399792
v -0.198500754 -0.159734707 -0.156399792
v -0.220980780 -0.174721391 -0.096453055
v -0.213487438 -0.144748023 -0.141413108
v -0.191007412 -0.167228049 -0.014026293
v -0.116073991 -0.264641496 -0.103946397
v -0.071113939 -0.279628180 -0.066479687
v -0.183514070 -0.197201417 -0.133919766
v -0.235967464 -0.152241365 -0.088959713
v -0.168527386 -0.227174785 -0.073973029
v -0.213487438 -0.152241365 -0.141413108
v -0.093593965 -0.264641496 -0.126426424
v -0.131060676 -0.257148154 -0.073973029
v -0.071113939 -0.272134838 -0.029012977
v -0.078607281 -0.279628180 -0.066479687
v -0.161034044 -0.212188101 -0.141413108
v -0.198500754 -0.174721391 -0.141413108
v -0.205994096 -0.189708075 -0.103946397
v -0.235967464 -0.144748023 -0.096453055
v -0.235967464 -0.152241365 -0.096453055
v -0.228474122 -0.152241365 -0.066479687
v -0.138554018 -0.234668127 -0.021519635
v -0.086100623 -0.257148154 -0.141413108
v -0.108580649 -0.242161470 -0.148906450
v -0.101087307 -0.257148154 -0.014026293
v -0.153540702 -0.242161470 -0.096453055
v -0.101087307 -0.272134838 -0.073973029
v -0.078607281 -0.272134838 -0.029012977
v -0.131060676 -0.234668127 -0.141413108
v -0.176020728 -0.204694759 -0.133919766
v -0.198500754 -0.189708075 -0.118933081
v -0.228474122 -0.159734707 -0.103946397
v -0.220980780 -0.174721391 -0.081466371
v -0.153540702 -0.242161470 -0.081466371
v -0.123567333 -0.227174785 -0.156399792
v -0.146047360 -0.242161470 -0.111439739
v -0.131060676 -0.257148154 -0.096453055
v -0.161034044 -0.234668127 -0.103946397
v -0.086100623 -0.279628180 -0.081466371
v -0.146047360 -0.234668127 -0.126426424
v -0.108580649 -0.257148154 -0.126426424
v -0.191007412 -0.174721391 -0.021519635
v -0.205994096 -0.189708075 -0.073973029
f 1158 1159 1160
f 1164 1160 1161
f 1167 1158 1160
f 1167 1160 1164
f 1167 1165 1158
f 1169 1158 1165
f 1170 1166 1160
f 1170 1160 1159
f 1173 1162 1165
f 1173 1165 1167
f 1173 1172 1162
f 1173 1167 1164
f 1173 1164 1172
f 1175 1169 1165
f 1176 1159 1158
f 1176 1158 1169
f 1177 1166 1170
f 1178 1177 1170
f 1178 1163 1177
f 1179 1177 1163
f 1179 1166 1177
f 1179 1171 1160
f 1179 1160 1166
f 1180 1161 1160
f 1180 1160 1171
f 1182 1164 1161
f 1182 1161 1180
f 1183 1175 1165
f 1183 1165 1162
f 1185 1178 1170
f 1185 1170 1159
f 1189 1182 1180
f 1189 1180 1174
f 1190 1163 1178
f 1190 1178 1184
f 1192 1185 1159
f 1192 1159 1176
f 1193 1178 1185
f 1193 1185 1192
f 1195 1174 1180
f 1195 1180 1171
f 1195 1181 1174
f 1197 1187 1172
f 1197 1172 1164
f 1197 1164 1182
f 1197 1182 1189
f 1198 1181 1187
f 1198 1187 1197
f 1198 1197 1189
f 1198 1189 1174
f 1199 1162 1172
f 1199 1172 1187
f 1200 1169 1175
f 1200 1191 1169
f 1201 1179 1163
f 1201 1163 1190
f 1202 1201 1190
f 1202 1179 1201
f 1203 1191 1176
f 1203 1176 1169
f 1203 1169 1191
f 1204 1181 1196
f 1205 1191 1184
f 1205 1176 1191
f 1206 1193 1192
f 1206 1192 1176
f 1206 1205 1193
f 1206 1176 1205
f 1208 1171 1194
f 1208 1195 1171
f 1208 1186 1195
f 1209 1195 1186
f 1209 1186 1208
f 1209 1196 1181
f 1209 1181 1195
f 1210 1198 1174
f 1210 1174 1181
f 1210 1181 1198
f 1211 1162 1199
f 1211 1181 1204
f 1211 1199 1187
f 1211 1187 1181
f 1212 1200 1188
f 1212 1191 1200
f 1212 1204 1191
f 1212 1211 1204
f 1212 1188 1211
f 1213 1171 1179
f 1213 1179 1202
f 1213 1207 1171
f 1213 1202 1207
f 1214 1184 1204
f 1215 1204 1184
f 1215 1184 1191
f 1215 1191 1204
f 1216 1204 1196
f 1216 1214 1204
f 1216 1168 1214
f 1216 1208 1168
f 1216 1209 1208
f 1216 1196 1209
f 1217 1178 1193
f 1217 1193 1205
f 1217 1205 1184
f 1217 1184 1178
f 1218 1194 1171
f 1218 1171 1207
f 1218 1208 1194
f 1218 1168 1208
f 1218 1214 1168
f 1218 1184 1214
f 1219 1207 1202
f 1219 1202 1190
f 1219 1218 1207
f 1219 1190 1184
f 1219 1184 1218
f 1220 1211 1175
f 1220 1162 1211
f 1220 1183 1162
f 1220 1175 1183
f 1221 1200 1175
f 1221 1175 1211
f 1221 1211 1188
f 1221 1188 1200
o link1039
usemtl Material039
v 0.513366741 0.110025607 -0.014026293
v 0.513366741 -0.009867866 -0.014026293
v 0.475900031 0.102532265 -0.156399792
v 0.326033190 0.117518949 -0.156399792
v 0.326033190 -0.017361208 -0.014026293
v 0.460913347 0.117518949 -0.156399792
v 0.505873399 0.080052239 -0.081466371
v 0.499839090 0.113281908 -0.013551782
v 0.468953412 -0.017108399 -0.158240372
v 0.498380057 0.117518949 -0.081466371
v 0.513366741 0.087545581 -0.051493003
v 0.505475926 -0.017347558 -0.014013360
v 0.326033190 0.117518949 -0.014026293
v 0.505873399 -0.017361208 -0.066479687
v 0.498380057 0.012612160 -0.096453055
v 0.326033190 -0.017361208 -0.156399792
v 0.483393373 0.117518949 -0.118933081
v 0.498380057 0.102532265 -0.103946397
v 0.505873399 0.117518949 -0.051493003
v 0.513366741 0.005118818 -0.029012977
v 0.505873399 0.020105502 -0.073973029
v 0.498380057 0.110025607 -0.096453055
v 0.498380057 0.095038923 -0.103946397
v 0.505873399 0.102532265 -0.081466371
v 0.513366741 -0.009867866 -0.021519635
v 0.505873399 0.110025607 -0.073973029
v 0.513366741 0.110025607 -0.029012977
v 0.513366741 0.102532265 -0.051493003
f 1229 1223 1222
f 1230 1227 1224
f 1230 1225 1227
f 1231 1227 1225
f 1232 1222 1223
f 1233 1229 1226
f 1233 1223 1229
f 1234 1225 1226
f 1234 1226 1229
f 1234 1231 1225
f 1235 1223 1233
f 1235 1233 1226
f 1236 1230 1224
f 1236 1235 1230
f 1237 1226 1225
f 1237 1225 1230
f 1237 1235 1226
f 1237 1230 1235
f 1238 1224 1227
f 1238 1227 1231
f 1240 1229 1222
f 1240 1234 1229
f 1240 1231 1234
f 1241 1235 1232
f 1241 1232 1223
f 1242 1228 1232
f 1242 1232 1235
f 1242 1236 1228
f 1242 1235 1236
f 1243 1238 1231
f 1243 1239 1224
f 1243 1224 1238
f 1244 1236 1224
f 1244 1224 1239
f 1244 1239 1228
f 1244 1228 1236
f 1245 1232 1228
f 1245 1228 1239
f 1245 1239 1243
f 1246 1241 1223
f 1246 1223 1235
f 1246 1235 1241
f 1247 1243 1231
f 1247 1231 1240
f 1247 1245 1243
f 1248 1247 1240
f 1248 1240 1222
f 1248 1222 1232
f 1249 1232 1245
f 1249 1245 1247
f 1249 1248 1232
f 1249 1247 1248
o link1040
usemtl Material040
v 0.326033190 0.238999993 -0.163893134
v 0.326033190 0.117518949 -0.163893134
v 0.326033190 0.162479002 -0.261306581
v 0.228619743 0.199945712 -0.268799923
v 0.228619743 0.238999993 -0.163893134
v 0.229108733 0.117331821 -0.263521236
v 0.326033190 0.244905764 -0.253813239
v 0.326033190 0.117518949 -0.261306581
v 0.228619743 0.117518949 -0.163893134
v 0.311046506 0.244905764 -0.261306581
v 0.296059822 0.117518949 -0.268799923
v 0.318539848 0.207439054 -0.261306581
v 0.228816622 0.238999993 -0.259181098
v 0.273579796 0.192452370 -0.268799923
v 0.296059822 0.125012291 -0.268799923
v 0.243606427 0.207439054 -0.268799923
v 0.281073138 0.177465686 -0.268799923
v 0.258593112 0.207439054 -0.268799923
f 1250 1251 1252
f 1254 1251 1250
f 1256 1250 1252
f 1256 1254 1250
f 1257 1252 1251
f 1257 1251 1255
f 1258 1254 1253
f 1258 1253 1255
f 1258 1255 1251
f 1258 1251 1254
f 1259 1254 1256
f 1260 1257 1255
f 1260 1255 1253
f 1260 1252 1257
f 1261 1259 1256
f 1261 1256 1252
f 1262 1253 1254
f 1262 1254 1259
f 1263 1260 1253
f 1264 1259 1261
f 1264 1260 1263
f 1264 1261 1252
f 1264 1252 1260
f 1265 1262 1259
f 1265 1253 1262
f 1265 1263 1253
f 1266 1264 1263
f 1266 1263 1259
f 1266 1259 1264
f 1267 1265 1259
f 1267 1259 1263
f 1267 1263 1265
o link1041
usemtl Material041
v -0.210914526 0.101246365 -0.015335592
v -0.213487438 -0.077307944 -0.014026293
v -0.209489663 0.115195584 -0.154425797
v -0.220980780 0.117518949 -0.156399792
v -0.273434175 0.042585529 -0.081466371
v -0.213487438 -0.077307944 -0.156399792
v -0.210747157 0.115778877 -0.030467382
v -0.243460806 0.035092187 -0.014026293
v -0.250954148 -0.039841234 -0.148906450
v -0.250954148 0.117518949 -0.081466371
v -0.265940833 -0.069814602 -0.073973029
v -0.220980780 0.102532265 -0.014026293
v -0.243460806 0.057572213 -0.156399792
v -0.235967464 0.072558897 -0.014026293
v -0.220980780 0.117518949 -0.029012977
v -0.273434175 -0.009867866 -0.073973029
v -0.235967464 -0.069814602 -0.014026293
v -0.243460806 -0.077307944 -0.148906450
v -0.273434175 0.027598845 -0.103946397
v -0.258447490 0.095038923 -0.103946397
v -0.265940833 0.080052239 -0.081466371
v -0.243460806 0.057572213 -0.021519635
v -0.228474122 0.110025607 -0.029012977
v -0.265940833 0.020105502 -0.058986345
v -0.235967464 -0.077307944 -0.021519635
v -0.243460806 -0.032347892 -0.014026293
v -0.273434175 -0.047334576 -0.096453055
v -0.243460806 -0.062321260 -0.156399792
v -0.250954148 0.035092187 -0.148906450
v -0.250954148 0.117518949 -0.096453055
v -0.235967464 0.095038923 -0.148906450
v -0.273434175 0.050078871 -0.096453055
v -0.265940833 0.050078871 -0.066479687
v -0.250954148 0.110025607 -0.073973029
v -0.235967464 0.117518949 -0.051493003
v -0.273434175 0.005118818 -0.073973029
v -0.265940833 -0.077307944 -0.081466371
v -0.273434175 -0.047334576 -0.081466371
v -0.258447490 -0.054827918 -0.051493003
v -0.273434175 -0.024854550 -0.103946397
v -0.235967464 -0.077307944 -0.156399792
v -0.258447490 -0.062321260 -0.126426424
v -0.258447490 0.102532265 -0.096453055
v -0.228474122 0.102532265 -0.156399792
v -0.243460806 0.072558897 -0.148906450
v -0.273434175 0.050078871 -0.088959713
v -0.258447490 0.035092187 -0.133919766
v -0.258447490 0.027598845 -0.043999661
v -0.250954148 -0.032347892 -0.029012977
v -0.243460806 -0.054827918 -0.021519635
v -0.258447490 -0.039841234 -0.133919766
v -0.265940833 -0.077307944 -0.096453055
v -0.258447490 0.102532265 -0.088959713
v -0.265940833 0.080052239 -0.096453055
v -0.258447490 0.057572213 -0.126426424
v -0.265940833 -0.069814602 -0.103946397
v -0.258447490 0.072558897 -0.118933081
v -0.258447490 -0.077307944 -0.118933081
f 1268 1269 1270
f 1273 1270 1269
f 1273 1271 1270
f 1274 1268 1270
f 1274 1270 1271
f 1279 1275 1269
f 1279 1269 1268
f 1280 1271 1273
f 1281 1275 1279
f 1282 1274 1271
f 1282 1271 1277
f 1282 1279 1268
f 1282 1268 1274
f 1284 1269 1275
f 1285 1273 1269
f 1286 1283 1272
f 1289 1275 1281
f 1289 1281 1288
f 1290 1281 1279
f 1290 1279 1282
f 1292 1284 1278
f 1292 1269 1284
f 1292 1285 1269
f 1293 1284 1275
f 1294 1283 1286
f 1295 1280 1273
f 1295 1276 1280
f 1296 1280 1276
f 1297 1277 1271
f 1299 1286 1272
f 1300 1275 1289
f 1300 1289 1288
f 1300 1288 1272
f 1301 1288 1281
f 1301 1281 1290
f 1301 1290 1277
f 1301 1277 1288
f 1302 1290 1282
f 1302 1282 1277
f 1302 1277 1290
f 1303 1291 1272
f 1303 1272 1283
f 1304 1292 1278
f 1304 1285 1292
f 1305 1283 1294
f 1305 1304 1278
f 1305 1294 1304
f 1306 1305 1278
f 1307 1294 1286
f 1308 1295 1273
f 1308 1273 1285
f 1308 1285 1295
f 1309 1295 1285
f 1310 1277 1297
f 1310 1297 1271
f 1310 1298 1287
f 1311 1271 1280
f 1311 1310 1271
f 1311 1298 1310
f 1312 1287 1298
f 1312 1311 1280
f 1312 1298 1311
f 1313 1299 1272
f 1313 1272 1288
f 1313 1288 1299
f 1314 1286 1299
f 1314 1296 1276
f 1314 1307 1286
f 1314 1280 1296
f 1315 1275 1300
f 1315 1291 1303
f 1315 1303 1283
f 1315 1293 1275
f 1315 1283 1293
f 1315 1300 1272
f 1315 1272 1291
f 1316 1293 1283
f 1316 1283 1305
f 1316 1306 1293
f 1316 1305 1306
f 1317 1284 1293
f 1317 1293 1306
f 1317 1306 1278
f 1317 1278 1284
f 1318 1276 1295
f 1318 1295 1309
f 1318 1314 1276
f 1318 1307 1314
f 1318 1309 1294
f 1318 1294 1307
f 1319 1304 1294
f 1319 1285 1304
f 1320 1310 1288
f 1320 1288 1277
f 1320 1277 1310
f 1321 1299 1288
f 1321 1288 1310
f 1321 1310 1287
f 1322 1312 1280
f 1322 1314 1299
f 1322 1280 1314
f 1323 1319 1294
f 1324 1322 1299
f 1324 1299 1321
f 1324 1321 1287
f 1324 1287 1312
f 1324 1312 1322
f 1325 1309 1285
f 1325 1285 1319
f 1325 1319 1323
f 1325 1323 1294
f 1325 1294 1309
o link1042
usemtl Material042
v -0.069885637 0.224827574 -0.155879939
v -0.071113939 0.117518949 -0.156399792
v -0.069461635 0.224219527 -0.223833466
v -0.161034044 0.184959028 -0.223839870
v -0.213487438 0.125012291 -0.156399792
v -0.071113939 0.117518949 -0.223839870
v -0.101087307 0.222425738 -0.223839870
v -0.209489663 0.115195584 -0.154425797
v -0.153540702 0.192452370 -0.156399792
v -0.078607281 0.229919080 -0.223839870
v -0.203988278 0.116392392 -0.223839870
v -0.198500754 0.147492317 -0.156399792
v -0.116073991 0.214932396 -0.223839870
v -0.101087307 0.222425738 -0.156399792
v -0.213487438 0.117518949 -0.163893134
v -0.205994096 0.132505633 -0.223839870
v -0.131060676 0.207439054 -0.171386476
v -0.131060676 0.207439054 -0.156399792
v -0.183514070 0.162479002 -0.223839870
v -0.213487438 0.125012291 -0.163893134
v -0.153540702 0.192452370 -0.163893134
v -0.076588979 0.222987583 -0.155826586
v -0.198500754 0.147492317 -0.163893134
f 1326 1327 1328
f 1331 1328 1327
f 1332 1331 1329
f 1333 1327 1326
f 1333 1331 1327
f 1335 1326 1328
f 1335 1328 1331
f 1335 1331 1332
f 1336 1329 1331
f 1336 1331 1333
f 1337 1334 1329
f 1337 1330 1333
f 1337 1333 1334
f 1338 1332 1329
f 1339 1335 1332
f 1339 1326 1335
f 1340 1336 1333
f 1340 1333 1330
f 1341 1329 1336
f 1341 1336 1340
f 1342 1338 1329
f 1342 1339 1332
f 1342 1332 1338
f 1343 1334 1333
f 1343 1342 1334
f 1343 1339 1342
f 1344 1337 1329
f 1344 1329 1341
f 1345 1330 1337
f 1345 1341 1340
f 1345 1340 1330
f 1346 1342 1329
f 1346 1329 1334
f 1346 1334 1342
f 1347 1343 1333
f 1347 1333 1326
f 1347 1326 1339
f 1347 1339 1343
f 1348 1344 1341
f 1348 1337 1344
f 1348 1345 1337
f 1348 1341 1345
o link1043
usemtl Material043
v 0.003819482 0.192452370 0.098373838
v 0.003920588 0.183430038 0.097809345
v 0.004323772 0.235530373 -0.014659377
v -0.048633913 0.229919080 -0.014026293
v -0.048633913 0.192452370 0.090880496
v 0.003819482 0.184959028 -0.014026293
v -0.018660545 0.192452370 0.098373838
v -0.003673861 0.222425738 0.053413786
v -0.048633913 0.184959028 -0.014026293
v -0.047404568 0.180119300 0.089382287
v -0.003673861 0.237412422 0.008453734
v -0.048633913 0.199945712 0.083387154
v 0.003819482 0.222425738 0.053413786
v -0.018180443 0.182016233 0.096824407
v -0.018660545 0.237412422 -0.014026293
v -0.026153887 0.207439054 0.075893812
v -0.048633913 0.229919080 -0.006532951
v 0.003819482 0.237412422 0.008453734
v -0.018660545 0.237412422 -0.006532951
v -0.041140571 0.229919080 0.000960391
v -0.041140571 0.214932396 0.045920444
f 1349 1350 1351
f 1354 1351 1350
f 1355 1350 1349
f 1356 1355 1349
f 1357 1352 1351
f 1357 1351 1354
f 1357 1353 1352
f 1358 1355 1353
f 1358 1353 1357
f 1358 1357 1354
f 1358 1354 1350
f 1360 1352 1353
f 1360 1353 1355
f 1361 1356 1349
f 1361 1349 1351
f 1361 1359 1356
f 1362 1358 1350
f 1362 1350 1355
f 1362 1355 1358
f 1363 1351 1352
f 1364 1360 1355
f 1364 1355 1356
f 1364 1356 1360
f 1365 1352 1360
f 1365 1363 1352
f 1366 1361 1351
f 1366 1359 1361
f 1366 1363 1359
f 1366 1351 1363
f 1367 1359 1363
f 1367 1363 1365
f 1368 1365 1360
f 1368 1356 1359
f 1368 1367 1365
f 1368 1359 1367
f 1369 1368 1360
f 1369 1360 1356
f 1369 1356 1368
o link1044
usemtl Material044
v 0.123712954 0.117518949 -0.014026293
v 0.123712954 -0.290868156 -0.014026295
v 0.123712954 0.117518949 -0.156399792
v -0.071113939 0.117518949 -0.156399792
v -0.071113939 -0.272134838 -0.014026293
v 0.123712954 -0.272134838 -0.156399792
v -0.071113939 0.117518949 -0.014026293
v -0.071113939 -0.249654812 -0.156399792
v -0.018660545 -0.294614864 -0.096453055
v 0.123712954 -0.294614864 -0.103946397
v 0.011312824 -0.294614864 -0.014026293
v -0.048633913 -0.264641496 -0.148906450
v -0.071113939 -0.279628180 -0.103946397
v 0.048779534 -0.287121522 -0.126426424
v -0.056127255 -0.287121522 -0.073973029
v -0.003673861 -0.264641496 -0.156399792
v -0.041140571 -0.287121522 -0.103946397
v -0.071113939 -0.257148154 -0.148906450
v 0.003819482 -0.294614864 -0.103946397
v 0.108726270 -0.287121522 -0.126426424
v -0.026153887 -0.287121522 -0.014026293
v -0.018660545 -0.294614864 -0.073973029
v -0.056127255 -0.287121522 -0.088959713
v -0.071113939 -0.279628180 -0.051493003
v -0.048633913 -0.257148154 -0.156399792
v -0.018660545 -0.272134838 -0.141413108
v 0.093739586 -0.272134838 -0.156399792
v -0.063620597 -0.264641496 -0.141413108
v 0.123712954 -0.279628180 -0.141413108
v 0.003819482 -0.294614864 -0.021519635
v 0.003819482 -0.287121522 -0.118933081
v 0.063766218 -0.279628180 -0.141413108
f 1370 1371 1372
f 1370 1372 1373
f 1375 1372 1371
f 1375 1373 1372
f 1376 1374 1370
f 1376 1370 1373
f 1376 1373 1374
f 1377 1374 1373
f 1377 1373 1375
f 1380 1371 1370
f 1380 1370 1374
f 1380 1379 1371
f 1380 1378 1379
f 1382 1374 1377
f 1385 1377 1375
f 1386 1381 1378
f 1386 1378 1382
f 1387 1382 1377
f 1387 1377 1381
f 1388 1383 1379
f 1388 1379 1378
f 1388 1378 1381
f 1389 1379 1383
f 1390 1380 1374
f 1391 1384 1378
f 1391 1378 1380
f 1392 1384 1382
f 1392 1382 1378
f 1392 1378 1384
f 1393 1374 1382
f 1393 1382 1384
f 1393 1390 1374
f 1393 1384 1390
f 1394 1385 1381
f 1394 1381 1377
f 1394 1377 1385
f 1395 1381 1385
f 1396 1385 1375
f 1397 1386 1382
f 1397 1381 1386
f 1397 1387 1381
f 1397 1382 1387
f 1398 1379 1389
f 1398 1375 1371
f 1398 1371 1379
f 1398 1389 1383
f 1398 1396 1375
f 1399 1390 1384
f 1399 1380 1390
f 1399 1391 1380
f 1399 1384 1391
f 1400 1388 1381
f 1400 1381 1395
f 1400 1395 1383
f 1400 1383 1388
f 1401 1385 1396
f 1401 1395 1385
f 1401 1383 1395
f 1401 1398 1383
f 1401 1396 1398
o link1045
usemtl Material045
v 0.041286192 0.184959028 0.135840548
v 0.041286192 0.117518949 0.135840548
v 0.041286192 0.184959028 -0.014026293
v -0.048633913 0.184959028 -0.014026293
v -0.048633913 0.154985660 0.135840548
v -0.048633913 0.117518949 -0.014026293
v -0.048633913 0.184959028 0.098373838
v 0.041286192 0.117518949 -0.014026293
v -0.048633913 0.117518949 0.135840548
v -0.026153887 0.169972344 0.135840548
v -0.048633913 0.177465686 0.113360522
v -0.041140571 0.169972344 0.128347206
v -0.026153887 0.184959028 0.113360522
v -0.041140571 0.162479002 0.135840548
v -0.018660545 0.177465686 0.128347206
v -0.041140571 0.184959028 0.105867180
v 0.030350580 0.184786734 0.133372171
f 1402 1403 1404
f 1402 1404 1405
f 1406 1403 1402
f 1407 1405 1404
f 1407 1406 1405
f 1408 1402 1405
f 1408 1405 1406
f 1409 1407 1404
f 1409 1404 1403
f 1409 1403 1407
f 1410 1407 1403
f 1410 1403 1406
f 1410 1406 1407
f 1411 1406 1402
f 1412 1408 1406
f 1413 1412 1406
f 1414 1402 1408
f 1415 1413 1406
f 1415 1406 1411
f 1415 1411 1413
f 1416 1413 1411
f 1416 1412 1413
f 1417 1414 1408
f 1417 1408 1412
f 1417 1416 1414
f 1417 1412 1416
f 1418 1416 1411
f 1418 1411 1402
f 1418 1402 1414
f 1418 1414 1416
o link1046
usemtl Material046
v -0.168527386 -0.077307944 -0.014026293
v -0.168527386 -0.144748023 -0.014026293
v -0.168527386 -0.144748023 -0.156399792
v -0.235967464 -0.077307944 -0.156399792
v -0.250954148 -0.084801286 -0.051493003
v -0.168527386 -0.077307944 -0.156399792
v -0.228474122 -0.092294628 -0.014026293
v -0.252655623 -0.075735800 -0.076724009
v -0.235967464 -0.144748023 -0.073973029
v -0.223896536 -0.075762621 -0.016222360
v -0.228474122 -0.107281312 -0.021519635
v -0.213487438 -0.144748023 -0.148906450
v -0.258447490 -0.099787970 -0.103946397
v -0.250954148 -0.077307944 -0.051493003
v -0.235967464 -0.084801286 -0.021519635
v -0.250954148 -0.114774655 -0.073973029
v -0.205994096 -0.144748023 -0.014026293
v -0.205994096 -0.144748023 -0.156399792
v -0.258447490 -0.077307944 -0.111439739
v -0.243460806 -0.137254681 -0.096453055
v -0.243460806 -0.092294628 -0.141413108
v -0.258447490 -0.092294628 -0.073973029
v -0.235967464 -0.077307944 -0.021519635
v -0.243460806 -0.107281312 -0.051493003
v -0.220980780 -0.114774655 -0.014026293
v -0.228474122 -0.107281312 -0.156399792
v -0.235967464 -0.144748023 -0.103946397
v -0.250954148 -0.122267997 -0.081466371
v -0.258447490 -0.084801286 -0.111439739
v -0.213487438 -0.137254681 -0.156399792
v -0.235967464 -0.084801286 -0.156399792
v -0.250954148 -0.122267997 -0.096453055
v -0.258447490 -0.099787970 -0.081466371
v -0.243460806 -0.137254681 -0.081466371
f 1419 1420 1421
f 1424 1419 1421
f 1424 1421 1422
f 1425 1420 1419
f 1426 1424 1422
f 1427 1421 1420
f 1428 1419 1424
f 1428 1424 1426
f 1428 1425 1419
f 1430 1421 1427
f 1432 1428 1426
f 1433 1432 1423
f 1435 1427 1420
f 1435 1420 1425
f 1436 1422 1421
f 1436 1421 1430
f 1437 1426 1422
f 1437 1432 1426
f 1439 1438 1431
f 1439 1437 1422
f 1440 1423 1432
f 1440 1437 1431
f 1440 1432 1437
f 1441 1433 1425
f 1441 1425 1428
f 1441 1428 1432
f 1441 1432 1433
f 1442 1440 1434
f 1442 1423 1440
f 1442 1433 1423
f 1442 1429 1433
f 1443 1435 1425
f 1443 1429 1442
f 1443 1433 1429
f 1443 1425 1433
f 1444 1422 1436
f 1445 1438 1430
f 1445 1430 1427
f 1445 1427 1438
f 1446 1442 1434
f 1447 1439 1431
f 1447 1431 1437
f 1447 1437 1439
f 1448 1444 1436
f 1448 1436 1430
f 1448 1439 1444
f 1448 1430 1438
f 1448 1438 1439
f 1449 1444 1439
f 1449 1439 1422
f 1449 1422 1444
f 1450 1446 1431
f 1450 1431 1438
f 1450 1438 1446
f 1451 1440 1431
f 1451 1431 1446
f 1451 1446 1434
f 1451 1434 1440
f 1452 1446 1438
f 1452 1438 1427
f 1452 1442 1446
f 1452 1443 1442
f 1452 1427 1435
f 1452 1435 1443
o link1047
usemtl Material047
v 0.288566480 0.244905764 0.240747337
v 0.326033190 0.192452370 0.233253995
v 0.326033190 0.238999993 0.143333891
v 0.228619743 0.238999993 0.143333891
v 0.228934551 0.192268298 0.235933092
v 0.228619743 0.192452370 0.143333891
v 0.318539848 0.244905764 0.233253995
v 0.296059822 0.192452370 0.240747337
v 0.228619743 0.244905764 0.240747337
v 0.326033190 0.192452370 0.143333891
v 0.325007492 0.238999993 0.222731484
v 0.326033190 0.222425738 0.233253995
v 0.296059822 0.207439054 0.240747337
f 1458 1456 1455
f 1459 1455 1456
f 1460 1457 1454
f 1461 1458 1457
f 1461 1456 1458
f 1461 1459 1456
f 1461 1453 1459
f 1461 1460 1453
f 1461 1457 1460
f 1462 1458 1455
f 1462 1455 1454
f 1462 1454 1457
f 1462 1457 1458
f 1463 1455 1459
f 1464 1459 1453
f 1464 1460 1454
f 1464 1463 1459
f 1464 1454 1455
f 1464 1455 1463
f 1465 1464 1453
f 1465 1453 1460
f 1465 1460 1464
o link1048
usemtl Material048
v 0.505475926 -0.017347558 -0.014013360
v 0.505873399 -0.077307944 -0.014026293
v 0.498380057 -0.077307944 -0.081466371
v 0.415953295 -0.017361208 -0.081466371
v 0.415953295 -0.077307944 -0.014026293
v 0.493179670 -0.017170110 -0.079762163
v 0.505873399 -0.017361208 -0.066479687
v 0.415953295 -0.017361208 -0.014026293
v 0.415953295 -0.077307944 -0.081466371
v 0.505873399 -0.062321260 -0.058986345
v 0.505873399 -0.069814602 -0.051493003
v 0.505873399 -0.032347892 -0.066479687
v 0.505873399 -0.077307944 -0.021519635
f 1470 1467 1466
f 1470 1468 1467
f 1471 1468 1469
f 1472 1466 1467
f 1472 1471 1466
f 1472 1468 1471
f 1473 1470 1466
f 1473 1469 1470
f 1473 1471 1469
f 1473 1466 1471
f 1474 1470 1469
f 1474 1469 1468
f 1474 1468 1470
f 1475 1472 1467
f 1476 1475 1467
f 1476 1468 1475
f 1477 1475 1468
f 1477 1468 1472
f 1477 1472 1475
f 1478 1476 1467
f 1478 1467 1468
f 1478 1468 1476
o link1049
usemtl Material049
v -0.071113939 0.117518949 -0.014026293
v -0.071113939 -0.017361208 -0.014026293
v -0.071113939 0.117518949 -0.156399792
v -0.209489663 0.115195584 -0.154425797
v -0.213487438 -0.017361208 -0.014026293
v -0.071113939 -0.017361208 -0.156399792
v -0.213487438 0.117518949 -0.014026293
v -0.213487438 -0.017361208 -0.156399792
f 1479 1480 1481
f 1483 1480 1479
f 1484 1481 1480
f 1484 1480 1483
f 1485 1479 1481
f 1485 1481 1482
f 1485 1483 1479
f 1486 1482 1481
f 1486 1481 1484
f 1486 1484 1483
f 1486 1485 1482
f 1486 1483 1485
o link1050
usemtl Material050
v 0.326033190 -0.144748023 0.218267311
v 0.490886715 -0.167228049 0.053413786
v 0.498380057 -0.144748023 0.000960391
v 0.123712954 -0.144748023 -0.014026293
v 0.123712954 -0.294614864 0.105867180
v 0.125221027 -0.144137797 0.204041785
v 0.445926663 -0.144748023 0.143333891
v 0.356006558 -0.294614864 -0.014026293
v 0.191153033 -0.242161470 0.195787285
v 0.123712954 -0.167228049 0.210773969
v 0.490886715 -0.144748023 0.060907128
v 0.370993242 -0.144748023 0.203280627
v 0.445926663 -0.249654812 -0.014026293
v 0.123712954 -0.290868156 -0.014026295
v 0.311046506 -0.287121522 0.113360522
v 0.123712954 -0.249654812 0.180800601
v 0.198646375 -0.182214733 0.218267311
v 0.161179665 -0.144748023 0.218267311
v 0.468406689 -0.174721391 0.105867180
v 0.498380057 -0.152241365 0.023440418
v 0.326033190 -0.249654812 0.180800601
v 0.487159984 -0.145985466 -0.014826849
v 0.311046506 -0.294614864 0.090880496
v 0.168673007 -0.257148154 0.180800601
v 0.153686323 -0.212188101 0.203280627
v 0.161179665 -0.159734707 0.218267311
v 0.475900031 -0.144748023 0.098373838
v 0.445926663 -0.242161470 0.053413786
v 0.490886715 -0.152241365 0.060907128
v 0.498380057 -0.144748023 0.023440418
v 0.490886715 -0.182214733 -0.014026293
v 0.341019874 -0.197201417 0.203280627
v 0.281073138 -0.294614864 0.105867180
v 0.123712954 -0.257148154 0.173307259
v 0.161179665 -0.249654812 0.188293943
v 0.303553164 -0.257148154 0.180800601
v 0.123712954 -0.234668127 0.188293943
v 0.138699639 -0.182214733 0.210773969
v 0.176166349 -0.219681443 0.203280627
v 0.460913347 -0.167228049 0.120853864
v 0.483393373 -0.174721391 0.075893812
v 0.400966611 -0.249654812 0.128347206
v 0.400966611 -0.272134838 0.053413786
v 0.498380057 -0.159734707 0.000960391
v 0.468406689 -0.219681443 0.008453734
v 0.348513216 -0.167228049 0.210773969
v 0.296059822 -0.204694759 0.210773969
v 0.415953295 -0.182214733 0.165813917
v 0.131206297 -0.287121522 0.120853864
v 0.296059822 -0.279628180 0.135840548
v 0.363499900 -0.257148154 0.150827233
v 0.146192981 -0.227174785 0.195787285
v 0.176166349 -0.174721391 0.218267311
v 0.138699639 -0.204694759 0.203280627
v 0.206139717 -0.227174785 0.203280627
v 0.475900031 -0.152241365 0.098373838
v 0.453420005 -0.212188101 0.090880496
v 0.408459953 -0.272134838 -0.006532951
v 0.430939979 -0.257148154 0.053413786
v 0.348513216 -0.294614864 0.045920444
v 0.490886715 -0.182214733 0.023440418
v 0.445926663 -0.249654812 0.008453734
v 0.483393373 -0.197201417 -0.006532951
v 0.281073138 -0.242161470 0.195787285
f 1492 1489 1490
f 1496 1492 1490
f 1496 1490 1491
f 1498 1493 1492
f 1498 1492 1487
f 1500 1494 1491
f 1500 1491 1490
f 1502 1496 1491
f 1504 1487 1492
f 1504 1492 1496
f 1504 1503 1487
f 1508 1490 1489
f 1508 1500 1490
f 1508 1499 1494
f 1508 1494 1500
f 1509 1491 1494
f 1512 1504 1496
f 1512 1503 1504
f 1513 1497 1492
f 1513 1492 1493
f 1515 1506 1497
f 1515 1488 1506
f 1515 1497 1513
f 1516 1506 1489
f 1516 1497 1506
f 1516 1489 1492
f 1516 1492 1497
f 1517 1508 1489
f 1517 1499 1508
f 1519 1509 1501
f 1519 1491 1509
f 1519 1510 1491
f 1520 1502 1491
f 1521 1520 1510
f 1521 1502 1520
f 1521 1495 1511
f 1522 1521 1510
f 1522 1510 1519
f 1523 1496 1502
f 1523 1502 1521
f 1524 1512 1496
f 1525 1511 1495
f 1526 1513 1493
f 1527 1488 1515
f 1530 1517 1489
f 1530 1489 1506
f 1532 1498 1487
f 1533 1518 1532
f 1533 1532 1487
f 1533 1487 1503
f 1534 1493 1498
f 1534 1532 1518
f 1534 1498 1532
f 1534 1526 1493
f 1534 1518 1507
f 1534 1528 1505
f 1534 1505 1526
f 1535 1520 1491
f 1535 1491 1510
f 1535 1510 1520
f 1536 1522 1519
f 1536 1519 1501
f 1536 1501 1522
f 1537 1522 1501
f 1537 1507 1522
f 1537 1501 1509
f 1537 1534 1507
f 1537 1528 1534
f 1538 1523 1521
f 1538 1521 1511
f 1538 1511 1523
f 1539 1524 1511
f 1539 1503 1512
f 1539 1512 1524
f 1539 1525 1503
f 1539 1511 1525
f 1540 1523 1511
f 1540 1511 1524
f 1540 1524 1496
f 1540 1496 1523
f 1541 1525 1495
f 1541 1503 1525
f 1541 1533 1503
f 1542 1526 1505
f 1542 1513 1526
f 1542 1505 1527
f 1542 1527 1515
f 1542 1515 1513
f 1543 1527 1505
f 1543 1514 1527
f 1543 1528 1514
f 1543 1505 1528
f 1544 1529 1494
f 1544 1494 1499
f 1545 1514 1528
f 1545 1528 1529
f 1545 1529 1544
f 1546 1509 1494
f 1546 1494 1529
f 1546 1537 1509
f 1546 1529 1528
f 1546 1528 1537
f 1547 1530 1506
f 1547 1506 1488
f 1547 1517 1530
f 1547 1488 1527
f 1547 1527 1514
f 1547 1514 1531
f 1548 1531 1514
f 1548 1499 1531
f 1548 1514 1545
f 1548 1545 1544
f 1548 1544 1499
f 1549 1531 1499
f 1549 1499 1517
f 1549 1547 1531
f 1549 1517 1547
f 1550 1522 1507
f 1550 1507 1518
f 1550 1518 1533
f 1550 1495 1521
f 1550 1521 1522
f 1550 1541 1495
f 1550 1533 1541
o link1051
usemtl Material051
v 0.228619743 0.238999993 -0.163893134
v 0.228619743 0.184959028 -0.163893134
v 0.228640659 0.184951024 -0.261080792
v 0.123607472 0.199779200 -0.268800757
v 0.123712954 0.238999993 -0.163893134
v 0.123712954 0.184959028 -0.163893134
v 0.191153033 0.244905764 -0.261306581
v 0.228816622 0.238999993 -0.259181098
v 0.145496755 0.184019642 -0.268839868
v 0.123712954 0.244905764 -0.208853186
v 0.123712954 0.184959028 -0.268799923
v 0.138699639 0.199945712 -0.268799923
v 0.168673007 0.244905764 -0.253813239
f 1555 1552 1551
f 1556 1555 1554
f 1556 1552 1555
f 1558 1551 1552
f 1558 1552 1553
f 1558 1557 1551
f 1559 1553 1552
f 1559 1552 1556
f 1559 1558 1553
f 1560 1555 1551
f 1560 1551 1557
f 1560 1554 1555
f 1561 1559 1556
f 1561 1556 1554
f 1561 1554 1559
f 1562 1559 1554
f 1562 1554 1557
f 1562 1557 1558
f 1562 1558 1559
f 1563 1560 1557
f 1563 1557 1554
f 1563 1554 1560
o link1052
usemtl Material052
v 0.460913347 -0.077307944 -0.014026293
v 0.460913347 -0.152241365 -0.014026293
v 0.460913347 -0.077307944 -0.081466371
v 0.415953295 -0.077307944 -0.081466371
v 0.415953295 -0.077307944 -0.014026293
v 0.415953295 -0.152241365 -0.081466371
v 0.460913347 -0.152241365 -0.081466371
v 0.415953295 -0.152241365 -0.014026293
f 1564 1565 1566
f 1564 1566 1567
f 1568 1565 1564
f 1568 1564 1567
f 1569 1567 1566
f 1569 1568 1567
f 1570 1569 1566
f 1570 1566 1565
f 1570 1565 1569
f 1571 1569 1565
f 1571 1565 1568
f 1571 1568 1569
o link1053
usemtl Material053
v -0.168527386 -0.017361208 -0.014026293
v -0.168527386 -0.077307944 -0.014026293
v -0.168527386 -0.017361208 -0.156399792
v -0.213487438 -0.017361208 -0.156399792
v -0.213487438 -0.077307944 -0.014026293
v -0.213487438 -0.077307944 -0.156399792
v -0.213487438 -0.017361208 -0.014026293
v -0.168527386 -0.077307944 -0.156399792
f 1572 1573 1574
f 1572 1574 1575
f 1576 1573 1572
f 1577 1575 1574
f 1577 1576 1575
f 1577 1573 1576
f 1578 1576 1572
f 1578 1572 1575
f 1578 1575 1576
f 1579 1577 1574
f 1579 1574 1573
f 1579 1573 1577
o link1054
usemtl Material054
v -0.071113939 -0.017361208 -0.014026293
v -0.071113939 -0.144748023 -0.014026293
v -0.071113939 -0.017361208 -0.156399792
v -0.168527386 -0.017361208 -0.156399792
v -0.168527386 -0.017361208 -0.014026293
v -0.168527386 -0.144748023 -0.156399792
v -0.071113939 -0.144748023 -0.156399792
v -0.168527386 -0.144748023 -0.014026293
f 1580 1581 1582
f 1580 1582 1583
f 1584 1581 1580
f 1584 1580 1583
f 1585 1583 1582
f 1585 1584 1583
f 1586 1585 1582
f 1586 1582 1581
f 1586 1581 1585
f 1587 1585 1581
f 1587 1581 1584
f 1587 1584 1585
o link1055
usemtl Material055
v 0.123712954 0.117518949 0.135840548
v 0.123712954 -0.017361208 0.135840548
v 0.123712954 -0.017361208 -0.014026293
v -0.048633913 0.117518949 -0.014026293
v -0.048633913 -0.017361208 0.135840548
v 0.123712954 0.117518949 -0.014026293
v -0.048633913 0.117518949 0.135840548
v -0.048633913 -0.017361208 -0.014026293
f 1588 1589 1590
f 1592 1589 1588
f 1592 1590 1589
f 1593 1588 1590
f 1593 1590 1591
f 1593 1591 1588
f 1594 1592 1588
f 1594 1588 1591
f 1594 1591 1592
f 1595 1592 1591
f 1595 1591 1590
f 1595 1590 1592
o link1056
usemtl Material056
v 0.326033190 0.238999993 0.143333891
v 0.326033190 -0.009867866 0.143333891
v 0.326033190 0.238999993 -0.014026293
v 0.123712954 0.238999993 -0.014026293
v 0.123712954 0.238999993 0.143333891
v 0.123712954 -0.009867866 -0.014026293
v 0.326033190 -0.009867866 -0.014026293
v 0.123712954 -0.009867866 0.143333891
f 1596 1597 1598
f 1596 1598 1599
f 1600 1597 1596
f 1600 1596 1599
f 1601 1599 1598
f 1601 1600 1599
f 1602 1601 1598
f 1602 1598 1597
f 1602 1597 1601
f 1603 1601 1597
f 1603 1597 1600
f 1603 1600 1601
o link1057
usemtl Material057
v 0.326033190 0.238999993 -0.014026293
v 0.326033190 -0.017361208 -0.014026293
v 0.326033190 0.238999993 -0.163893134
v 0.123712954 0.238999993 -0.163893134
v 0.123712954 0.238999993 -0.014026293
v 0.123712954 -0.017361208 -0.163893134
v 0.326033190 -0.017361208 -0.163893134
v 0.123712954 -0.017361208 -0.014026293
f 1604 1605 1606
f 1604 1606 1607
f 1608 1605 1604
f 1608 1604 1607
f 1609 1607 1606
f 1609 1608 1607
f 1610 1609 1606
f 1610 1606 1605
f 1610 1605 1609
f 1611 1609 1605
f 1611 1605 1608
f 1611 1608 1609
o link1058
usemtl Material058
v 0.318539848 -0.017361208 -0.014026293
v 0.318539876 -0.290868145 -0.014026330
v 0.318539848 -0.017361208 -0.163893134
v 0.123712954 -0.017361208 -0.163893134
v 0.123712954 -0.290868156 -0.014026295
v 0.236113085 -0.272134838 -0.163893134
v 0.123712954 -0.017361208 -0.014026293
v 0.318539848 -0.271868199 -0.163893134
v 0.123712954 -0.272134838 -0.156399792
v 0.266086454 -0.294614864 -0.103946397
v 0.124173188 -0.259048142 -0.159714262
v 0.318539848 -0.294614864 -0.081466371
v 0.123712954 -0.294614864 -0.103946397
v 0.296059822 -0.294614864 -0.096453055
v 0.123712954 -0.279628180 -0.141413108
v 0.311046506 -0.294614864 -0.088959713
f 1612 1613 1614
f 1612 1614 1615
f 1616 1613 1612
f 1617 1615 1614
f 1618 1616 1612
f 1618 1612 1615
f 1619 1617 1614
f 1619 1614 1613
f 1620 1618 1615
f 1621 1617 1619
f 1622 1620 1615
f 1622 1615 1617
f 1622 1617 1620
f 1623 1613 1616
f 1623 1619 1613
f 1624 1617 1621
f 1624 1616 1618
f 1624 1618 1620
f 1624 1623 1616
f 1624 1621 1623
f 1625 1623 1621
f 1625 1621 1619
f 1626 1624 1620
f 1626 1620 1617
f 1626 1617 1624
f 1627 1625 1619
f 1627 1619 1623
f 1627 1623 1625
o link1059
usemtl Material059
v 0.033252388 0.232780516 -0.156348844
v 0.033792850 0.117518949 -0.156399792
v 0.033792850 0.237412422 -0.306266633
v -0.071113939 0.229919080 -0.306266633
v -0.071113939 0.117518949 -0.156399792
v 0.033792850 0.117518949 -0.300999999
v -0.056127255 0.237412422 -0.156399792
v -0.069885637 0.224827574 -0.155879939
v -0.071113939 0.117518949 -0.300999999
v -0.048633913 0.237412422 -0.306266633
v -0.071577283 0.224346372 -0.156595892
v -0.056127255 0.237412422 -0.163893134
f 1628 1629 1630
f 1633 1630 1629
f 1633 1631 1630
f 1633 1629 1632
f 1634 1628 1630
f 1635 1632 1629
f 1635 1629 1628
f 1635 1628 1634
f 1636 1633 1632
f 1636 1631 1633
f 1637 1634 1630
f 1637 1630 1631
f 1638 1635 1634
f 1638 1634 1631
f 1638 1632 1635
f 1638 1636 1632
f 1638 1631 1636
f 1639 1637 1631
f 1639 1631 1634
f 1639 1634 1637
o link1060
usemtl Material060
v 0.123712954 0.238999993 0.135840548
v 0.123712954 0.117518949 0.135840548
v 0.123712954 0.117518949 -0.014026293
v 0.041286192 0.238999993 -0.014026293
v 0.041286192 0.117518949 0.135840548
v 0.123712954 0.238999993 -0.014026293
v 0.041286192 0.238999993 0.135840548
v 0.041286192 0.117518949 -0.014026293
f 1640 1641 1642
f 1644 1641 1640
f 1644 1642 1641
f 1645 1640 1642
f 1645 1642 1643
f 1645 1643 1640
f 1646 1644 1640
f 1646 1640 1643
f 1646 1643 1644
f 1647 1644 1643
f 1647 1643 1642
f 1647 1642 1644
o link1061
usemtl Material061
v 0.415953295 -0.017361208 -0.014026293
v 0.415953295 -0.152241365 -0.014026293
v 0.415953295 -0.017361208 -0.156399792
v 0.318539848 -0.017361208 -0.156399792
v 0.318539848 -0.017361208 -0.014026293
v 0.318539848 -0.152241365 -0.156399792
v 0.415953295 -0.152241365 -0.156399792
v 0.318539848 -0.152241365 -0.014026293
f 1648 1649 1650
f 1648 1650 1651
f 1652 1649 1648
f 1652 1648 1651
f 1653 1651 1650
f 1653 1652 1651
f 1654 1653 1650
f 1654 1650 1649
f 1654 1649 1653
f 1655 1653 1649
f 1655 1649 1652
f 1655 1652 1653
o link1062
usemtl Material062
v 0.423446637 0.132505633 0.128347206
v 0.423446637 -0.009867866 0.128347206
v 0.423446637 0.132505633 -0.014026293
v 0.326033190 0.132505633 -0.014026293
v 0.326033190 0.132505633 0.128347206
v 0.326033190 -0.009867866 -0.014026293
v 0.423446637 -0.009867866 -0.014026293
v 0.326033190 -0.009867866 0.128347206
f 1656 1657 1658
f 1656 1658 1659
f 1660 1657 1656
f 1660 1656 1659
f 1661 1659 1658
f 1661 1660 1659
f 1662 1661 1658
f 1662 1658 1657
f 1662 1657 1661
f 1663 1661 1657
f 1663 1657 1660
f 1663 1660 1661
o link1063
usemtl Material063
v 0.288566480 0.102532265 0.285707390
v 0.303553164 0.095038923 0.263227363
v 0.280635957 0.107598222 0.252315327
v 0.228699706 0.108194158 0.253118432
v 0.228549704 0.064966207 0.258336294
v 0.281073138 0.110025607 0.270720706
v 0.296059822 0.065065555 0.263227363
v 0.258593112 0.102532265 0.285707390
v 0.295816227 0.065149504 0.254339986
v 0.228619743 0.110025607 0.263227363
v 0.303553164 0.102532265 0.263227363
v 0.288566480 0.080052239 0.285707390
v 0.281215757 0.065023751 0.256910845
v 0.266086454 0.110025607 0.270720706
v 0.258593112 0.080052239 0.285707390
v 0.303108766 0.100826965 0.253338015
v 0.266086454 0.072558897 0.278214048
v 0.303201505 0.095089469 0.254079481
v 0.281073138 0.072558897 0.278214048
f 1671 1664 1669
f 1672 1668 1667
f 1672 1667 1666
f 1672 1665 1670
f 1673 1669 1666
f 1673 1666 1667
f 1673 1667 1668
f 1674 1669 1664
f 1674 1664 1665
f 1674 1666 1669
f 1675 1670 1665
f 1675 1665 1664
f 1675 1664 1671
f 1676 1672 1670
f 1676 1670 1668
f 1676 1668 1672
f 1677 1673 1671
f 1677 1671 1669
f 1677 1669 1673
f 1678 1673 1668
f 1678 1671 1673
f 1678 1675 1671
f 1679 1672 1666
f 1679 1666 1674
f 1680 1678 1668
f 1680 1668 1670
f 1680 1675 1678
f 1681 1679 1674
f 1681 1674 1665
f 1681 1665 1672
f 1681 1672 1679
f 1682 1680 1670
f 1682 1670 1675
f 1682 1675 1680
