mtllib decomp.mtl
o link5000
usemtl Material000
v 0.070373566 0.035242788 0.045666835
v 0.073118758 -0.038877403 0.040176451
v 0.073118758 0.035242788 -0.042179318
v 0.001743759 0.035245070 -0.074000525
v 0.001743759 -0.038877403 0.045666835
v 0.040176451 -0.038877403 -0.075121625
v 0.074409176 0.036459060 0.008485167
v 0.070373566 -0.038877403 0.045666835
v 0.001743759 0.035242788 0.045666835
v 0.073118758 -0.038877403 -0.042179318
v 0.048412028 0.027007211 -0.075121625
v 0.001743762 -0.038877400 -0.074000104
v 0.042921643 0.035242788 -0.075121625
v 0.073118758 0.035242788 0.040176451
v 0.075863950 0.032497596 0.009979336
v 0.053902412 -0.008680288 -0.075121625
v 0.067628374 0.035242788 -0.050414895
v 0.075858737 0.035285402 0.004484372
v 0.067628374 -0.038877403 -0.050414895
v 0.053902412 0.010536058 -0.075121625
v 0.075863950 0.032497596 0.004488951
v 0.051157220 -0.019661057 -0.075121625
v 0.048412028 -0.038877403 -0.069631241
v 0.045666835 -0.030641827 -0.075121625
f 6 2 5
f 8 5 2
f 8 2 1
f 8 1 5
f 9 5 1
f 9 4 5
f 9 7 4
f 9 1 7
f 10 2 6
f 12 6 5
f 12 5 4
f 12 4 6
f 13 4 7
f 13 11 6
f 13 6 4
f 14 7 1
f 14 1 2
f 15 2 10
f 15 14 2
f 16 6 11
f 16 3 10
f 17 13 7
f 17 7 3
f 17 11 13
f 18 7 14
f 18 14 15
f 18 3 7
f 19 16 10
f 19 10 6
f 20 16 11
f 20 11 17
f 20 17 3
f 20 3 16
f 21 18 15
f 21 15 10
f 21 10 3
f 21 3 18
f 22 6 16
f 22 16 19
f 23 22 19
f 23 19 6
f 24 23 6
f 24 6 22
f 24 22 23
o link5001
usemtl Material001
v 0.070545373 -0.071819710 0.037296395
v 0.084099527 -0.156920672 0.018214912
v 0.075863950 -0.080055288 -0.036688933
v 0.045666835 -0.071819711 -0.039434125
v 0.045666835 -0.182999998 0.037431258
v 0.070446111 -0.071819711 -0.039147800
v 0.084099527 -0.096526441 0.012724528
v 0.078609143 -0.148685095 0.037431258
v 0.045666835 -0.071819711 0.037431258
v 0.059392797 -0.184372594 -0.039434125
v 0.075863950 -0.074564903 -0.006491818
v 0.084099527 -0.126723557 -0.025708164
v 0.062137989 -0.184372594 0.034686066
v 0.075863950 -0.080055288 0.037431258
v 0.084099527 -0.118487980 0.023705297
v 0.045666835 -0.182999998 -0.039434125
v 0.078609143 -0.132213941 -0.039434125
v 0.084099527 -0.096526441 -0.014727395
v 0.086844720 -0.118487980 0.007234143
v 0.064883181 -0.178882210 0.037431258
v 0.070373566 -0.184372594 -0.009237010
v 0.059392797 -0.184372594 0.037431258
v 0.075863950 -0.110252403 0.040176451
v 0.075863950 -0.074564903 0.007234143
v 0.084099527 -0.137704326 0.023705297
v 0.081354335 -0.099271634 0.029195682
v 0.078609143 -0.118487980 -0.039434125
v 0.081354335 -0.099271634 -0.028453356
v 0.084099527 -0.159665864 -0.014727395
v 0.084099527 -0.099271634 0.018214912
v 0.086844720 -0.121233172 -0.009237010
v 0.070373566 -0.181627402 0.018214912
v 0.081354335 -0.156920672 0.029195682
v 0.045666835 -0.110252403 0.040176451
v 0.078609143 -0.123978364 0.040176451
v 0.086844720 -0.121233172 0.012724528
v 0.081354335 -0.123978364 -0.033943741
v 0.084099527 -0.121233172 -0.025708164
v 0.084099527 -0.099271634 -0.017472587
v 0.081354335 -0.121233172 -0.033943741
v 0.078609143 -0.170646633 0.007234143
v 0.081354335 -0.156920672 -0.028453356
v 0.086844720 -0.118487980 -0.006491818
v 0.086844720 -0.129468749 -0.009237010
v 0.067628374 -0.178882210 0.031940874
v 0.070373566 -0.184372594 0.009979336
v 0.075863950 -0.159665864 0.037431258
v 0.084099527 -0.148685095 0.020960105
v 0.081354335 -0.162411056 0.020960105
v 0.078609143 -0.121233172 0.040176451
v 0.081354335 -0.140449518 0.031940874
v 0.073793450 -0.145817816 0.039107361
v 0.045666835 -0.145939903 0.040176451
v 0.084099527 -0.159665864 0.012724528
v 0.078609143 -0.170646633 -0.006491818
v 0.084099527 -0.151430287 -0.020217779
v 0.081354335 -0.143194710 -0.031198549
v 0.075863950 -0.159665864 -0.039434125
v 0.067628374 -0.184372594 -0.022962972
v 0.064883181 -0.184372594 0.029195682
v 0.078609143 -0.156920672 0.034686066
v 0.070373566 -0.170646633 0.037431258
v 0.086844720 -0.123978364 0.012724528
v 0.081354335 -0.159665864 0.026450489
f 30 28 25
f 33 25 28
f 33 28 29
f 35 30 25
f 35 27 30
f 40 34 29
f 40 29 28
f 40 28 34
f 41 34 28
f 42 35 31
f 42 27 35
f 43 42 31
f 45 37 34
f 46 29 34
f 46 34 37
f 46 37 44
f 47 38 25
f 47 25 33
f 48 35 25
f 48 25 38
f 48 38 31
f 48 31 35
f 51 30 27
f 51 41 28
f 51 28 30
f 54 43 31
f 54 50 39
f 54 31 38
f 54 38 50
f 58 47 33
f 58 33 29
f 59 49 39
f 59 47 58
f 60 39 49
f 60 54 39
f 60 43 54
f 60 55 43
f 61 41 51
f 62 36 61
f 62 55 36
f 63 52 27
f 63 27 42
f 63 62 52
f 63 55 62
f 64 51 27
f 64 27 52
f 64 61 51
f 64 62 61
f 64 52 62
f 67 42 43
f 67 43 55
f 67 63 42
f 67 55 63
f 68 36 55
f 68 55 60
f 69 44 37
f 70 37 45
f 70 45 65
f 71 32 59
f 72 57 26
f 72 49 57
f 73 70 65
f 73 56 70
f 74 59 39
f 74 39 50
f 74 50 38
f 74 38 47
f 74 47 59
f 75 57 49
f 75 49 59
f 75 59 32
f 75 32 57
f 76 46 44
f 76 71 59
f 77 59 58
f 77 58 29
f 77 29 46
f 77 76 59
f 77 46 76
f 78 65 53
f 78 73 65
f 78 26 73
f 78 53 68
f 79 65 45
f 79 45 53
f 79 53 65
f 80 66 36
f 80 53 66
f 80 68 53
f 80 36 68
f 81 61 36
f 81 36 66
f 81 66 41
f 81 41 61
f 82 34 41
f 82 41 66
f 83 66 53
f 83 53 45
f 83 82 66
f 83 45 34
f 83 34 82
f 84 69 37
f 84 56 69
f 84 70 56
f 84 37 70
f 85 57 32
f 85 32 71
f 86 85 71
f 86 44 69
f 86 76 44
f 86 71 76
f 87 60 49
f 87 49 72
f 87 72 26
f 87 26 78
f 87 78 68
f 87 68 60
f 88 73 26
f 88 26 57
f 88 57 85
f 88 85 86
f 88 86 69
f 88 69 56
f 88 56 73
o link5002
usemtl Material002
v 0.031940874 -0.041622596 0.081354335
v 0.046612595 -0.071817886 0.066235946
v 0.046634850 -0.038877825 0.066217185
v -0.039434125 -0.038877403 0.064883181
v -0.038865469 -0.071682292 0.070910999
v 0.037431258 -0.071819711 0.064883181
v 0.031263637 -0.038135868 0.080499999
v 0.045666835 -0.071819711 0.070373566
v -0.031198549 -0.041622596 0.081354335
v -0.039434125 -0.071819711 0.064883181
v 0.045666835 -0.038877403 0.070373566
v 0.018214912 -0.049858173 0.081354335
v -0.039434125 -0.038877403 0.078609143
v 0.037431258 -0.041622596 0.078609143
v 0.029195682 -0.044367788 0.081354335
v 0.039319271 -0.071697267 0.070769924
v -0.017472587 -0.049858173 0.081354335
v -0.039434125 -0.041622596 0.078609143
v -0.030874148 -0.038527797 0.080499999
v -0.028453356 -0.044367788 0.081354335
f 94 91 90
f 94 92 91
f 95 91 92
f 96 90 91
f 96 94 90
f 97 89 95
f 98 92 94
f 98 96 93
f 98 94 96
f 99 91 95
f 99 96 91
f 100 89 97
f 101 92 98
f 102 99 95
f 102 95 89
f 102 89 96
f 102 96 99
f 103 100 96
f 103 96 89
f 103 89 100
f 104 100 93
f 104 93 96
f 104 96 100
f 105 100 97
f 105 93 100
f 106 93 97
f 106 97 101
f 106 101 98
f 106 98 93
f 107 101 97
f 107 97 95
f 107 95 92
f 107 92 101
f 108 105 97
f 108 97 93
f 108 93 105
o link5003
usemtl Material003
v 0.051157220 -0.038877403 0.067628374
v 0.075863950 -0.159665864 0.040176451
v 0.073118758 -0.038877403 0.040176451
v 0.045666835 -0.038877403 0.037431258
v 0.044877003 -0.182466000 0.050207272
v 0.073759817 -0.108768658 0.036290344
v 0.067628374 -0.121233172 0.056647604
v 0.045324045 -0.038877403 0.067112930
v 0.045666835 -0.182999998 0.037431258
v 0.075863950 -0.107507211 0.040176451
v 0.070545372 -0.038877403 0.037296394
v 0.064883181 -0.038877403 0.053902412
v 0.048412028 -0.159665864 0.070373566
v 0.044359711 -0.119128770 0.071114769
v 0.059392797 -0.184372594 0.040176451
v 0.075863950 -0.159665864 0.037431258
v 0.073118758 -0.118487980 0.048412028
v 0.056647604 -0.118487980 0.067628374
v 0.064883181 -0.159665864 0.056647604
v 0.044361270 -0.158342184 0.068480722
v 0.048412028 -0.118487980 0.073118758
v 0.048412028 -0.184372594 0.051157220
v 0.059392797 -0.184372594 0.037431258
v 0.070373566 -0.154175479 0.051157220
v 0.075863950 -0.115742787 0.042921643
v 0.070373566 -0.038877403 0.045666835
v 0.064883181 -0.118487980 0.059392797
v 0.053902412 -0.156920672 0.067628374
v 0.045666835 -0.176137018 0.059392797
v 0.044360492 -0.137589107 0.071260165
v 0.048412028 -0.176137018 0.059392797
v 0.073118758 -0.137704326 0.048412028
v 0.062137989 -0.137704326 0.062137989
v 0.048412028 -0.137704326 0.073118758
v 0.056647604 -0.159665864 0.064883181
v 0.056647604 -0.173391825 0.053902412
v 0.067628374 -0.129468749 0.056647604
v 0.075863950 -0.148685095 0.042921643
v 0.056647604 -0.129468749 0.067628374
v 0.051157220 -0.151430287 0.070373566
v 0.059392797 -0.176137018 0.048412028
v 0.053902412 -0.173391825 0.056647604
v 0.064883181 -0.134959133 0.059392797
f 117 113 112
f 117 112 114
f 118 114 111
f 119 114 112
f 119 111 114
f 119 116 111
f 119 112 116
f 120 116 109
f 122 116 112
f 122 112 113
f 124 110 123
f 124 118 110
f 124 114 118
f 125 120 115
f 128 122 113
f 129 109 116
f 129 116 122
f 129 126 109
f 130 113 117
f 131 117 114
f 131 114 124
f 131 124 123
f 131 130 117
f 131 123 130
f 132 127 110
f 133 110 118
f 133 118 111
f 134 120 125
f 134 111 116
f 134 116 120
f 134 133 111
f 134 125 133
f 135 126 115
f 135 115 120
f 135 120 109
f 135 109 126
f 137 128 113
f 137 121 128
f 137 113 130
f 138 128 121
f 138 122 128
f 138 129 122
f 139 137 130
f 139 121 137
f 139 130 123
f 140 125 115
f 140 133 125
f 141 127 132
f 141 115 126
f 142 138 121
f 142 129 138
f 142 126 129
f 143 136 121
f 143 121 139
f 143 141 136
f 143 127 141
f 144 127 143
f 145 140 115
f 145 132 140
f 145 115 141
f 146 140 132
f 146 132 110
f 146 110 133
f 146 133 140
f 147 141 126
f 147 136 141
f 147 126 142
f 148 142 121
f 148 121 136
f 148 147 142
f 148 136 147
f 149 127 144
f 149 123 110
f 149 110 127
f 149 144 139
f 149 139 123
f 150 144 143
f 150 143 139
f 150 139 144
f 151 145 141
f 151 141 132
f 151 132 145
o link5004
usemtl Material004
v -0.039434125 -0.110252403 -0.053160087
v -0.039296601 -0.182981104 -0.052964741
v -0.039434125 -0.167901441 -0.069631241
v -0.053160087 -0.118487980 -0.069631241
v -0.065233245 -0.148575910 -0.051804835
v -0.039434125 -0.110252403 -0.061395664
v -0.063236709 -0.110101952 -0.051321375
v -0.061395664 -0.165156248 -0.055905279
v -0.039158009 -0.162078578 -0.069125790
v -0.062683850 -0.158584356 -0.051965381
v -0.066886048 -0.115742787 -0.055905279
v -0.049896438 -0.110252403 -0.066213696
v -0.044924510 -0.184372594 -0.055905279
v -0.058650471 -0.156920672 -0.064140856
v -0.049089234 -0.119104380 -0.067745163
v -0.038793496 -0.182466000 -0.054995309
v -0.064140856 -0.159665864 -0.055905279
v -0.065012378 -0.116379716 -0.051695199
v -0.061395664 -0.110252403 -0.061395664
v -0.047669702 -0.181627402 -0.053160087
v -0.053160087 -0.140449518 -0.069631241
v -0.055905279 -0.165156248 -0.061395664
v -0.039434125 -0.178882210 -0.061395664
v -0.061395664 -0.165156248 -0.053160087
v -0.064140856 -0.156920672 -0.058650471
v -0.064140856 -0.110252403 -0.055905279
v -0.047669702 -0.181627402 -0.055905279
v -0.044924510 -0.184372594 -0.053160087
v -0.044924510 -0.165156248 -0.069631241
v -0.042179318 -0.178882210 -0.061395664
v -0.066886048 -0.148685095 -0.055905279
v -0.053160087 -0.159665864 -0.066886048
v -0.042179318 -0.167901441 -0.069631241
v -0.055905279 -0.151430287 -0.066886048
f 158 153 152
f 158 152 157
f 160 154 155
f 161 158 156
f 161 153 158
f 163 158 157
f 163 157 155
f 166 160 155
f 166 155 157
f 166 157 160
f 167 154 160
f 167 153 164
f 167 152 153
f 167 160 157
f 167 157 152
f 168 161 156
f 169 162 156
f 169 156 158
f 169 158 162
f 170 158 163
f 170 163 155
f 170 155 165
f 172 165 155
f 172 155 154
f 173 159 165
f 174 167 164
f 174 154 167
f 175 168 159
f 175 161 168
f 175 171 161
f 175 159 171
f 176 165 159
f 176 159 168
f 176 170 165
f 176 162 170
f 177 170 162
f 177 162 158
f 177 158 170
f 178 171 159
f 178 164 171
f 178 159 173
f 179 171 164
f 179 164 153
f 179 153 161
f 179 161 171
f 180 172 154
f 180 178 173
f 180 164 178
f 181 174 164
f 181 154 174
f 182 176 168
f 182 168 156
f 182 156 162
f 182 162 176
f 183 172 180
f 183 180 173
f 183 173 165
f 184 180 154
f 184 154 181
f 184 181 164
f 184 164 180
f 185 183 165
f 185 165 172
f 185 172 183
o link5005
usemtl Material005
v -0.036688933 0.065439903 -0.053160087
v -0.036688933 -0.038877403 -0.053160087
v -0.035557088 -0.037900016 -0.074000001
v -0.039434125 0.065439903 -0.072376433
v -0.061217277 -0.038877453 -0.053003710
v -0.036084901 0.064709271 -0.070366071
v -0.035572276 0.040100153 -0.072705801
v -0.061153969 0.051713939 -0.052933904
v -0.039434125 -0.038877403 -0.075121625
v -0.039434125 0.040733173 -0.075121625
v -0.053160087 0.065439903 -0.053160087
v -0.053160087 0.013281250 -0.075121625
v -0.053160087 0.065439903 -0.064140856
v -0.044924510 0.032497596 -0.075121625
v -0.050414895 -0.022406250 -0.075121625
v -0.047669702 0.059949519 -0.069631241
v -0.050414895 0.021516827 -0.075121625
v -0.047669702 -0.038877403 -0.069631241
v -0.053160087 -0.011425481 -0.075121625
v -0.044924510 0.065439903 -0.069631241
v -0.042179318 0.059949519 -0.072376433
v -0.042179318 -0.036132211 -0.075121625
v -0.047669702 -0.027896634 -0.075121625
f 191 189 186
f 192 186 187
f 192 187 188
f 192 191 186
f 193 190 187
f 193 187 186
f 194 188 187
f 194 187 190
f 195 189 191
f 195 191 192
f 195 192 188
f 195 188 194
f 196 193 186
f 196 186 189
f 197 190 193
f 197 195 194
f 198 196 189
f 198 193 196
f 198 197 193
f 199 189 195
f 199 195 197
f 200 197 194
f 201 197 198
f 202 199 197
f 202 197 201
f 203 194 190
f 203 190 200
f 204 200 190
f 204 190 197
f 204 197 200
f 205 201 198
f 205 198 189
f 205 189 201
f 206 202 201
f 206 201 189
f 206 189 199
f 206 199 202
f 207 200 194
f 207 194 203
f 208 207 203
f 208 203 200
f 208 200 207
o link5006
usemtl Material006
v 0.045666835 0.059949519 0.070373566
v 0.073118758 0.035242788 0.040176451
v 0.070373566 0.073675480 0.031940874
v 0.042145755 0.094164211 -0.011774409
v 0.042921643 0.035242788 -0.011982203
v 0.045666835 0.090146634 0.037431258
v 0.067628374 0.065439903 0.048412028
v 0.042756702 0.035166664 0.069499999
v 0.078609143 0.035242788 -0.009237010
v 0.056647604 0.090146634 0.015469720
v 0.064883181 0.035242788 0.053902412
v 0.073118758 0.059949519 0.040176451
v 0.051157220 0.073675480 0.059392797
v 0.041786630 0.093322056 0.017661985
v 0.075863950 0.032497596 -0.009237010
v 0.075863950 0.062694711 -0.011982203
v 0.062137989 0.081911057 0.031940874
v 0.053902412 0.059949519 0.064883181
v 0.070373566 0.068185096 0.042921643
v 0.078609143 0.059949519 0.009979336
v 0.070373566 0.059949519 0.045666835
v 0.042921643 0.079165865 0.056647604
v 0.042105462 0.066837610 0.065735172
v 0.048412028 0.095637018 0.007234143
v 0.072018947 0.032497588 -0.009179356
v 0.078609143 0.032497596 0.004488951
v 0.045666835 0.095637018 -0.011982203
v 0.078609143 0.070930288 -0.006491818
v 0.075863950 0.035242788 -0.011982203
v 0.051157220 0.090146634 0.029195682
v 0.078609143 0.070930288 0.007234143
v 0.051157220 0.084656249 0.042921643
v 0.053902412 0.035242788 0.064883181
v 0.051157220 0.068185096 0.064883181
v 0.070373566 0.035242788 0.045666835
v 0.064883181 0.059949519 0.053902412
v 0.042921643 0.090146634 0.037431258
v 0.042921643 0.084656249 0.048412028
v 0.042396098 0.059000000 0.068841003
v 0.078609143 0.032497596 -0.006491818
v 0.072267084 0.032497596 0.004444323
v 0.078609143 0.035242788 0.009979336
v 0.045666835 0.095637018 0.018214912
v 0.078609143 0.065439903 -0.009237010
v 0.056647604 0.090146634 -0.011982203
v 0.062137989 0.084656249 0.023705297
v 0.073118758 0.076420672 -0.006491818
v 0.062137989 0.076420672 0.042921643
v 0.056647604 0.084656249 0.034686066
v 0.045666835 0.035242788 0.070373566
v 0.048412028 0.065439903 0.067628374
v 0.045666835 0.068185096 0.067628374
v 0.064883181 0.068185096 0.051157220
v 0.045666835 0.084656249 0.048412028
v 0.042921643 0.092891826 0.029195682
v 0.045666835 0.092891826 0.029195682
v 0.051157220 0.092891826 0.018214912
v 0.048412028 0.095637018 -0.006491818
v 0.073118758 0.070930288 -0.011982203
v 0.064883181 0.081911057 0.023705297
v 0.059392797 0.073675480 0.051157220
v 0.045666835 0.079165865 0.056647604
v 0.053902412 0.090146634 0.023705297
v 0.059392797 0.087401442 -0.011982203
f 222 212 213
f 227 211 225
f 228 220 210
f 229 210 220
f 229 227 215
f 229 220 227
f 231 222 213
f 231 213 216
f 233 216 213
f 233 213 223
f 234 217 228
f 235 224 213
f 235 213 212
f 236 228 217
f 237 223 213
f 237 213 224
f 237 224 217
f 239 211 227
f 239 228 236
f 239 227 220
f 239 220 228
f 241 226 209
f 241 219 226
f 241 234 219
f 243 229 219
f 243 210 229
f 243 234 210
f 243 219 234
f 244 226 219
f 244 219 229
f 244 229 215
f 244 242 226
f 246 231 230
f 246 222 231
f 246 245 222
f 246 214 245
f 247 231 216
f 247 216 209
f 248 217 234
f 248 237 217
f 248 223 237
f 248 234 233
f 248 233 223
f 249 234 216
f 249 216 233
f 249 233 234
f 250 234 228
f 250 228 210
f 250 210 234
f 251 235 212
f 251 212 222
f 251 232 235
f 252 236 217
f 252 217 224
f 253 232 218
f 253 224 235
f 254 239 218
f 254 225 211
f 255 239 236
f 255 218 239
f 255 253 218
f 256 227 225
f 257 238 214
f 257 214 240
f 257 225 254
f 257 256 225
f 257 240 256
f 258 241 209
f 258 209 216
f 258 216 234
f 258 234 241
f 259 209 226
f 259 226 242
f 260 242 221
f 260 259 242
f 260 230 231
f 260 209 259
f 260 247 209
f 260 231 247
f 261 221 242
f 261 227 256
f 261 215 227
f 261 244 215
f 261 242 244
f 262 240 214
f 262 214 246
f 262 246 230
f 263 251 222
f 263 222 245
f 263 245 214
f 264 214 238
f 264 263 214
f 264 251 263
f 265 218 232
f 265 232 251
f 265 251 264
f 266 253 235
f 266 235 232
f 266 232 253
f 267 236 252
f 267 252 224
f 267 224 253
f 268 254 211
f 268 211 239
f 268 239 254
f 269 256 240
f 269 261 256
f 269 221 261
f 269 262 221
f 269 240 262
f 270 260 221
f 270 230 260
f 270 262 230
f 270 221 262
f 271 254 218
f 271 218 265
f 271 257 254
f 271 238 257
f 271 265 264
f 271 264 238
f 272 267 253
f 272 236 267
f 272 255 236
f 272 253 255
o link5007
usemtl Material007
v -0.054692229 0.086702564 -0.009681427
v -0.055905279 -0.000444712 -0.011982203
v -0.055032786 0.080733548 -0.033424331
v -0.069631241 0.073675480 -0.033943741
v -0.072376433 0.070930288 -0.011982203
v -0.055905279 -0.000444712 -0.033943741
v -0.058650471 0.087401442 -0.020217779
v -0.071873426 -0.000444711 -0.011955842
v -0.058650471 0.081911057 -0.033943741
v -0.054639634 0.085584361 -0.019766029
v -0.058650471 0.087401442 -0.009237010
v -0.066886048 0.079165865 -0.028453356
v -0.072376433 0.062694711 -0.033943741
v -0.055905279 0.084656249 -0.031198549
v -0.058650471 0.079165865 -0.009237010
v -0.072376433 0.070930288 -0.020217779
v -0.066886048 0.079165865 -0.020217779
v -0.064140856 0.079165865 -0.033943741
v -0.070725620 -0.000444712 -0.033857223
v -0.055492590 0.079139455 -0.009525981
v -0.072376433 0.068185096 -0.025708164
v -0.061395664 0.084656249 -0.011982203
v -0.058650471 0.084656249 -0.031198549
v -0.061395664 0.084656249 -0.025708164
f 281 278 276
f 281 275 278
f 282 273 274
f 282 274 278
f 282 278 275
f 282 279 273
f 283 273 279
f 285 280 277
f 285 276 278
f 286 275 281
f 286 282 275
f 286 279 282
f 287 280 274
f 287 283 277
f 287 277 280
f 288 284 276
f 288 277 284
f 288 285 277
f 289 284 277
f 290 281 276
f 290 276 284
f 291 285 278
f 291 280 285
f 291 278 274
f 291 274 280
f 292 287 274
f 292 274 273
f 292 273 283
f 292 283 287
f 293 288 276
f 293 276 285
f 293 285 288
f 294 289 277
f 294 277 283
f 294 284 289
f 294 283 279
f 295 286 281
f 295 281 290
f 295 279 286
f 295 290 284
f 296 295 284
f 296 279 295
f 296 294 279
f 296 284 294
o link5008
usemtl Material008
v -0.039434125 -0.071819711 -0.053160087
v -0.039434125 -0.110252403 -0.053160087
v -0.038567147 -0.110252403 -0.073490488
v -0.042179318 -0.071819711 -0.072376433
v -0.061222446 -0.071819759 -0.053008241
v -0.038783890 -0.071659588 -0.071030783
v -0.061022500 -0.110410938 -0.052636978
v -0.039434125 -0.107507211 -0.075121625
v -0.047669702 -0.071819711 -0.069631241
v -0.060048909 -0.112140814 -0.055428642
v -0.042179318 -0.107507211 -0.075121625
v -0.058650471 -0.107507211 -0.061395664
v -0.042179318 -0.110252403 -0.075121625
v -0.047669702 -0.107507211 -0.072376433
v -0.047669702 -0.110252403 -0.072376433
v -0.057183671 -0.110912057 -0.060153057
f 297 298 299
f 302 297 299
f 302 301 297
f 303 298 297
f 303 297 301
f 304 302 299
f 304 300 302
f 305 302 300
f 305 301 302
f 306 299 298
f 306 298 303
f 307 305 300
f 307 300 304
f 308 306 303
f 308 303 301
f 308 301 305
f 309 307 304
f 309 304 299
f 309 299 306
f 310 308 305
f 310 305 307
f 310 307 309
f 311 310 309
f 311 309 306
f 311 308 310
f 312 311 306
f 312 306 308
f 312 308 311
o link5009
usemtl Material009
v -0.036688933 0.090146634 0.042921643
v -0.036688933 -0.000444712 0.045666835
v -0.036688933 -0.000444712 -0.033943741
v -0.055905279 0.084656249 -0.033943741
v -0.055905279 0.035242788 0.045666835
v -0.036014958 0.091287296 -0.033385610
v -0.036688933 0.035242788 0.045666835
v -0.055905279 0.081911057 0.040176451
v -0.055905279 -0.000444712 0.045666835
v -0.042179318 0.092891826 -0.033943741
v -0.035744504 0.093388620 -0.027671257
v -0.055905279 0.079165865 0.042921643
v -0.055905279 -0.000444712 -0.033943741
v -0.042179318 0.098382211 0.012724528
v -0.035735699 0.096103097 0.017694161
v -0.036688933 0.098382211 -0.020217779
v -0.050414895 0.084656249 0.042921643
v -0.055905279 0.090146634 0.018214912
v -0.036688933 0.095637018 0.029195682
v -0.039434125 0.095637018 -0.028453356
v -0.053160087 0.092891826 -0.009237010
v -0.039434125 0.098382211 0.018214912
v -0.039434125 0.090146634 0.042921643
v -0.055905279 0.087401442 0.029195682
v -0.036688933 0.092891826 0.037431258
v -0.042179318 0.098382211 -0.011982203
v -0.053160087 0.092891826 0.009979336
v -0.055905279 0.090146634 -0.017472587
v -0.053160087 0.084656249 0.040176451
v -0.042179318 0.092891826 0.034686066
v -0.039434125 0.098382211 -0.020217779
v -0.050414895 0.092891826 0.020960105
v -0.053160087 0.087401442 -0.033943741
v -0.050414895 0.092891826 -0.020217779
v -0.039434125 0.092891826 0.037431258
v -0.047669702 0.090146634 0.034686066
v -0.047669702 0.095637018 0.012724528
v -0.042179318 0.095637018 0.026450489
v -0.055905279 0.087401442 -0.028453356
v -0.047669702 0.095637018 -0.011982203
v -0.044924510 0.092891826 -0.031198549
v -0.039434125 0.095637018 0.029195682
v -0.047669702 0.092891826 0.026450489
v -0.044924510 0.095637018 0.020960105
f 319 317 314
f 319 313 317
f 320 316 317
f 321 315 314
f 321 314 317
f 321 317 316
f 322 318 315
f 322 315 316
f 323 314 315
f 323 315 318
f 324 320 317
f 325 321 316
f 325 316 315
f 325 315 321
f 327 319 314
f 327 314 323
f 327 313 319
f 328 323 318
f 328 327 323
f 329 324 317
f 330 316 320
f 332 328 318
f 332 318 322
f 334 328 326
f 334 327 328
f 334 331 327
f 335 329 317
f 335 317 313
f 336 330 320
f 337 313 327
f 337 327 331
f 337 335 313
f 338 333 326
f 338 326 328
f 339 333 330
f 339 326 333
f 340 316 330
f 340 330 333
f 341 336 320
f 341 320 324
f 341 324 329
f 342 341 329
f 343 338 328
f 343 328 332
f 344 339 330
f 344 330 336
f 345 322 316
f 346 340 333
f 346 338 343
f 347 335 337
f 347 337 331
f 347 342 329
f 347 329 335
f 348 336 341
f 348 341 342
f 349 344 326
f 349 326 339
f 349 339 344
f 350 334 326
f 350 342 347
f 351 345 316
f 351 316 340
f 351 346 345
f 351 340 346
f 352 346 333
f 352 333 338
f 352 338 346
f 353 346 343
f 353 322 345
f 353 345 346
f 353 343 332
f 353 332 322
f 354 347 331
f 354 331 334
f 354 350 347
f 354 334 350
f 355 344 336
f 355 336 348
f 355 350 344
f 355 348 342
f 355 342 350
f 356 350 326
f 356 326 344
f 356 344 350
o link5010
usemtl Material010
v 0.029195682 -0.074564903 0.075863950
v 0.045666835 -0.162411056 0.070373566
v 0.045666835 -0.071819711 0.045666835
v 0.026450489 -0.071819711 0.045666835
v 0.026450489 -0.162411056 0.078609143
v 0.045666835 -0.162411056 0.045666835
v 0.039319271 -0.071697267 0.070769924
v 0.031940874 -0.118487980 0.081354335
v 0.026450489 -0.074564903 0.075863950
v 0.026450489 -0.162411056 0.045666835
v 0.045666835 -0.071819711 0.070373566
v 0.029195682 -0.156920672 0.081354335
v 0.025659084 -0.110285751 0.078844261
v 0.026450487 -0.072379978 0.071579445
v 0.029195682 -0.110252403 0.081354335
v 0.042921643 -0.115742787 0.075863950
v 0.034686066 -0.159665864 0.078609143
v 0.026450489 -0.156920672 0.081354335
v 0.037431258 -0.115742787 0.078609143
v 0.045666835 -0.107507211 0.073118758
v 0.029195682 -0.162411056 0.078609143
v 0.042921643 -0.148685095 0.075863950
v 0.045666835 -0.156920672 0.073118758
v 0.031940874 -0.137704326 0.081354335
v 0.037431258 -0.148685095 0.078609143
v 0.040176451 -0.159665864 0.075863950
f 362 359 358
f 362 360 359
f 362 358 361
f 363 359 360
f 365 357 363
f 366 362 361
f 366 360 362
f 367 358 359
f 367 359 363
f 367 363 357
f 369 366 361
f 369 360 366
f 370 365 363
f 370 363 360
f 370 369 365
f 370 360 369
f 371 357 365
f 371 367 357
f 371 364 367
f 371 365 369
f 371 368 364
f 374 369 361
f 374 361 368
f 374 371 369
f 374 368 371
f 375 372 367
f 375 367 364
f 376 358 367
f 376 367 372
f 377 373 368
f 377 368 361
f 377 361 358
f 377 358 373
f 378 372 375
f 378 376 372
f 379 358 376
f 379 376 378
f 380 364 368
f 380 375 364
f 381 368 373
f 381 373 378
f 381 380 368
f 381 378 375
f 381 375 380
f 382 379 378
f 382 378 373
f 382 373 358
f 382 358 379
o link5011
usemtl Material011
v -0.036688933 0.040733173 0.078609143
v -0.035856296 0.034331090 0.078609143
v -0.036500217 0.086933747 0.042686165
v -0.067427456 0.064622070 0.041567659
v -0.066886048 0.035242788 0.051157220
v -0.047669702 0.068185096 0.067628374
v -0.036688933 0.073675480 0.067628374
v -0.042179318 0.035242788 0.078609143
v -0.036688933 0.035242788 0.042921643
v -0.055905279 0.079165865 0.045666835
v -0.066886048 0.059949519 0.051157220
v -0.039434125 0.040733173 0.078609143
v -0.068895892 0.035242791 0.042431639
v -0.041057829 0.085239573 0.041764264
v -0.039434125 0.084656249 0.053902412
v -0.055905279 0.062694711 0.062137989
v -0.066886048 0.068185096 0.048412028
v -0.039434125 0.073675480 0.067628374
v -0.042179318 0.037987980 0.078609143
v -0.069631241 0.065439903 0.045666835
v -0.042179318 0.087401442 0.045666835
v -0.055905279 0.079165865 0.042921643
v -0.036688933 0.084656249 0.053902412
v -0.050414895 0.076420672 0.056647604
v -0.061395664 0.062694711 0.056647604
v -0.050414895 0.059949519 0.067628374
v -0.047669702 0.084656249 0.042921643
v -0.050414895 0.081911057 0.048412028
v -0.057263739 0.074715064 0.041946118
v -0.039434125 0.087401442 0.048412028
v -0.042179318 0.079165865 0.059392797
v -0.047669702 0.073675480 0.062137989
v -0.055905279 0.076420672 0.051157220
v -0.047669702 0.084656249 0.045666835
v -0.047669702 0.081911057 0.051157220
v -0.036688933 0.087401442 0.048412028
v -0.061395664 0.073675480 0.048412028
f 389 383 384
f 389 384 385
f 390 387 384
f 390 384 383
f 391 385 384
f 393 387 390
f 394 383 389
f 394 390 383
f 395 391 384
f 395 384 387
f 395 386 391
f 396 391 386
f 396 385 391
f 399 398 388
f 400 394 389
f 400 388 394
f 400 389 397
f 401 394 388
f 401 390 394
f 401 393 390
f 402 395 387
f 402 387 393
f 402 393 399
f 402 386 395
f 404 386 402
f 404 402 399
f 404 399 392
f 405 397 389
f 405 389 385
f 407 399 393
f 407 398 399
f 407 401 398
f 407 393 401
f 408 401 388
f 408 388 398
f 408 398 401
f 409 403 385
f 409 385 396
f 409 396 404
f 409 404 392
f 411 404 396
f 411 396 386
f 411 386 404
f 412 397 405
f 413 400 397
f 413 397 406
f 414 406 388
f 414 388 400
f 414 413 406
f 414 400 413
f 415 399 388
f 415 388 406
f 415 410 392
f 415 406 410
f 416 409 392
f 416 403 409
f 416 392 410
f 416 410 397
f 416 412 403
f 416 397 412
f 417 410 406
f 417 406 397
f 417 397 410
f 418 412 405
f 418 405 385
f 418 385 403
f 418 403 412
f 419 415 392
f 419 392 399
f 419 399 415
o link5012
usemtl Material012
v -0.053160087 0.065439903 -0.033943741
v -0.053160087 -0.000444712 -0.033943741
v -0.051819832 0.064777587 -0.059784610
v -0.055905279 0.065439903 -0.061395664
v -0.072376433 -0.000444712 -0.042179318
v -0.070725620 -0.000444712 -0.033857223
v -0.072376433 0.059949519 -0.042179318
v -0.053160087 -0.000444712 -0.053160087
v -0.069075076 0.065391187 -0.033914599
v -0.069631241 0.059949519 -0.047669702
v -0.069631241 -0.000444712 -0.047669702
v -0.052933034 0.051713916 -0.061117944
v -0.069631241 0.065439903 -0.044924510
v -0.070725605 0.059000000 -0.033857227
v -0.062386861 -0.000444982 -0.051657345
v -0.064140856 0.065439903 -0.053160087
f 420 421 422
f 420 422 423
f 425 421 420
f 426 424 425
f 427 422 421
f 429 424 426
f 430 424 429
f 431 423 422
f 431 422 427
f 432 428 420
f 432 420 423
f 432 426 428
f 432 429 426
f 433 428 426
f 433 426 425
f 433 425 420
f 433 420 428
f 434 430 423
f 434 423 431
f 434 431 427
f 434 425 424
f 434 424 430
f 434 427 421
f 434 421 425
f 435 432 423
f 435 429 432
f 435 430 429
f 435 423 430
o link5013
usemtl Material013
v -0.039434125 -0.071819711 0.040176451
v -0.039434125 -0.182999998 0.040176451
v -0.039296601 -0.182981104 -0.052964741
v -0.062368958 -0.071819746 -0.051680459
v -0.086102394 -0.118487980 0.015469720
v -0.039434125 -0.071819711 -0.053160087
v -0.077866817 -0.118487980 0.040176451
v -0.070362542 -0.071819711 0.039714746
v -0.072376433 -0.181627402 -0.003746626
v -0.069631241 -0.143194710 -0.053160087
v -0.075121625 -0.077310095 -0.036688933
v -0.075121625 -0.077310095 0.037431258
v -0.069631241 -0.184372594 -0.014727395
v -0.080612010 -0.159665864 0.029195682
v -0.047669702 -0.184372594 -0.053160087
v -0.069631241 -0.118487980 -0.053160087
v -0.083357202 -0.154175479 -0.022962972
v -0.072376433 -0.071819711 -0.042179318
v -0.080612010 -0.118487980 0.034686066
v -0.083357202 -0.096526441 0.009979336
v -0.061395664 -0.184372594 0.037431258
v -0.086102394 -0.118487980 -0.014727395
v -0.080612010 -0.118487980 -0.033943741
v -0.086102394 -0.151430287 0.004488951
v -0.083357202 -0.162411056 -0.009237010
v -0.069631241 -0.167901441 -0.042179318
v -0.069631241 -0.071819711 -0.047669702
v -0.075121625 -0.071819711 0.004488951
v -0.083357202 -0.118487980 0.026450489
v -0.077866817 -0.137704326 0.040176451
v -0.080612010 -0.091036057 0.023705297
v -0.069631241 -0.184372594 0.015469720
v -0.058650471 -0.184372594 0.040176451
v -0.083357202 -0.096526441 -0.009237010
v -0.086102394 -0.115742787 0.007234143
v -0.072376433 -0.121233172 -0.050414895
v -0.077866817 -0.145939903 -0.039434125
v -0.083357202 -0.140449518 -0.025708164
v -0.083357202 -0.118487980 -0.025708164
v -0.083357202 -0.151430287 0.023705297
v -0.086102394 -0.145939903 -0.009237010
v -0.080612010 -0.159665864 -0.028453356
v -0.083357202 -0.159665864 0.018214912
v -0.061395664 -0.184372594 -0.036688933
v -0.066886048 -0.159665864 -0.053160087
v -0.077866817 -0.115742787 -0.039434125
v -0.075121625 -0.071819711 -0.003746626
v -0.080612010 -0.088290865 0.009979336
v -0.077866817 -0.085545672 0.031940874
v -0.064140856 -0.184372594 0.031940874
v -0.075121625 -0.159665864 0.040176451
v -0.080612010 -0.091036057 -0.022962972
v -0.086102394 -0.115742787 -0.009237010
v -0.075121625 -0.143194710 -0.044924510
v -0.086102394 -0.132213941 -0.014727395
v -0.080612010 -0.156920672 -0.031198549
v -0.080612010 -0.140449518 -0.033943741
v -0.086102394 -0.132213941 0.015469720
v -0.083357202 -0.137704326 0.026450489
v -0.086102394 -0.151430287 -0.001001434
v -0.083357202 -0.159665864 -0.017472587
v -0.083357202 -0.162411056 0.007234143
v -0.083357202 -0.156920672 0.020960105
v -0.072376433 -0.178882210 0.018214912
f 436 437 438
f 441 436 438
f 442 437 436
f 443 436 441
f 443 442 436
f 447 442 443
f 450 445 441
f 450 441 438
f 450 438 437
f 451 439 441
f 451 441 445
f 453 443 441
f 454 442 447
f 456 448 450
f 458 446 453
f 459 440 457
f 460 448 444
f 462 439 451
f 462 453 441
f 462 441 439
f 463 447 443
f 463 443 453
f 464 454 447
f 465 442 454
f 465 437 442
f 466 455 440
f 466 440 464
f 467 444 448
f 467 448 456
f 468 456 450
f 468 450 437
f 468 437 465
f 470 457 440
f 470 440 455
f 470 455 469
f 471 451 445
f 471 462 451
f 474 446 458
f 474 473 457
f 474 458 473
f 476 459 457
f 479 450 448
f 479 477 461
f 479 448 477
f 480 445 450
f 480 479 461
f 480 450 479
f 481 458 453
f 481 453 462
f 481 471 458
f 481 462 471
f 482 463 453
f 482 453 446
f 482 446 469
f 483 447 463
f 483 466 447
f 483 455 466
f 483 469 455
f 483 482 469
f 483 463 482
f 484 466 464
f 484 464 447
f 484 447 466
f 485 467 456
f 486 468 465
f 486 465 449
f 486 456 468
f 486 485 456
f 486 449 485
f 487 469 446
f 487 457 469
f 487 474 457
f 487 446 474
f 488 470 469
f 488 469 457
f 488 457 470
f 489 471 445
f 489 445 480
f 489 458 471
f 490 473 452
f 490 457 473
f 490 476 457
f 490 452 476
f 491 452 473
f 491 489 480
f 491 472 489
f 491 480 461
f 491 461 477
f 492 473 458
f 492 491 473
f 492 472 491
f 492 489 472
f 492 458 489
f 493 440 459
f 493 464 440
f 494 454 464
f 494 493 475
f 494 464 493
f 494 465 454
f 494 475 449
f 494 449 465
f 495 460 459
f 495 459 476
f 496 491 477
f 496 452 491
f 496 460 495
f 496 495 476
f 496 476 452
f 496 477 448
f 496 448 460
f 497 478 459
f 497 459 460
f 497 460 444
f 497 444 467
f 498 459 478
f 498 493 459
f 498 475 493
f 498 478 449
f 498 449 475
f 499 449 478
f 499 485 449
f 499 467 485
f 499 497 467
f 499 478 497
o link5014
usemtl Material014
v -0.039434125 -0.038877403 0.040176451
v -0.039434125 -0.071819711 0.040176451
v -0.038748273 -0.038871078 -0.071124006
v -0.042179318 -0.038877403 -0.072376433
v -0.075121625 -0.038877403 0.004488951
v -0.042179318 -0.071819711 -0.072376433
v -0.070362542 -0.038877403 0.039714746
v -0.072376433 -0.038877403 -0.042179318
v -0.038783890 -0.071659588 -0.071030783
v -0.075121625 -0.071819711 0.004488951
v -0.069631241 -0.038877403 -0.047669702
v -0.072376433 -0.071819711 -0.042179318
v -0.075121625 -0.038877403 -0.003746626
v -0.070362542 -0.071819711 0.039714746
v -0.047669702 -0.038877403 -0.069631241
v -0.069631241 -0.071819711 -0.047669702
v -0.075121625 -0.071819711 -0.003746626
v -0.047669702 -0.071819711 -0.069631241
f 500 501 502
f 505 503 502
f 506 501 500
f 506 500 502
f 506 502 504
f 508 505 502
f 508 502 501
f 508 501 505
f 509 505 501
f 509 506 504
f 510 507 502
f 511 505 509
f 511 507 510
f 512 509 504
f 512 507 511
f 512 504 502
f 512 502 507
f 513 509 501
f 513 501 506
f 513 506 509
f 514 503 505
f 514 510 502
f 514 502 503
f 515 511 510
f 515 505 511
f 515 510 514
f 516 512 511
f 516 511 509
f 516 509 512
f 517 515 514
f 517 514 505
f 517 505 515
o link5015
usemtl Material015
v -0.055905279 0.079165865 0.042921643
v -0.055905279 -0.000444712 0.045666835
v -0.055094689 0.083462745 0.026083680
v -0.058650471 0.084656249 0.026450489
v -0.072376433 0.059949519 0.042921643
v -0.071117223 -0.000444712 0.026384499
v -0.055905279 0.081911057 0.037431258
v -0.054764559 0.082893982 0.028544057
v -0.055905279 0.035242788 0.045666835
v -0.069631241 0.070930288 0.040176451
v -0.055905279 -0.000444712 0.026450489
v -0.072376433 0.065439903 0.026450489
v -0.072376433 -0.000444712 0.042921643
v -0.058650471 0.084656249 0.029195682
v -0.067629108 0.035242795 0.044332701
v -0.069631241 0.068185096 0.042921643
v -0.065524932 0.075219811 0.026267444
v -0.069631241 0.073675480 0.034686066
v -0.058650471 0.079165865 0.042921643
v -0.067629022 -0.000444705 0.044332644
v -0.072376433 0.065439903 0.029195682
v -0.058650471 0.081911057 0.037431258
v -0.064140856 0.079165865 0.034686066
v -0.064140856 0.076420672 0.040176451
f 525 524 518
f 526 525 518
f 526 519 525
f 528 523 520
f 528 525 519
f 528 520 525
f 530 529 523
f 530 522 529
f 530 528 519
f 530 523 528
f 531 520 521
f 531 525 520
f 531 524 525
f 532 526 522
f 532 519 526
f 532 522 530
f 533 522 526
f 533 527 522
f 534 521 520
f 534 520 523
f 534 523 529
f 535 522 527
f 535 534 529
f 535 521 534
f 535 531 521
f 536 518 524
f 536 533 526
f 536 526 518
f 537 532 530
f 537 530 519
f 537 519 532
f 538 535 529
f 538 529 522
f 538 522 535
f 539 536 524
f 539 524 531
f 540 535 527
f 540 536 539
f 540 539 531
f 540 531 535
f 541 540 527
f 541 536 540
f 541 527 533
f 541 533 536
o link5016
usemtl Material016
v 0.040176451 -0.110252403 -0.061395664
v 0.040176451 -0.176137018 -0.064140856
v 0.034686066 -0.118487980 -0.080612010
v -0.017472587 -0.121233172 -0.086102394
v -0.050322614 -0.162328925 -0.061287399
v 0.004488951 -0.173391825 -0.083357202
v -0.020217779 -0.110252403 -0.083357202
v 0.040176451 -0.118487980 -0.077866817
v 0.031171257 -0.182334067 -0.059906140
v 0.015469720 -0.129468749 -0.086102394
v -0.031198549 -0.156920672 -0.080612010
v 0.037431258 -0.110252403 -0.077866817
v -0.050414895 -0.110252403 -0.061395664
v 0.037431258 -0.156920672 -0.077866817
v 0.039320782 -0.175245586 -0.060112368
v 0.031940874 -0.184372594 -0.064140856
v -0.003746626 -0.151430287 -0.086102394
v 0.007234143 -0.115742787 -0.086102394
v -0.031198549 -0.184372594 -0.064140856
v -0.050414895 -0.121233172 -0.072376433
v 0.039105388 -0.110312611 -0.073027068
v -0.030460429 -0.182466000 -0.060081606
v 0.040176451 -0.137704326 -0.077866817
v 0.026450489 -0.134959133 -0.083357202
v 0.040176451 -0.165156248 -0.072376433
v 0.009979336 -0.143194710 -0.086102394
v -0.022962972 -0.154175479 -0.083357202
v -0.006491818 -0.115742787 -0.086102394
v 0.020960105 -0.110252403 -0.083357202
v -0.003746626 -0.178882210 -0.080612010
v -0.050414895 -0.159665864 -0.069631241
v -0.031198549 -0.110252403 -0.080612010
v -0.038743143 -0.175435993 -0.060393859
v 0.026450489 -0.118487980 -0.083357202
v 0.031940874 -0.154175479 -0.080612010
v 0.040176451 -0.173391825 -0.066886048
v 0.040176451 -0.159665864 -0.075121625
v 0.004488951 -0.178882210 -0.080612010
v 0.001743759 -0.151430287 -0.086102394
v -0.028453356 -0.123978364 -0.083357202
v -0.014727395 -0.134959133 -0.086102394
v -0.003746626 -0.173391825 -0.083357202
v -0.014727395 -0.118487980 -0.086102394
v -0.036688933 -0.167901441 -0.072376433
v 0.015469720 -0.184372594 -0.069631241
v -0.050414895 -0.162411056 -0.066886048
v -0.039434125 -0.145939903 -0.077866817
v -0.047669702 -0.110252403 -0.072376433
v -0.039434125 -0.176137018 -0.064140856
v 0.015469720 -0.121233172 -0.086102394
v 0.029195682 -0.159665864 -0.080612010
v 0.023705297 -0.151430287 -0.083357202
v 0.034686066 -0.134959133 -0.080612010
v 0.037431258 -0.176137018 -0.066886048
v -0.025708164 -0.140449518 -0.083357202
v -0.028453356 -0.121233172 -0.083357202
v -0.017472587 -0.123978364 -0.086102394
v -0.028453356 -0.159665864 -0.080612010
v -0.033943741 -0.178882210 -0.066886048
v -0.014727395 -0.184372594 -0.069631241
v -0.047669702 -0.156920672 -0.072376433
v -0.033943741 -0.137704326 -0.080612010
v -0.044924510 -0.118487980 -0.075121625
v -0.050414895 -0.110252403 -0.069631241
f 549 542 543
f 553 548 542
f 553 549 544
f 554 542 548
f 554 550 542
f 556 543 542
f 556 542 550
f 557 556 550
f 557 543 556
f 558 545 551
f 559 551 545
f 562 553 542
f 562 542 549
f 562 549 553
f 563 550 554
f 563 560 557
f 563 557 550
f 564 544 549
f 564 549 543
f 566 564 543
f 567 558 551
f 569 559 545
f 569 548 559
f 570 559 548
f 570 548 553
f 570 553 544
f 572 554 561
f 573 548 545
f 573 554 548
f 574 563 554
f 574 554 546
f 574 560 563
f 575 565 551
f 575 544 565
f 575 570 544
f 576 564 555
f 577 566 543
f 577 543 557
f 578 555 564
f 578 564 566
f 579 571 547
f 580 567 547
f 580 547 558
f 580 558 567
f 582 545 558
f 582 558 568
f 583 568 558
f 583 558 547
f 583 547 571
f 583 552 568
f 584 569 545
f 584 545 548
f 584 548 569
f 586 557 560
f 586 579 557
f 586 571 579
f 587 546 554
f 587 554 572
f 589 554 573
f 590 574 546
f 590 560 574
f 590 587 560
f 590 546 587
f 591 575 551
f 591 551 559
f 591 559 570
f 591 570 575
f 592 576 555
f 592 579 547
f 592 566 579
f 592 578 566
f 592 555 578
f 593 567 551
f 593 551 565
f 593 565 576
f 593 576 592
f 593 592 547
f 593 547 567
f 594 576 565
f 594 565 544
f 594 544 564
f 594 564 576
f 595 577 557
f 595 566 577
f 595 579 566
f 595 557 579
f 596 568 552
f 596 552 581
f 597 573 545
f 597 545 581
f 598 582 568
f 598 545 582
f 598 568 596
f 598 596 581
f 598 581 545
f 599 583 571
f 599 552 583
f 599 585 552
f 599 571 585
f 600 585 571
f 600 571 560
f 600 572 585
f 600 587 572
f 600 560 587
f 601 586 560
f 601 560 571
f 601 571 586
f 602 572 561
f 602 561 588
f 602 588 552
f 602 585 572
f 602 552 585
f 603 581 552
f 603 552 588
f 603 597 581
f 604 589 573
f 604 561 589
f 604 573 597
f 604 597 603
f 604 603 588
f 604 588 561
f 605 589 561
f 605 561 554
f 605 554 589
o link5017
usemtl Material017
v -0.055094689 0.083462745 0.026083680
v -0.055905279 0.018771634 0.026450489
v -0.055905279 0.018771634 -0.011982203
v -0.075121625 0.068185096 -0.011982203
v -0.072376433 0.065439903 0.026450489
v -0.075121625 0.018771634 -0.003746626
v -0.056778877 0.079221769 -0.011370498
v -0.054567902 0.085487636 0.020466595
v -0.067437263 0.072586259 0.026883652
v -0.071873450 0.018771626 -0.011955814
v -0.080612010 0.068185096 0.004488951
v -0.071117223 0.018771634 0.026384499
v -0.057687079 0.079104212 -0.012656785
v -0.055905279 0.068185096 -0.011982203
v -0.058650471 0.084656249 0.026450489
v -0.080612010 0.035242788 -0.006491818
v -0.066886048 0.079165865 0.026450489
v -0.080612010 0.035242788 0.004488951
v -0.075121625 0.076420672 -0.003746626
v -0.058650471 0.087401442 0.009979336
v -0.075121625 0.035242788 -0.011982203
v -0.054897794 0.086694045 0.010274259
v -0.058650471 0.087401442 0.020960105
v -0.080612010 0.059949519 -0.006491818
v -0.064140856 0.081911057 0.026450489
v -0.075121625 0.018771634 0.004488951
v -0.077866817 0.070930288 -0.009237010
v -0.075121625 0.076420672 0.004488951
v -0.072376433 0.076420672 -0.006491818
v -0.072376433 0.070930288 -0.011982203
v -0.080612010 0.068185096 -0.003746626
f 613 606 607
f 613 607 608
f 615 608 607
f 617 614 610
f 617 607 614
f 617 615 607
f 618 608 615
f 619 618 612
f 619 608 618
f 620 614 607
f 620 607 606
f 621 615 611
f 622 616 610
f 622 610 614
f 623 617 610
f 623 610 616
f 623 616 621
f 623 621 611
f 626 618 615
f 626 609 618
f 626 621 609
f 626 615 621
f 627 613 608
f 627 608 619
f 627 619 612
f 627 612 618
f 627 618 625
f 628 620 606
f 628 606 613
f 628 627 625
f 628 613 627
f 628 625 624
f 629 621 616
f 629 609 621
f 630 622 614
f 630 614 620
f 630 620 628
f 631 623 611
f 631 617 623
f 631 611 615
f 631 615 617
f 632 609 629
f 633 624 616
f 633 616 622
f 633 622 630
f 633 630 628
f 633 628 624
f 634 625 618
f 634 624 625
f 634 632 624
f 634 618 632
f 635 632 618
f 635 618 609
f 635 609 632
f 636 632 629
f 636 629 616
f 636 616 624
f 636 624 632
o link5018
usemtl Material018
v -0.042179318 -0.115742787 0.075863950
v -0.038518324 -0.182393929 0.055300397
v -0.039434125 -0.088290865 0.040176451
v -0.070799319 -0.088290875 0.039332296
v -0.075121625 -0.156920672 0.042921643
v -0.038884986 -0.087973810 0.066268563
v -0.042179318 -0.156920672 0.075863950
v -0.069631241 -0.118487980 0.053902412
v -0.039434125 -0.182999998 0.040176451
v -0.041262447 -0.087761495 0.065357965
v -0.038203055 -0.102380780 0.071331481
v -0.053160087 -0.184372594 0.048412028
v -0.075121625 -0.107507211 0.042921643
v -0.053160087 -0.118487980 0.070373566
v -0.072924516 -0.156168286 0.038896853
v -0.042179318 -0.102016826 0.073118758
v -0.039434125 -0.156920672 0.075863950
v -0.053160087 -0.159665864 0.067628374
v -0.042179318 -0.178882210 0.062137989
v -0.042179318 -0.184372594 0.056647604
v -0.066886048 -0.088290865 0.051157220
v -0.075121625 -0.134959133 0.045666835
v -0.044924510 -0.129468749 0.075863950
v -0.054750862 -0.182466000 0.039264003
v -0.075121625 -0.107507211 0.040176451
v -0.050414895 -0.088290865 0.064883181
v -0.050414895 -0.107507211 0.070373566
v -0.038359142 -0.116400044 0.073656227
v -0.066886048 -0.159665864 0.053902412
v -0.061395664 -0.148685095 0.062137989
v -0.047669702 -0.184372594 0.053902412
v -0.042179318 -0.162411056 0.073118758
v -0.039434125 -0.178882210 0.062137989
v -0.055905279 -0.184372594 0.042921643
v -0.072376433 -0.088290865 0.042921643
v -0.064140856 -0.115742787 0.059392797
v -0.075121625 -0.118487980 0.045666835
v -0.044924510 -0.121233172 0.075863950
v -0.053160087 -0.132213941 0.070373566
v -0.054399844 -0.088051601 0.059887977
v -0.058650471 -0.115742787 0.064883181
v -0.061395664 -0.178882210 0.042921643
v -0.058650471 -0.167901441 0.056647604
v -0.072376433 -0.151430287 0.048412028
v -0.047669702 -0.173391825 0.062137989
v -0.044924510 -0.159665864 0.073118758
v -0.039434125 -0.162411056 0.073118758
v -0.044924510 -0.107507211 0.073118758
v -0.050414895 -0.156920672 0.070373566
v -0.047669702 -0.145939903 0.073118758
v -0.072376433 -0.162411056 0.042921643
v -0.061395664 -0.170646633 0.051157220
v -0.061395664 -0.178882210 0.040176451
v -0.055905279 -0.167901441 0.059392797
v -0.069631241 -0.156920672 0.051157220
v -0.069631241 -0.132213941 0.053902412
v -0.058650471 -0.145939903 0.064883181
v -0.072376433 -0.159665864 0.045666835
v -0.072376433 -0.162411056 0.040176451
v -0.066886048 -0.140449518 0.056647604
f 645 639 638
f 646 642 639
f 646 639 640
f 647 638 639
f 647 639 642
f 651 640 639
f 652 647 642
f 652 637 647
f 653 637 643
f 656 645 638
f 658 649 641
f 659 643 637
f 660 651 639
f 660 639 645
f 661 640 651
f 661 651 641
f 661 641 649
f 662 652 642
f 662 642 646
f 663 652 662
f 663 662 657
f 664 653 638
f 664 638 647
f 664 647 637
f 664 637 653
f 666 665 654
f 667 656 655
f 667 648 656
f 668 654 655
f 668 653 643
f 669 668 655
f 669 656 638
f 669 655 656
f 670 656 648
f 670 645 656
f 670 660 645
f 671 661 649
f 671 640 661
f 671 646 640
f 672 657 644
f 673 658 644
f 673 649 658
f 673 671 649
f 673 644 657
f 673 657 671
f 674 659 637
f 674 650 659
f 674 663 650
f 675 659 650
f 675 672 666
f 675 650 672
f 676 662 646
f 676 657 662
f 676 671 657
f 676 646 671
f 677 663 657
f 677 650 663
f 677 672 650
f 677 657 672
f 678 670 648
f 680 658 641
f 681 667 655
f 681 655 654
f 682 668 643
f 682 643 654
f 682 654 668
f 683 669 638
f 683 638 653
f 683 653 668
f 683 668 669
f 684 652 663
f 684 663 674
f 684 674 637
f 684 637 652
f 685 654 643
f 685 666 654
f 686 643 659
f 686 659 675
f 686 685 643
f 686 675 685
f 688 678 648
f 688 687 678
f 688 679 665
f 688 648 679
f 689 651 660
f 689 660 670
f 689 670 678
f 689 678 687
f 690 654 665
f 690 665 679
f 690 681 654
f 690 667 681
f 690 679 648
f 690 648 667
f 691 680 641
f 691 641 665
f 691 665 666
f 692 644 658
f 692 658 680
f 692 672 644
f 692 666 672
f 693 685 675
f 693 675 666
f 693 666 685
f 694 665 641
f 694 641 687
f 694 688 665
f 694 687 688
f 695 687 641
f 695 641 651
f 695 689 687
f 695 651 689
f 696 691 666
f 696 680 691
f 696 692 680
f 696 666 692
o link5019
usemtl Material019
v 0.070445845 -0.038877410 -0.039149822
v 0.073118758 -0.088290865 -0.042179318
v 0.067628374 -0.038877403 -0.050414895
v 0.042921643 -0.038877403 -0.072376433
v 0.040176451 -0.088290865 -0.039434125
v 0.053902412 -0.088290865 -0.064140856
v 0.073118758 -0.038877403 -0.042179318
v 0.071222715 -0.088268888 -0.038479486
v 0.040176451 -0.038877403 -0.039434125
v 0.067628374 -0.088290865 -0.050414895
v 0.048412028 -0.038877403 -0.069631241
v 0.040176451 -0.085545672 -0.069631241
v 0.042921643 -0.074564903 -0.072376433
v 0.039774116 -0.088058566 -0.065889748
v 0.039235972 -0.038881137 -0.070859354
v 0.051157220 -0.082800480 -0.066886048
v 0.042921643 -0.085545672 -0.069631241
v 0.045666835 -0.088290865 -0.066886048
v 0.039563119 -0.073577646 -0.070207176
v 0.048412028 -0.041622596 -0.069631241
f 702 698 701
f 703 698 699
f 703 699 700
f 704 701 698
f 704 703 697
f 704 698 703
f 705 703 700
f 705 697 703
f 705 704 697
f 705 701 704
f 706 699 698
f 706 698 702
f 707 700 699
f 707 699 706
f 709 700 707
f 711 705 700
f 711 700 709
f 711 701 705
f 713 708 709
f 713 712 702
f 713 709 712
f 714 702 701
f 714 701 710
f 714 713 702
f 714 710 708
f 714 708 713
f 715 711 709
f 715 709 708
f 715 708 710
f 715 710 701
f 715 701 711
f 716 712 709
f 716 709 707
f 716 702 712
f 716 707 706
f 716 706 702
o link5020
usemtl Material020
v 0.071222715 -0.088268888 -0.038479486
v 0.075863950 -0.154175479 -0.042179318
v 0.064883181 -0.115742787 -0.058650471
v 0.040176451 -0.107507211 -0.075121625
v 0.040176451 -0.182999998 -0.039434125
v 0.042921643 -0.156920672 -0.075121625
v 0.067628374 -0.088290865 -0.050414895
v 0.073700494 -0.154049720 -0.038393083
v 0.040176451 -0.088290865 -0.039434125
v 0.062137989 -0.148685095 -0.061395664
v 0.053902412 -0.118487980 -0.069631241
v 0.039002166 -0.156174852 -0.072894179
v 0.053902412 -0.184372594 -0.047669702
v 0.075863950 -0.121233172 -0.044924510
v 0.075863950 -0.115742787 -0.042179318
v 0.039774116 -0.088058566 -0.065889748
v 0.055296439 -0.182403720 -0.038539391
v 0.045666835 -0.118487980 -0.075121625
v 0.053902412 -0.132213941 -0.069631241
v 0.059392797 -0.115742787 -0.064140856
v 0.040176451 -0.178882210 -0.061395664
v 0.039333273 -0.182466000 -0.054655746
v 0.067628374 -0.159665864 -0.053160087
v 0.070373566 -0.121233172 -0.053160087
v 0.073668667 -0.116398063 -0.038351495
v 0.073118758 -0.088290865 -0.042179318
v 0.045666835 -0.088290865 -0.066886048
v 0.056647604 -0.184372594 -0.042179318
v 0.051157220 -0.156920672 -0.069631241
v 0.045666835 -0.132213941 -0.075121625
v 0.051157220 -0.107507211 -0.069631241
v 0.040176451 -0.162411056 -0.072376433
v 0.042921643 -0.184372594 -0.055905279
v 0.070373566 -0.107507211 -0.050414895
v 0.067628374 -0.140449518 -0.055905279
v 0.054999667 -0.088245886 -0.059437665
v 0.073118758 -0.162411056 -0.039434125
v 0.059392797 -0.145939903 -0.064140856
v 0.048412028 -0.148685095 -0.072376433
v 0.053902412 -0.159665864 -0.066886048
v 0.042921643 -0.107507211 -0.075121625
v 0.042921643 -0.162411056 -0.072376433
v 0.070373566 -0.156920672 -0.050414895
v 0.073118758 -0.148685095 -0.047669702
v 0.062137989 -0.178882210 -0.039434125
v 0.056647604 -0.140449518 -0.066886048
v 0.059392797 -0.167901441 -0.055905279
v 0.048412028 -0.184372594 -0.053160087
v 0.045666835 -0.159665864 -0.072376433
v 0.073118758 -0.159665864 -0.044924510
v 0.070373566 -0.129468749 -0.053160087
v 0.075863950 -0.129468749 -0.044924510
v 0.062137989 -0.178882210 -0.042179318
v 0.062137989 -0.173391825 -0.047669702
v 0.042921643 -0.178882210 -0.061395664
v 0.056647604 -0.167901441 -0.058650471
v 0.073118758 -0.162411056 -0.042179318
v 0.048412028 -0.173391825 -0.061395664
f 728 720 722
f 731 724 718
f 731 718 730
f 732 728 725
f 732 720 728
f 732 725 717
f 733 717 725
f 733 725 721
f 734 722 720
f 735 734 727
f 736 723 719
f 736 735 727
f 738 721 725
f 738 725 728
f 738 728 737
f 740 719 723
f 740 736 719
f 741 731 717
f 741 724 731
f 741 733 724
f 741 717 733
f 742 731 730
f 742 717 731
f 742 732 717
f 742 723 732
f 743 720 732
f 744 733 721
f 746 722 734
f 746 734 735
f 747 736 727
f 747 723 736
f 747 743 723
f 747 727 734
f 748 737 728
f 748 728 722
f 749 738 737
f 749 721 738
f 749 744 721
f 749 729 744
f 750 740 723
f 750 730 740
f 750 742 730
f 750 723 742
f 751 736 740
f 752 743 732
f 752 732 723
f 752 723 743
f 753 718 724
f 754 735 736
f 754 751 726
f 754 736 751
f 755 745 722
f 755 746 735
f 755 722 746
f 756 726 739
f 756 722 745
f 756 754 726
f 756 745 754
f 757 747 734
f 757 734 720
f 757 720 743
f 757 743 747
f 758 748 722
f 758 737 748
f 759 739 726
f 759 726 751
f 760 759 751
f 760 718 759
f 761 753 724
f 761 724 733
f 761 733 744
f 762 754 745
f 762 735 754
f 762 755 735
f 762 745 755
f 763 756 739
f 764 729 749
f 764 763 729
f 765 758 722
f 765 722 756
f 766 739 759
f 766 759 718
f 767 760 751
f 767 751 740
f 767 740 730
f 768 730 718
f 768 718 760
f 768 767 730
f 768 760 767
f 769 761 744
f 769 744 729
f 769 753 761
f 770 763 739
f 770 729 763
f 770 769 729
f 770 739 769
f 771 737 758
f 771 764 749
f 771 749 737
f 772 756 763
f 772 763 764
f 773 766 718
f 773 718 753
f 773 753 769
f 773 769 739
f 773 739 766
f 774 764 771
f 774 772 764
f 774 756 772
f 774 765 756
f 774 771 758
f 774 758 765
o link5021
usemtl Material021
v 0.068365546 0.069387803 -0.033196939
v 0.073118758 0.035242788 -0.042179318
v 0.040176451 0.065439903 -0.072376433
v -0.036688933 0.059949519 -0.075121625
v -0.036688933 0.035242788 -0.033943741
v 0.038825833 0.034124447 -0.074000001
v -0.009237010 0.101127403 -0.036688933
v 0.064883181 0.068185096 -0.050414895
v 0.070727691 0.035242782 -0.033818439
v 0.037431258 0.059949519 -0.075121625
v -0.036688933 0.035245070 -0.074000525
v -0.017472587 0.076420672 -0.072376433
v -0.030402484 0.093518252 -0.033106173
v 0.073118758 0.059949519 -0.042179318
v 0.040176451 0.092891826 -0.036688933
v 0.051157220 0.035242788 -0.066886048
v 0.040176451 0.037987980 -0.075121625
v 0.015469720 0.076420672 -0.072376433
v -0.036688933 0.092891826 -0.039434125
v 0.070373566 0.070930288 -0.039434125
v 0.070727638 0.059000000 -0.033818431
v 0.023048895 0.095921839 -0.032972092
v 0.045666835 0.081911057 -0.053160087
v 0.067628374 0.035242788 -0.050414895
v 0.051157220 0.059949519 -0.066886048
v 0.034686066 0.070930288 -0.072376433
v -0.009237010 0.087401442 -0.061395664
v -0.036014958 0.091287296 -0.033385610
v -0.033943741 0.079165865 -0.064140856
v -0.022962972 0.098382211 -0.036688933
v 0.070373566 0.068185096 -0.042179318
v 0.059392797 0.081911057 -0.033943741
v 0.009979336 0.101127403 -0.036688933
v -0.009007116 0.098765922 -0.033004249
v 0.056647604 0.076420672 -0.050414895
v 0.045666835 0.065439903 -0.069631241
v 0.067628374 0.059949519 -0.050414895
v 0.042921643 0.059949519 -0.072376433
v 0.026450489 0.073675480 -0.072376433
v -0.033943741 0.070930288 -0.072376433
v -0.036688933 0.081911057 -0.058650471
v -0.025708164 0.084656249 -0.061395664
v -0.031198549 0.095637018 -0.036688933
v 0.051157220 0.087401442 -0.033943741
v 0.040176451 0.092891826 -0.033943741
v 0.009979336 0.092891826 -0.053160087
v -0.022312717 0.096100115 -0.033071908
v 0.009746821 0.098706001 -0.032979622
v 0.062137989 0.073675480 -0.047669702
v 0.048412028 0.073675480 -0.061395664
v 0.053902412 0.084656249 -0.039434125
v 0.048412028 0.068185096 -0.066886048
v 0.034686066 0.079165865 -0.064140856
v -0.036688933 0.068185096 -0.072376433
v -0.020217779 0.079165865 -0.069631241
v -0.031198549 0.084656249 -0.058650471
v -0.020217779 0.092891826 -0.050414895
v 0.023705297 0.098382211 -0.036688933
v -0.009237010 0.092891826 -0.053160087
v 0.009979336 0.087401442 -0.061395664
v 0.064883181 0.070930288 -0.047669702
v 0.051157220 0.076420672 -0.055905279
v 0.051157220 0.081911057 -0.047669702
v 0.051157220 0.087401442 -0.036688933
f 783 775 779
f 783 780 776
f 783 779 780
f 785 780 779
f 785 779 778
f 786 784 778
f 787 779 775
f 788 783 776
f 791 778 784
f 791 785 778
f 791 780 785
f 791 790 780
f 792 784 786
f 793 778 779
f 795 775 783
f 795 783 788
f 795 794 775
f 795 788 794
f 796 787 775
f 798 776 780
f 798 780 790
f 798 788 776
f 799 798 790
f 799 790 791
f 800 777 784
f 801 792 786
f 802 793 779
f 802 779 787
f 805 794 788
f 805 782 794
f 806 775 794
f 808 787 796
f 808 781 804
f 808 807 781
f 810 784 777
f 811 788 798
f 811 798 799
f 811 805 788
f 811 782 805
f 812 799 791
f 812 791 784
f 812 810 799
f 812 784 810
f 813 800 784
f 813 784 792
f 814 786 778
f 815 778 793
f 817 802 787
f 817 787 804
f 817 804 793
f 817 793 802
f 818 796 775
f 818 775 806
f 819 818 789
f 819 796 818
f 820 781 807
f 821 808 804
f 821 804 787
f 821 787 808
f 822 808 796
f 822 807 808
f 823 782 809
f 825 797 789
f 825 823 809
f 825 806 794
f 825 794 823
f 826 799 810
f 826 811 799
f 826 782 811
f 826 810 777
f 826 777 800
f 826 809 782
f 827 800 813
f 827 797 824
f 827 826 800
f 827 824 826
f 827 813 792
f 828 814 778
f 828 778 815
f 828 815 803
f 828 803 814
f 829 816 801
f 829 801 786
f 829 786 814
f 829 814 803
f 829 803 816
f 830 816 803
f 830 803 815
f 830 815 793
f 831 804 781
f 831 816 830
f 831 830 793
f 831 793 804
f 832 796 819
f 832 822 796
f 832 807 822
f 832 819 789
f 832 820 807
f 832 827 820
f 832 789 797
f 832 797 827
f 833 820 801
f 833 781 820
f 833 831 781
f 833 801 816
f 833 816 831
f 834 792 801
f 834 801 820
f 834 827 792
f 834 820 827
f 835 823 794
f 835 794 782
f 835 782 823
f 836 824 797
f 836 797 809
f 836 826 824
f 836 809 826
f 837 825 809
f 837 809 797
f 837 797 825
f 838 825 789
f 838 789 818
f 838 818 806
f 838 806 825
o link5022
usemtl Material022
v -0.055905279 0.018771634 0.004488951
v -0.053160087 -0.038877403 0.004488951
v -0.053160087 -0.000444712 -0.011982203
v -0.071873450 0.018771626 -0.011955814
v -0.075121625 -0.038877403 0.004488951
v -0.055905279 0.018771634 -0.011982203
v -0.053160087 -0.000444712 0.004488951
v -0.075121625 0.018771634 0.004488951
v -0.061395664 -0.038877403 -0.011982203
v -0.075121625 -0.000444712 -0.003746626
v -0.053160087 -0.038877403 -0.011982203
v -0.071873412 -0.038877403 -0.011955841
v -0.075121625 0.018771634 -0.003746626
v -0.075121625 -0.038877403 -0.003746626
f 843 840 839
f 844 839 841
f 845 839 840
f 845 840 841
f 845 841 839
f 846 843 839
f 846 839 844
f 847 840 843
f 847 844 841
f 847 842 844
f 848 843 846
f 849 847 841
f 849 841 840
f 849 840 847
f 850 842 847
f 851 848 846
f 851 842 848
f 851 846 844
f 851 844 842
f 852 843 848
f 852 848 842
f 852 842 850
f 852 850 847
f 852 847 843
o link5023
usemtl Material023
v 0.042921643 0.070930288 0.067628374
v 0.042105462 0.066837610 0.065735172
v 0.040176451 0.087401442 0.045666835
v -0.036037833 0.086004801 0.044854398
v -0.036569496 0.067921158 0.066773887
v 0.042921643 0.068185096 0.045666835
v -0.011982203 0.084656249 0.064883181
v 0.023140191 0.090693504 0.044524435
v -0.036688933 0.068185096 0.045666835
v 0.042921643 0.084656249 0.051157220
v -0.014727395 0.081911057 0.067628374
v 0.042118531 0.083063252 0.044791942
v -0.006491818 0.095637018 0.048412028
v -0.036688933 0.087401442 0.051157220
v 0.023705297 0.084656249 0.062137989
v -0.036688933 0.073675480 0.067628374
v -0.006355947 0.093511530 0.044515645
v 0.023705297 0.092891826 0.048412028
v -0.020217779 0.087401442 0.059392797
v -0.033943741 0.090146634 0.045666835
v 0.031940874 0.081911057 0.062137989
v 0.012724528 0.081911057 0.067628374
v -0.022436376 0.090780424 0.044642798
v 0.007234143 0.095637018 0.048412028
v 0.040176451 0.087401442 0.048412028
v -0.014727395 0.090146634 0.056647604
v -0.033943741 0.076420672 0.067628374
v -0.022962972 0.092891826 0.048412028
v 0.042921643 0.076420672 0.062137989
v 0.026450489 0.079165865 0.067628374
v 0.015469720 0.090146634 0.056647604
v 0.007091826 0.093472492 0.044494965
v 0.034686066 0.084656249 0.056647604
v -0.025708164 0.081911057 0.064883181
v -0.036688933 0.081911057 0.059392797
v -0.033943741 0.090146634 0.048412028
v -0.017472587 0.092891826 0.051157220
v 0.012724528 0.084656249 0.064883181
v 0.023705297 0.090146634 0.053902412
v 0.018214912 0.092891826 0.051157220
v -0.025708164 0.079165865 0.067628374
v -0.022962972 0.090146634 0.053902412
v 0.029195682 0.090146634 0.051157220
f 857 854 853
f 858 853 854
f 861 858 854
f 861 854 857
f 862 853 858
f 864 860 855
f 864 858 861
f 864 861 856
f 864 856 860
f 864 862 858
f 864 855 862
f 866 856 861
f 868 857 853
f 868 853 863
f 868 866 861
f 868 861 857
f 870 855 860
f 871 863 859
f 872 856 866
f 872 865 869
f 874 863 853
f 874 859 863
f 875 869 860
f 875 860 856
f 875 872 869
f 875 856 872
f 876 869 865
f 876 865 859
f 877 862 855
f 877 855 870
f 878 871 859
f 878 859 865
f 879 868 863
f 880 865 872
f 881 853 862
f 882 873 867
f 882 874 853
f 882 881 873
f 882 853 881
f 884 876 870
f 884 870 860
f 884 860 869
f 884 869 876
f 885 862 877
f 885 881 862
f 885 873 881
f 885 867 873
f 886 863 871
f 887 866 868
f 887 868 879
f 887 879 886
f 887 886 871
f 887 871 866
f 888 880 872
f 888 872 866
f 888 866 871
f 889 878 865
f 889 865 880
f 889 871 878
f 890 882 867
f 890 874 882
f 890 867 883
f 890 859 874
f 890 883 876
f 890 876 859
f 891 883 867
f 891 867 885
f 892 870 876
f 892 876 883
f 892 891 870
f 892 883 891
f 893 886 879
f 893 879 863
f 893 863 886
f 894 888 871
f 894 871 889
f 894 889 880
f 894 880 888
f 895 891 885
f 895 885 877
f 895 877 870
f 895 870 891
o link5024
usemtl Material024
v -0.039434125 0.035242788 0.081354335
v -0.035314056 -0.034650484 0.080191104
v -0.036688933 0.035242788 0.064883181
v -0.049700075 0.035242954 0.063956490
v -0.055905279 -0.008680288 0.078609143
v -0.036688933 -0.038877403 0.064883181
v -0.035668596 0.034125577 0.080483687
v -0.050414895 -0.014170673 0.081354335
v -0.053160087 0.021516827 0.078609143
v -0.049686237 -0.038877374 0.063969568
v -0.039434125 -0.036132211 0.081354335
v -0.047669702 0.032497596 0.078609143
v -0.055905279 0.016026442 0.064883181
v -0.050414895 0.016026442 0.081354335
v -0.044924510 -0.036132211 0.078609143
v -0.042179318 -0.038877403 0.078609143
v -0.044924510 0.035242788 0.078609143
v -0.050414895 0.035242788 0.067628374
v -0.055905279 0.010536058 0.078609143
v -0.055905279 -0.014170673 0.070373566
v -0.042179318 0.032497596 0.081354335
v -0.047669702 -0.022406250 0.081354335
v -0.050414895 -0.038877403 0.067628374
v -0.036688933 -0.038877403 0.075900003
v -0.055905279 0.016026442 0.070373566
v -0.053336967 -0.013518950 0.064735400
v -0.044924510 -0.027896634 0.081354335
v -0.053160087 -0.019661057 0.078609143
f 896 898 899
f 901 898 897
f 901 899 898
f 902 897 898
f 902 898 896
f 905 899 901
f 906 902 896
f 906 897 902
f 906 896 903
f 908 899 905
f 909 903 896
f 909 907 904
f 909 900 903
f 911 906 910
f 912 907 896
f 912 896 899
f 913 904 907
f 913 899 908
f 913 912 899
f 913 907 912
f 914 908 900
f 914 909 904
f 914 900 909
f 915 900 908
f 916 909 896
f 916 896 907
f 916 907 909
f 917 906 903
f 918 911 910
f 918 905 901
f 918 901 911
f 918 915 905
f 918 900 915
f 919 911 901
f 919 901 897
f 919 897 906
f 919 906 911
f 920 913 908
f 920 904 913
f 920 914 904
f 920 908 914
f 921 915 908
f 921 908 905
f 921 905 915
f 922 917 910
f 922 910 906
f 922 906 917
f 923 917 903
f 923 903 900
f 923 910 917
f 923 918 910
f 923 900 918
o link5025
usemtl Material025
v 0.004488951 -0.162411056 0.084099527
v 0.045666835 -0.178882210 0.059392797
v 0.045666835 -0.162411056 0.045666835
v -0.017472587 -0.162411056 0.045666835
v -0.017472587 -0.184372594 0.067628374
v -0.017472587 -0.182999998 0.045666835
v 0.041699047 -0.161053443 0.068364567
v 0.004488951 -0.178882210 0.081354335
v -0.017259768 -0.161865100 0.077682487
v 0.045666835 -0.182999998 0.045666835
v 0.045666835 -0.165156248 0.067628374
v -0.017472587 -0.167901441 0.078609143
v -0.011561356 -0.161156182 0.079166570
v 0.045666835 -0.184372594 0.053902412
v 0.044651050 -0.161381177 0.066155660
v 0.037431258 -0.170646633 0.070373566
v 0.031940874 -0.165156248 0.075863950
v -0.003746626 -0.178882210 0.081354335
v -0.003746626 -0.162411056 0.084099527
v 0.023024016 -0.161175117 0.076577827
v 0.009979336 -0.184372594 0.070373566
v 0.040176451 -0.184372594 0.059392797
v 0.042921643 -0.165156248 0.070373566
v 0.004488951 -0.165156248 0.084099527
v -0.017472587 -0.173391825 0.075863950
v -0.011982203 -0.165156248 0.081354335
v 0.031174410 -0.161096223 0.073714769
v -0.009237010 -0.184372594 0.070373566
v 0.029195682 -0.184372594 0.064883181
v 0.037431258 -0.178882210 0.064883181
v 0.045666835 -0.170646633 0.064883181
v 0.023705297 -0.165156248 0.078609143
v -0.003746626 -0.167901441 0.084099527
v -0.009237010 -0.173391825 0.081354335
v -0.017472587 -0.181627402 0.070373566
v 0.020960105 -0.184372594 0.067628374
v 0.001743759 -0.167901441 0.084099527
f 929 927 926
f 929 928 927
f 930 926 927
f 933 929 926
f 933 926 925
f 934 925 926
f 935 932 927
f 935 927 928
f 936 930 927
f 936 927 932
f 937 928 929
f 937 929 933
f 937 933 925
f 938 934 926
f 938 926 930
f 940 931 939
f 942 936 932
f 942 924 936
f 943 936 924
f 944 928 937
f 944 931 941
f 945 937 925
f 945 944 937
f 945 925 939
f 946 938 930
f 946 934 938
f 946 940 939
f 946 939 925
f 947 924 942
f 948 935 928
f 949 942 932
f 949 932 935
f 950 930 936
f 950 936 943
f 950 946 930
f 950 940 946
f 950 943 924
f 950 924 940
f 951 944 941
f 951 941 928
f 951 928 944
f 952 945 931
f 952 944 945
f 953 945 939
f 953 939 931
f 953 931 945
f 954 946 925
f 954 925 934
f 954 934 946
f 955 940 924
f 955 924 947
f 955 947 931
f 955 931 940
f 956 941 931
f 956 947 942
f 956 942 949
f 957 935 948
f 957 941 956
f 957 956 949
f 957 949 935
f 958 948 928
f 958 928 941
f 958 957 948
f 958 941 957
f 959 952 931
f 959 931 944
f 959 944 952
f 960 956 931
f 960 931 947
f 960 947 956
o link5026
usemtl Material026
v -0.017472587 -0.091036057 0.081354335
v -0.017472587 -0.184372594 0.067628374
v -0.017472587 -0.088290865 0.045666835
v -0.039434125 -0.088290865 0.045666835
v -0.039434125 -0.159665864 0.075863950
v -0.017472587 -0.182999998 0.045666835
v -0.025708164 -0.088290865 0.078609143
v -0.017472587 -0.154175479 0.084099527
v -0.039434125 -0.182999998 0.045666835
v -0.017325253 -0.088773010 0.077524709
v -0.038884986 -0.087973810 0.066268563
v -0.020217779 -0.162411056 0.081354335
v -0.033943741 -0.121233172 0.081354335
v -0.039434125 -0.184372594 0.059392797
v -0.017472587 -0.115742787 0.084099527
v -0.039434125 -0.096526441 0.073118758
v -0.028453356 -0.156920672 0.081354335
v -0.017472587 -0.162411056 0.081354335
v -0.020217779 -0.091036057 0.081354335
v -0.022962972 -0.184372594 0.067628374
v -0.025708164 -0.121233172 0.084099527
v -0.039434125 -0.121233172 0.078609143
v -0.036688933 -0.088290865 0.070373566
v -0.020217779 -0.154175479 0.084099527
v -0.033943741 -0.159665864 0.078609143
v -0.017472587 -0.176137018 0.073118758
v -0.028453356 -0.091036057 0.078609143
v -0.033943741 -0.126723557 0.081354335
v -0.028453356 -0.107507211 0.081354335
v -0.020217779 -0.115742787 0.084099527
v -0.025708164 -0.159665864 0.081354335
v -0.033943741 -0.173391825 0.070373566
v -0.020217779 -0.176137018 0.073118758
v -0.036688933 -0.096526441 0.075863950
v -0.022962972 -0.140449518 0.084099527
v -0.036688933 -0.154175479 0.078609143
v -0.028453356 -0.167901441 0.075863950
v -0.036688933 -0.162411056 0.075863950
v -0.033943741 -0.181627402 0.064883181
v -0.039434125 -0.107507211 0.075863950
v -0.025708164 -0.123978364 0.084099527
v -0.031198549 -0.143194710 0.081354335
v -0.039434125 -0.129468749 0.078609143
v -0.022962972 -0.170646633 0.075863950
f 966 964 963
f 969 965 964
f 969 964 966
f 970 966 963
f 970 962 966
f 970 967 961
f 970 963 967
f 971 967 963
f 971 963 964
f 974 969 966
f 974 966 962
f 974 965 969
f 975 970 961
f 975 968 970
f 976 971 964
f 976 964 965
f 978 968 972
f 978 970 968
f 979 961 967
f 979 975 961
f 980 974 962
f 981 968 975
f 982 976 965
f 983 967 971
f 983 971 976
f 984 972 968
f 984 968 981
f 986 978 972
f 986 962 970
f 986 970 978
f 986 980 962
f 987 979 967
f 987 967 983
f 988 981 973
f 988 973 982
f 989 981 979
f 989 973 981
f 989 987 973
f 989 979 987
f 990 981 975
f 990 975 979
f 990 979 981
f 991 984 977
f 991 972 984
f 991 977 985
f 992 965 974
f 993 986 972
f 993 972 980
f 993 980 986
f 994 982 973
f 994 973 987
f 994 987 983
f 994 983 976
f 995 984 981
f 995 977 984
f 996 985 977
f 996 965 985
f 997 991 985
f 997 972 991
f 997 992 980
f 997 985 992
f 998 992 985
f 998 985 965
f 998 965 992
f 999 992 974
f 999 974 980
f 999 980 992
f 1000 994 976
f 1000 976 982
f 1000 982 994
f 1001 995 981
f 1001 981 988
f 1001 988 995
f 1002 995 988
f 1002 977 995
f 1002 996 977
f 1002 988 996
f 1003 996 988
f 1003 988 982
f 1003 982 965
f 1003 965 996
f 1004 997 980
f 1004 980 972
f 1004 972 997
o link5027
usemtl Material027
v 0.020960105 -0.091036057 0.081354335
v 0.025716704 -0.145828253 0.079349412
v 0.026450489 -0.088290865 0.067628374
v -0.017472587 -0.088290865 0.067628374
v -0.011982203 -0.126723557 0.086844720
v 0.015469720 -0.145939903 0.067628374
v 0.023705297 -0.088290865 0.078609143
v 0.026450489 -0.123978364 0.084099527
v -0.017472587 -0.091036057 0.081354335
v 0.026450489 -0.145939903 0.067628374
v -0.017472587 -0.145939903 0.067628374
v 0.020960105 -0.145939903 0.084099527
v 0.007234143 -0.118487980 0.086844720
v 0.026450489 -0.091036057 0.078609143
v -0.017325253 -0.088773010 0.077524709
v -0.016966365 -0.145815097 0.081771828
v 0.018214912 -0.107507211 0.084099527
v 0.009979336 -0.126723557 0.086844720
v -0.006491818 -0.118487980 0.086844720
v 0.026450489 -0.121233172 0.084099527
v 0.026450489 -0.088290865 0.075863950
v -0.017472587 -0.107507211 0.084099527
v -0.003746626 -0.134959133 0.086844720
v 0.009979336 -0.121233172 0.086844720
v -0.011982203 -0.121233172 0.086844720
v 0.004488951 -0.134959133 0.086844720
v 0.007234143 -0.132213941 0.086844720
f 1010 1008 1007
f 1011 1007 1008
f 1013 1005 1011
f 1014 1010 1007
f 1014 1012 1006
f 1014 1007 1012
f 1015 1008 1010
f 1015 1013 1008
f 1016 1006 1012
f 1016 1015 1010
f 1016 1014 1006
f 1016 1010 1014
f 1017 1005 1013
f 1018 1011 1005
f 1018 1012 1007
f 1019 1013 1011
f 1019 1011 1008
f 1019 1008 1013
f 1020 1015 1016
f 1021 1005 1017
f 1022 1016 1012
f 1022 1017 1009
f 1023 1017 1013
f 1023 1009 1017
f 1024 1018 1005
f 1024 1012 1018
f 1024 1005 1021
f 1024 1022 1012
f 1025 1018 1007
f 1025 1007 1011
f 1025 1011 1018
f 1026 1020 1009
f 1026 1013 1015
f 1026 1015 1020
f 1027 1020 1016
f 1027 1009 1020
f 1027 1022 1009
f 1028 1024 1021
f 1028 1021 1017
f 1028 1017 1022
f 1028 1022 1024
f 1029 1026 1009
f 1029 1009 1023
f 1029 1023 1013
f 1029 1013 1026
f 1030 1027 1016
f 1030 1022 1027
f 1031 1030 1016
f 1031 1016 1022
f 1031 1022 1030
o link5028
usemtl Material028
v 0.040176451 0.035242788 0.081354335
v 0.056647604 -0.011425481 0.070373566
v 0.051157220 0.035242788 0.067628374
v 0.037431258 0.035242788 0.064883181
v 0.037341055 -0.038778634 0.075900003
v 0.050150380 -0.038877757 0.063596015
v 0.053902412 0.018771634 0.078609143
v 0.036131528 0.033842048 0.080254683
v 0.056647604 0.013281250 0.064883181
v 0.037431258 -0.038877403 0.064883181
v 0.051157220 -0.025151442 0.078609143
v 0.048412028 0.029752404 0.078609143
v 0.040176451 -0.033387019 0.081354335
v 0.056647604 -0.011425481 0.064883181
v 0.056647604 0.010536058 0.070373566
v 0.056647604 0.013281250 0.067628374
v 0.050115388 0.035235370 0.063570691
v 0.040176451 -0.038877403 0.078609143
v 0.036789610 -0.032883505 0.080499999
v 0.051157220 -0.038877403 0.067628374
v 0.053902412 -0.016915865 0.078609143
v 0.042921643 0.035242788 0.078609143
v 0.045666835 0.027007211 0.081354335
v 0.048412028 -0.030641827 0.078609143
v 0.051157220 -0.011425481 0.081354335
v 0.048412028 -0.019661057 0.081354335
v 0.051157220 0.013281250 0.081354335
v 0.042921643 -0.030641827 0.081354335
v 0.048412028 0.021516827 0.081354335
f 1032 1034 1035
f 1039 1032 1035
f 1041 1039 1035
f 1043 1038 1034
f 1045 1040 1033
f 1046 1038 1033
f 1046 1033 1040
f 1047 1040 1034
f 1047 1034 1038
f 1047 1046 1040
f 1047 1038 1046
f 1048 1035 1034
f 1048 1034 1040
f 1048 1041 1035
f 1048 1037 1041
f 1048 1045 1037
f 1048 1040 1045
f 1049 1041 1037
f 1049 1036 1041
f 1050 1041 1036
f 1050 1039 1041
f 1050 1049 1044
f 1050 1036 1049
f 1050 1044 1032
f 1050 1032 1039
f 1051 1045 1033
f 1051 1037 1045
f 1051 1049 1037
f 1052 1033 1038
f 1052 1051 1033
f 1052 1042 1051
f 1053 1043 1034
f 1053 1034 1032
f 1053 1032 1043
f 1054 1043 1032
f 1054 1038 1043
f 1054 1032 1044
f 1055 1044 1049
f 1055 1051 1042
f 1055 1049 1051
f 1056 1054 1044
f 1056 1052 1038
f 1057 1055 1042
f 1057 1056 1044
f 1057 1042 1052
f 1057 1052 1056
f 1058 1056 1038
f 1058 1054 1056
f 1059 1057 1044
f 1059 1044 1055
f 1059 1055 1057
f 1060 1058 1038
f 1060 1038 1054
f 1060 1054 1058
o link5029
usemtl Material029
v -0.036688933 0.035242788 0.064883181
v -0.036688933 -0.038877403 0.064883181
v -0.036688933 -0.038877403 0.045666835
v -0.066784977 0.035242789 0.045599486
v -0.055905279 0.016026442 0.064883181
v -0.066886048 -0.038877403 0.051157220
v -0.036688933 0.035242788 0.045666835
v -0.053160087 0.035242788 0.064883181
v -0.066784902 -0.038877403 0.045599442
v -0.066886048 0.035242788 0.051157220
v -0.053160087 -0.038877403 0.064883181
v -0.055905279 -0.016915865 0.064883181
f 1061 1062 1063
f 1065 1062 1061
f 1066 1063 1062
f 1067 1061 1063
f 1067 1064 1061
f 1068 1065 1061
f 1068 1061 1064
f 1069 1066 1064
f 1069 1063 1066
f 1069 1067 1063
f 1069 1064 1067
f 1070 1066 1065
f 1070 1064 1066
f 1070 1068 1064
f 1070 1065 1068
f 1071 1066 1062
f 1071 1062 1065
f 1072 1071 1065
f 1072 1065 1066
f 1072 1066 1071
o link5030
usemtl Material030
v 0.059392797 0.087401442 -0.011982203
v 0.071875463 0.035242779 -0.011917023
v 0.070373566 0.073675480 -0.033943741
v 0.042131734 0.088524232 -0.033268767
v 0.042921643 0.035242788 -0.011982203
v 0.048412028 0.090146634 -0.033943741
v 0.073118758 0.068185096 -0.014727395
v 0.070962064 0.067922376 -0.010572471
v 0.042145755 0.094164211 -0.011774409
v 0.042921643 0.035242788 -0.033943741
v 0.059392797 0.087401442 -0.020217779
v 0.070727691 0.035242782 -0.033818439
v 0.064883181 0.081911057 -0.017472587
v 0.041796981 0.093415696 -0.017022299
v 0.056647604 0.090146634 -0.011982203
v 0.062137989 0.081911057 -0.031198549
v 0.070727638 0.059000000 -0.033818431
v 0.070373566 0.073675480 -0.022962972
v 0.064883181 0.081911057 -0.025708164
v 0.041872975 0.090659935 -0.027706005
v 0.045666835 0.095637018 -0.017472587
v 0.045666835 0.095637018 -0.011982203
v 0.056647604 0.084656249 -0.033943741
v 0.067628374 0.076420672 -0.033943741
v 0.045666835 0.092891826 -0.028453356
v 0.051157220 0.092891826 -0.017472587
v 0.056647604 0.090146634 -0.014727395
v 0.048412028 0.092891826 -0.025708164
f 1080 1077 1074
f 1080 1079 1073
f 1080 1074 1079
f 1081 1077 1080
f 1082 1074 1077
f 1082 1078 1075
f 1082 1076 1078
f 1084 1079 1074
f 1084 1082 1075
f 1084 1074 1082
f 1085 1073 1079
f 1085 1083 1073
f 1086 1077 1081
f 1086 1082 1077
f 1087 1080 1073
f 1087 1073 1083
f 1089 1084 1075
f 1089 1075 1079
f 1089 1079 1084
f 1090 1085 1079
f 1090 1079 1075
f 1090 1075 1085
f 1091 1085 1075
f 1091 1083 1085
f 1091 1088 1083
f 1092 1076 1082
f 1092 1082 1086
f 1093 1086 1081
f 1094 1081 1080
f 1094 1080 1087
f 1094 1093 1081
f 1095 1075 1078
f 1095 1083 1088
f 1096 1091 1075
f 1096 1088 1091
f 1096 1095 1088
f 1096 1075 1095
f 1097 1078 1076
f 1097 1076 1092
f 1097 1092 1086
f 1097 1086 1093
f 1098 1094 1087
f 1098 1093 1094
f 1099 1098 1087
f 1099 1087 1083
f 1099 1083 1098
f 1100 1098 1083
f 1100 1078 1097
f 1100 1097 1093
f 1100 1093 1098
f 1100 1095 1078
f 1100 1083 1095
o link5031
usemtl Material031
v 0.053902412 0.035242788 0.064883181
v 0.067101471 -0.038877403 0.045304756
v 0.067062159 0.035242787 0.045247279
v 0.037431258 0.035242788 0.045666835
v 0.037431258 -0.038877403 0.064883181
v 0.037431258 -0.038877403 0.045666835
v 0.064883181 0.035242788 0.053902412
v 0.053902412 -0.038877403 0.064883181
v 0.037431258 0.035242788 0.064883181
v 0.056647604 -0.014170673 0.064883181
v 0.056647604 0.013281250 0.064883181
v 0.064883181 -0.038877403 0.053902412
f 1106 1103 1102
f 1106 1104 1103
f 1106 1105 1104
f 1106 1102 1105
f 1107 1102 1103
f 1107 1103 1104
f 1107 1104 1101
f 1108 1105 1102
f 1108 1101 1105
f 1109 1105 1101
f 1109 1101 1104
f 1109 1104 1105
f 1110 1101 1108
f 1111 1110 1107
f 1111 1107 1101
f 1111 1101 1110
f 1112 1110 1108
f 1112 1108 1102
f 1112 1102 1107
f 1112 1107 1110
o link5032
usemtl Material032
v 0.040176451 -0.071819711 -0.058650471
v 0.040176451 -0.088290865 -0.058650471
v 0.034686066 -0.071819711 -0.075121625
v -0.033943741 -0.071819711 -0.075121625
v -0.039434125 -0.088290865 -0.058650471
v 0.020272300 -0.089465477 -0.075980817
v -0.038783890 -0.071659588 -0.071030783
v 0.040176451 -0.077310095 -0.072376433
v -0.011982203 -0.085545672 -0.077866817
v 0.039354905 -0.071684157 -0.070741502
v -0.039434125 -0.071819711 -0.058650471
v -0.039434125 -0.088290865 -0.069631241
v 0.020960105 -0.085545672 -0.077866817
v 0.040176451 -0.088290865 -0.069631241
v -0.039434125 -0.080055288 -0.072376433
v -0.025708164 -0.088290865 -0.075121625
v -0.010771306 -0.088863881 -0.075534520
v 0.034686066 -0.074564903 -0.075121625
v 0.034686066 -0.088290865 -0.072376433
v -0.033943741 -0.088290865 -0.072376433
v -0.033943741 -0.077310095 -0.075121625
v -0.028453356 -0.085545672 -0.075121625
f 1117 1114 1113
f 1118 1114 1117
f 1119 1115 1116
f 1120 1113 1114
f 1121 1116 1115
f 1122 1119 1113
f 1122 1115 1119
f 1122 1120 1115
f 1122 1113 1120
f 1123 1117 1113
f 1123 1113 1119
f 1124 1117 1123
f 1125 1121 1115
f 1125 1118 1121
f 1126 1120 1114
f 1126 1114 1118
f 1127 1119 1116
f 1127 1124 1123
f 1127 1123 1119
f 1129 1118 1117
f 1129 1117 1124
f 1129 1128 1121
f 1129 1121 1118
f 1130 1125 1115
f 1130 1115 1120
f 1131 1120 1126
f 1131 1130 1120
f 1131 1125 1130
f 1131 1126 1118
f 1131 1118 1125
f 1132 1124 1127
f 1132 1129 1124
f 1132 1128 1129
f 1133 1127 1116
f 1133 1116 1121
f 1134 1133 1121
f 1134 1121 1128
f 1134 1128 1132
f 1134 1132 1127
f 1134 1127 1133
o link5033
usemtl Material033
v -0.039434125 -0.038877403 0.069499999
v -0.038884986 -0.087973810 0.066268563
v -0.039434125 -0.038877403 0.040176451
v -0.070362542 -0.038877403 0.039714746
v -0.053160087 -0.088290865 0.064883181
v -0.038932822 -0.069694204 0.070544407
v -0.050414895 -0.038877403 0.067628374
v -0.039434125 -0.088290865 0.040176451
v -0.042179318 -0.074564903 0.073118758
v -0.066886048 -0.038877403 0.051157220
v -0.044924510 -0.088290865 0.067628374
v -0.070799319 -0.088290875 0.039332296
v -0.039434125 -0.074564903 0.073118758
v -0.050414895 -0.080055288 0.067628374
v -0.042179318 -0.069074519 0.073118758
v -0.072376433 -0.038877403 0.042921643
v -0.066886048 -0.088290865 0.051157220
v -0.039434125 -0.082800480 0.070373566
v -0.072376433 -0.088290865 0.042921643
v -0.042179318 -0.082800480 0.070373566
f 1135 1137 1138
f 1140 1136 1137
f 1140 1137 1135
f 1141 1135 1138
f 1142 1137 1136
f 1144 1141 1138
f 1145 1142 1136
f 1145 1143 1139
f 1146 1138 1137
f 1146 1137 1142
f 1146 1145 1139
f 1146 1142 1145
f 1147 1136 1140
f 1147 1140 1135
f 1148 1143 1141
f 1148 1139 1143
f 1148 1141 1144
f 1149 1135 1141
f 1149 1141 1143
f 1149 1147 1135
f 1149 1143 1147
f 1150 1144 1138
f 1150 1138 1146
f 1151 1146 1139
f 1151 1144 1150
f 1151 1148 1144
f 1151 1139 1148
f 1152 1145 1136
f 1152 1136 1147
f 1152 1147 1143
f 1153 1151 1150
f 1153 1150 1146
f 1153 1146 1151
f 1154 1152 1143
f 1154 1143 1145
f 1154 1145 1152
o link5034
usemtl Material034
v 0.037431258 0.037987980 0.081354335
v 0.042921643 0.035242788 0.078609143
v 0.042921643 0.054459134 0.064883181
v -0.036688933 0.054459134 0.064883181
v -0.035668596 0.034125577 0.080483687
v 0.034686066 0.035242788 0.064883181
v 0.009979336 0.051713942 0.081354335
v 0.042396767 0.054459042 0.068841047
v 0.036131528 0.033842048 0.080254683
v 0.042921643 0.035242788 0.064883181
v -0.036688933 0.035242788 0.064883181
v -0.036688933 0.037987980 0.081354335
v 0.042921643 0.037987980 0.078609143
v 0.026450489 0.046223557 0.081354335
v -0.017472587 0.054459134 0.078609143
v 0.037431258 0.043478365 0.078609143
v 0.023705297 0.051713942 0.078609143
v 0.015469720 0.054459134 0.078609143
v -0.020217779 0.048968750 0.081354335
v -0.036688933 0.054459134 0.068999998
v -0.033943741 0.046223557 0.078609143
v -0.009237010 0.051713942 0.081354335
v -0.033943741 0.040733173 0.081354335
v -0.036688933 0.043478365 0.078609143
v -0.025708164 0.046223557 0.081354335
f 1160 1158 1157
f 1163 1156 1155
f 1163 1155 1159
f 1164 1160 1157
f 1164 1157 1156
f 1164 1163 1160
f 1164 1156 1163
f 1165 1158 1160
f 1165 1163 1159
f 1165 1160 1163
f 1166 1159 1155
f 1166 1155 1161
f 1166 1165 1159
f 1166 1158 1165
f 1167 1155 1156
f 1167 1156 1157
f 1167 1157 1162
f 1168 1161 1155
f 1169 1157 1158
f 1170 1167 1162
f 1170 1155 1167
f 1170 1168 1155
f 1170 1162 1168
f 1171 1168 1162
f 1171 1161 1168
f 1172 1169 1161
f 1172 1162 1157
f 1172 1157 1169
f 1172 1171 1162
f 1172 1161 1171
f 1173 1166 1161
f 1174 1169 1158
f 1174 1158 1166
f 1175 1173 1169
f 1175 1169 1174
f 1176 1173 1161
f 1176 1161 1169
f 1176 1169 1173
f 1177 1166 1173
f 1178 1175 1174
f 1178 1174 1166
f 1178 1177 1175
f 1178 1166 1177
f 1179 1177 1173
f 1179 1173 1175
f 1179 1175 1177
o link5035
usemtl Material035
v 0.040176451 -0.088290865 -0.058650471
v 0.040176451 -0.110252403 -0.058650471
v 0.037431258 -0.110252403 -0.077866817
v -0.020217779 -0.107507211 -0.083357202
v -0.039434125 -0.110252403 -0.058650471
v 0.020960105 -0.091036057 -0.080612010
v 0.040176451 -0.107507211 -0.075121625
v 0.039105388 -0.110312611 -0.073027068
v -0.020217779 -0.110252403 -0.083357202
v -0.039434125 -0.088290865 -0.058650471
v 0.039774116 -0.088058566 -0.065889748
v 0.031940874 -0.093781249 -0.077866817
v -0.039434125 -0.104762018 -0.075121625
v -0.036688933 -0.110252403 -0.077866817
v 0.020960105 -0.110252403 -0.083357202
v 0.040176451 -0.099271634 -0.072376433
v 0.036486066 -0.087745134 -0.067290671
v 0.037431258 -0.107507211 -0.077866817
v 0.023705297 -0.088290865 -0.077866817
v -0.025708164 -0.088290865 -0.075121625
v -0.038567147 -0.110252403 -0.073490488
v -0.036688933 -0.107507211 -0.077866817
v 0.023705297 -0.093781249 -0.080612010
v 0.009979336 -0.099271634 -0.083357202
v 0.037431258 -0.096526441 -0.075121625
v 0.029195682 -0.091036057 -0.077866817
v -0.039434125 -0.088290865 -0.069631241
v -0.009237010 -0.091036057 -0.080612010
v 0.020960105 -0.107507211 -0.083357202
v -0.036688933 -0.099271634 -0.075121625
v -0.009237010 -0.099271634 -0.083357202
f 1184 1181 1180
f 1186 1180 1181
f 1187 1181 1184
f 1187 1186 1181
f 1187 1182 1186
f 1189 1184 1180
f 1192 1184 1189
f 1193 1188 1187
f 1193 1183 1188
f 1194 1182 1187
f 1194 1187 1188
f 1194 1188 1183
f 1195 1190 1180
f 1195 1180 1186
f 1196 1189 1180
f 1196 1180 1190
f 1197 1186 1182
f 1197 1182 1194
f 1198 1196 1190
f 1199 1196 1198
f 1200 1184 1192
f 1200 1192 1193
f 1200 1193 1187
f 1200 1187 1184
f 1201 1193 1192
f 1201 1183 1193
f 1202 1185 1191
f 1202 1191 1197
f 1203 1194 1183
f 1204 1191 1190
f 1204 1190 1195
f 1204 1197 1191
f 1204 1195 1186
f 1204 1186 1197
f 1205 1191 1185
f 1205 1185 1198
f 1205 1198 1190
f 1205 1190 1191
f 1206 1192 1189
f 1206 1189 1196
f 1206 1196 1199
f 1207 1199 1198
f 1207 1198 1185
f 1207 1185 1203
f 1207 1183 1199
f 1208 1202 1197
f 1208 1197 1194
f 1208 1194 1203
f 1208 1203 1185
f 1208 1185 1202
f 1209 1206 1199
f 1209 1201 1192
f 1209 1192 1206
f 1209 1199 1183
f 1209 1183 1201
f 1210 1207 1203
f 1210 1203 1183
f 1210 1183 1207
o link5036
usemtl Material036
v 0.042921643 0.087401442 0.045666835
v 0.042921643 0.035242788 0.045666835
v 0.042921643 0.035242788 -0.033943741
v -0.036688933 0.095637018 -0.033943741
v -0.036688933 0.035242788 0.045666835
v 0.042921643 0.092891826 -0.033943741
v -0.036688933 0.090146634 0.045666835
v -0.036688933 0.035242788 -0.033943741
v 0.018214912 0.103872595 0.026450489
v 0.001743759 0.103872595 -0.031198549
v 0.042921643 0.098382211 0.009979336
v 0.009979336 0.098382211 0.042921643
v -0.028453356 0.103872595 0.012724528
v 0.018214912 0.101127403 -0.033943741
v 0.040176451 0.095637018 0.029195682
v 0.018214912 0.095637018 0.045666835
v -0.036688933 0.101127403 0.009979336
v -0.011982203 0.103872595 0.029195682
v -0.028453356 0.103872595 -0.014727395
v -0.017472587 0.101127403 -0.033943741
v 0.029195682 0.103872595 -0.011982203
v 0.026450489 0.103872595 0.018214912
v 0.042921643 0.095637018 0.023705297
v -0.017472587 0.095637018 0.045666835
v 0.018214912 0.098382211 0.040176451
v -0.031198549 0.098382211 0.031940874
v 0.012724528 0.103872595 0.029195682
v -0.031198549 0.103872595 -0.003746626
v -0.014727395 0.103872595 -0.028453356
v 0.042921643 0.098382211 -0.009237010
v 0.029195682 0.101127403 -0.025708164
v 0.018214912 0.103872595 -0.025708164
v 0.029195682 0.103872595 0.012724528
v 0.042921643 0.090146634 0.040176451
v 0.040176451 0.098382211 0.018214912
v -0.009237010 0.098382211 0.042921643
v 0.029195682 0.095637018 0.040176451
v -0.036688933 0.098382211 0.023705297
v -0.028453356 0.101127403 0.026450489
v -0.022962972 0.098382211 0.037431258
v 0.007234143 0.101127403 0.037431258
v -0.031198549 0.103872595 0.001743759
v -0.036688933 0.101127403 -0.009237010
v -0.003746626 0.103872595 -0.031198549
v -0.022962972 0.101127403 -0.031198549
v 0.037431258 0.101127403 -0.006491818
v 0.031940874 0.098382211 -0.031198549
v 0.040176451 0.098382211 -0.017472587
v 0.012724528 0.103872595 -0.028453356
v 0.026450489 0.101127403 -0.028453356
v 0.026450489 0.103872595 -0.017472587
v 0.037431258 0.098382211 0.023705297
v 0.023705297 0.098382211 0.037431258
v 0.037431258 0.092891826 0.040176451
v -0.036688933 0.092891826 0.040176451
v -0.025708164 0.103872595 0.018214912
v -0.033943741 0.101127403 0.018214912
v -0.025708164 0.101127403 0.029195682
v -0.017472587 0.098382211 0.040176451
v -0.033943741 0.092891826 0.042921643
v -0.006491818 0.101127403 0.037431258
v -0.033943741 0.101127403 -0.017472587
v -0.028453356 0.098382211 -0.033943741
v -0.031198549 0.101127403 -0.022962972
f 1211 1212 1213
f 1215 1212 1211
f 1215 1213 1212
f 1216 1211 1213
f 1216 1213 1214
f 1217 1215 1211
f 1217 1214 1215
f 1218 1215 1214
f 1218 1214 1213
f 1218 1213 1215
f 1221 1211 1216
f 1223 1219 1220
f 1224 1216 1214
f 1226 1217 1211
f 1227 1214 1217
f 1228 1219 1223
f 1229 1223 1220
f 1230 1224 1214
f 1230 1220 1224
f 1231 1220 1219
f 1232 1231 1219
f 1233 1211 1221
f 1234 1226 1222
f 1234 1217 1226
f 1235 1222 1226
f 1237 1219 1228
f 1237 1235 1219
f 1238 1223 1229
f 1239 1229 1220
f 1240 1221 1216
f 1242 1220 1231
f 1243 1231 1232
f 1244 1233 1225
f 1244 1211 1233
f 1245 1225 1233
f 1245 1243 1232
f 1245 1233 1221
f 1245 1221 1243
f 1246 1234 1222
f 1247 1235 1226
f 1248 1227 1217
f 1249 1248 1236
f 1251 1237 1228
f 1251 1222 1235
f 1251 1235 1237
f 1251 1246 1222
f 1252 1238 1227
f 1252 1227 1223
f 1252 1223 1238
f 1253 1238 1229
f 1253 1214 1227
f 1253 1227 1238
f 1254 1239 1220
f 1254 1220 1230
f 1254 1230 1239
f 1255 1239 1230
f 1255 1229 1239
f 1256 1221 1240
f 1256 1243 1221
f 1256 1231 1243
f 1257 1241 1216
f 1257 1216 1224
f 1258 1240 1216
f 1258 1216 1241
f 1258 1256 1240
f 1258 1231 1256
f 1259 1242 1224
f 1259 1224 1220
f 1259 1220 1242
f 1260 1224 1242
f 1260 1257 1224
f 1260 1241 1257
f 1261 1242 1231
f 1261 1260 1242
f 1261 1241 1260
f 1261 1258 1241
f 1261 1231 1258
f 1262 1245 1232
f 1262 1232 1225
f 1262 1225 1245
f 1263 1247 1219
f 1263 1219 1235
f 1263 1235 1247
f 1264 1244 1225
f 1264 1219 1247
f 1264 1232 1219
f 1264 1225 1232
f 1264 1211 1244
f 1264 1247 1226
f 1264 1226 1211
f 1265 1248 1217
f 1265 1236 1248
f 1266 1228 1223
f 1267 1223 1227
f 1267 1227 1248
f 1267 1248 1249
f 1267 1266 1223
f 1267 1249 1266
f 1268 1249 1236
f 1268 1236 1250
f 1268 1266 1249
f 1268 1228 1266
f 1269 1268 1250
f 1269 1228 1268
f 1269 1234 1246
f 1270 1217 1234
f 1270 1269 1250
f 1270 1234 1269
f 1270 1265 1217
f 1270 1250 1236
f 1270 1236 1265
f 1271 1251 1228
f 1271 1246 1251
f 1271 1269 1246
f 1271 1228 1269
f 1272 1253 1229
f 1272 1214 1253
f 1273 1255 1230
f 1273 1230 1214
f 1273 1214 1255
f 1274 1255 1214
f 1274 1229 1255
f 1274 1272 1229
f 1274 1214 1272
o link5037
usemtl Material037
v 0.026450489 -0.074564903 0.075863950
v 0.026450489 -0.085545672 0.075863950
v 0.026450489 -0.071819711 0.064883181
v -0.039434125 -0.071819711 0.064883181
v -0.020217779 -0.082800480 0.078609143
v 0.026450489 -0.088290865 0.064883181
v -0.038865469 -0.071682292 0.070910999
v 0.020960105 -0.085545672 0.078609143
v -0.039795585 -0.088499559 0.065778248
v 0.026450487 -0.072379978 0.071579445
v -0.028453356 -0.074564903 0.075863950
v 0.018214912 -0.082800480 0.078609143
v 0.020070774 -0.089645110 0.077167766
v 0.015469720 -0.088290865 0.064883181
v -0.039434125 -0.074564903 0.073118758
v 0.025777234 -0.088002830 0.071559924
v -0.019538102 -0.089439927 0.077282956
v -0.039434125 -0.088290865 0.070373566
f 1275 1276 1277
f 1280 1277 1276
f 1280 1278 1277
f 1281 1277 1278
f 1282 1276 1275
f 1284 1281 1275
f 1284 1275 1277
f 1284 1277 1281
f 1285 1279 1275
f 1285 1275 1281
f 1286 1282 1275
f 1286 1275 1279
f 1286 1279 1282
f 1287 1276 1282
f 1287 1283 1280
f 1288 1283 1278
f 1288 1278 1280
f 1288 1280 1283
f 1289 1281 1278
f 1289 1278 1283
f 1289 1285 1281
f 1289 1279 1285
f 1290 1287 1280
f 1290 1280 1276
f 1290 1276 1287
f 1291 1287 1282
f 1291 1282 1279
f 1291 1283 1287
f 1292 1289 1283
f 1292 1283 1291
f 1292 1291 1279
f 1292 1279 1289
o link5038
usemtl Material038
v -0.036014958 0.091287296 -0.033385610
v -0.036688933 0.065439903 -0.033943741
v -0.036084901 0.064709271 -0.070366071
v -0.039434125 0.068185096 -0.072376433
v -0.069631241 0.070930288 -0.039434125
v -0.036688933 0.079165865 -0.061395664
v -0.068159868 0.069614176 -0.033324507
v -0.066886048 0.065439903 -0.047669702
v -0.036688933 0.068185096 -0.072376433
v -0.050414895 0.087401442 -0.036688933
v -0.047669702 0.076420672 -0.058650471
v -0.047669702 0.065439903 -0.066886048
v -0.069075076 0.065391187 -0.033914599
v -0.039434125 0.065439903 -0.072376433
v -0.039434125 0.092891826 -0.036688933
v -0.058650471 0.081911057 -0.033943741
v -0.039434125 0.079165865 -0.061395664
v -0.055905279 0.081911057 -0.042179318
v -0.066886048 0.068185096 -0.047669702
v -0.067738446 0.064798047 -0.040982091
v -0.069631241 0.068185096 -0.042179318
v -0.036688933 0.092891826 -0.036688933
v -0.050414895 0.087401442 -0.033943741
v -0.044924510 0.073675480 -0.064140856
v -0.036688933 0.084656249 -0.053160087
v -0.042179318 0.081911057 -0.055905279
v -0.061395664 0.079165865 -0.039434125
v -0.058650471 0.076420672 -0.047669702
v -0.039434125 0.092891826 -0.033943741
v -0.047669702 0.068185096 -0.066886048
v -0.039434125 0.084656249 -0.053160087
v -0.058650471 0.081911057 -0.036688933
v -0.064140856 0.073675480 -0.044924510
v -0.044924510 0.070930288 -0.066886048
v -0.066886048 0.070930288 -0.044924510
f 1293 1294 1295
f 1298 1293 1295
f 1299 1294 1293
f 1301 1298 1295
f 1301 1296 1298
f 1305 1299 1297
f 1305 1294 1299
f 1306 1301 1295
f 1306 1296 1301
f 1306 1304 1296
f 1306 1295 1304
f 1308 1297 1299
f 1309 1298 1296
f 1311 1304 1300
f 1312 1304 1295
f 1312 1300 1304
f 1312 1295 1294
f 1312 1294 1305
f 1313 1305 1297
f 1313 1312 1305
f 1313 1300 1312
f 1313 1311 1300
f 1313 1297 1311
f 1315 1308 1299
f 1315 1299 1293
f 1315 1307 1302
f 1315 1302 1308
f 1316 1303 1309
f 1317 1298 1309
f 1317 1307 1314
f 1317 1314 1293
f 1317 1293 1298
f 1318 1309 1303
f 1318 1303 1310
f 1319 1302 1310
f 1319 1297 1308
f 1320 1310 1303
f 1320 1303 1311
f 1320 1319 1310
f 1321 1314 1307
f 1321 1293 1314
f 1321 1315 1293
f 1321 1307 1315
f 1322 1296 1304
f 1322 1304 1311
f 1322 1311 1303
f 1323 1317 1309
f 1323 1309 1318
f 1323 1307 1317
f 1323 1302 1307
f 1323 1318 1310
f 1323 1310 1302
f 1324 1319 1308
f 1324 1308 1302
f 1324 1302 1319
f 1325 1319 1320
f 1326 1296 1322
f 1326 1316 1309
f 1326 1309 1296
f 1326 1322 1303
f 1326 1303 1316
f 1327 1311 1297
f 1327 1297 1319
f 1327 1319 1325
f 1327 1325 1320
f 1327 1320 1311
o link5039
usemtl Material039
v 0.020960105 -0.145939903 0.084099527
v 0.026450489 -0.162411056 0.078609143
v 0.026450489 -0.145939903 0.067628374
v 0.001743759 -0.145939903 0.067628374
v 0.004488951 -0.162411056 0.084099527
v 0.026450489 -0.162411056 0.067628374
v 0.025716704 -0.145828253 0.079349412
v 0.018214912 -0.156920672 0.084099527
v 0.001737748 -0.145908902 0.083507987
v 0.001743759 -0.162411056 0.067628374
v 0.026450489 -0.159665864 0.081354335
v 0.001437160 -0.162274674 0.081510048
v 0.020960105 -0.148685095 0.084099527
v 0.015469720 -0.159665864 0.084099527
v 0.020960105 -0.162411056 0.081354335
f 1333 1330 1329
f 1333 1331 1330
f 1333 1329 1332
f 1334 1330 1331
f 1335 1328 1332
f 1336 1332 1328
f 1336 1334 1331
f 1336 1328 1334
f 1337 1333 1332
f 1337 1331 1333
f 1338 1334 1328
f 1338 1329 1330
f 1338 1330 1334
f 1339 1336 1331
f 1339 1331 1337
f 1339 1337 1332
f 1339 1332 1336
f 1340 1338 1328
f 1340 1328 1335
f 1340 1335 1338
f 1341 1338 1335
f 1341 1335 1332
f 1342 1332 1329
f 1342 1329 1338
f 1342 1341 1332
f 1342 1338 1341
o link5040
usemtl Material040
v 0.001743759 -0.038877403 0.045666835
v 0.001743759 -0.110252403 0.045666835
v 0.001743759 -0.038877403 -0.039434125
v -0.039434125 -0.038877403 -0.039434125
v -0.039434125 -0.110252403 0.045666835
v -0.039434125 -0.110252403 -0.039434125
v -0.039434125 -0.038877403 0.045666835
v 0.001743759 -0.110252403 -0.039434125
f 1343 1344 1345
f 1343 1345 1346
f 1347 1344 1343
f 1348 1346 1345
f 1348 1347 1346
f 1348 1344 1347
f 1349 1347 1343
f 1349 1343 1346
f 1349 1346 1347
f 1350 1348 1345
f 1350 1345 1344
f 1350 1344 1348
o link5041
usemtl Material041
v 0.036131528 0.033842048 0.080254683
v 0.037431258 -0.036132211 0.081354335
v 0.037431258 0.035242788 0.045666835
v 0.001743759 0.035242788 0.045666835
v 0.001743759 -0.038877403 0.080499999
v 0.001743759 0.035242788 0.080499999
v 0.037431258 -0.038877403 0.045666835
v 0.034686066 -0.038877403 0.081354335
v 0.001743759 -0.038877403 0.045666835
v 0.037341055 -0.038778634 0.075900003
f 1351 1352 1353
f 1356 1351 1353
f 1356 1353 1354
f 1356 1354 1355
f 1356 1352 1351
f 1357 1353 1352
f 1357 1354 1353
f 1358 1356 1355
f 1358 1352 1356
f 1358 1355 1357
f 1359 1357 1355
f 1359 1355 1354
f 1359 1354 1357
f 1360 1358 1357
f 1360 1357 1352
f 1360 1352 1358
o link5042
usemtl Material042
v 0.026450489 -0.088290865 0.067628374
v 0.026450489 -0.162411056 0.067628374
v 0.026450489 -0.088290865 0.045666835
v 0.001743759 -0.088290865 0.045666835
v 0.001743759 -0.162411056 0.067628374
v 0.001743759 -0.162411056 0.045666835
v 0.001743759 -0.088290865 0.067628374
v 0.026450489 -0.162411056 0.045666835
f 1361 1362 1363
f 1361 1363 1364
f 1365 1362 1361
f 1366 1364 1363
f 1366 1365 1364
f 1366 1362 1365
f 1367 1365 1361
f 1367 1361 1364
f 1367 1364 1365
f 1368 1366 1363
f 1368 1363 1362
f 1368 1362 1366
o link5043
usemtl Material043
v 0.026450489 -0.038877403 0.064883181
v 0.026450489 -0.088290865 0.064883181
v 0.026450489 -0.038877403 0.045666835
v -0.039434125 -0.038877403 0.045666835
v -0.039795585 -0.088499559 0.065778248
v -0.039434125 -0.088290865 0.045666835
v -0.039434125 -0.038877403 0.064883181
v 0.026450489 -0.088290865 0.045666835
f 1369 1370 1371
f 1369 1371 1372
f 1373 1370 1369
f 1374 1372 1371
f 1374 1373 1372
f 1375 1373 1369
f 1375 1369 1372
f 1375 1372 1373
f 1376 1374 1371
f 1376 1371 1370
f 1376 1370 1373
f 1376 1373 1374
o link5044
usemtl Material044
v -0.036688933 -0.000444712 -0.033943741
v -0.036688933 -0.038877403 -0.033943741
v -0.036688933 -0.000444712 -0.053160087
v -0.062386861 -0.000444982 -0.051657345
v -0.070725620 -0.000444712 -0.033857223
v -0.062368577 -0.038877438 -0.051680141
v -0.036688933 -0.038877403 -0.053160087
v -0.072376433 -0.038877403 -0.042179318
v -0.072376433 -0.000444712 -0.042179318
v -0.070725620 -0.038877403 -0.033857223
v -0.069631241 -0.000444712 -0.047669702
v -0.069631241 -0.038877403 -0.047669702
f 1377 1378 1379
f 1381 1378 1377
f 1382 1380 1379
f 1383 1382 1379
f 1383 1379 1378
f 1383 1378 1382
f 1385 1384 1381
f 1385 1381 1377
f 1385 1377 1379
f 1386 1378 1381
f 1386 1381 1384
f 1386 1384 1382
f 1386 1382 1378
f 1387 1380 1382
f 1387 1384 1385
f 1387 1385 1379
f 1387 1379 1380
f 1388 1387 1382
f 1388 1382 1384
f 1388 1384 1387
o link5045
usemtl Material045
v 0.042700686 0.067836965 0.064554749
v 0.042921643 0.035242788 0.064883181
v 0.042921643 0.035242788 0.045666835
v -0.036688933 0.068185096 0.045666835
v -0.037056361 0.068885707 0.066240717
v -0.036688933 0.035242788 0.045666835
v 0.042921643 0.068185096 0.045666835
v -0.036688933 0.035242788 0.064883181
f 1393 1390 1389
f 1394 1391 1390
f 1394 1392 1391
f 1394 1393 1392
f 1395 1391 1392
f 1395 1393 1389
f 1395 1392 1393
f 1395 1389 1390
f 1395 1390 1391
f 1396 1394 1390
f 1396 1390 1393
f 1396 1393 1394
o link5046
usemtl Material046
v -0.036688933 0.065439903 -0.033943741
v -0.036688933 -0.000444712 -0.033943741
v -0.036688933 0.065439903 -0.053160087
v -0.053160087 0.065439903 -0.053160087
v -0.053160087 -0.000444712 -0.033943741
v -0.053160087 -0.000444712 -0.053160087
v -0.053160087 0.065439903 -0.033943741
v -0.036688933 -0.000444712 -0.053160087
f 1397 1398 1399
f 1397 1399 1400
f 1401 1398 1397
f 1402 1400 1399
f 1402 1401 1400
f 1402 1398 1401
f 1403 1401 1397
f 1403 1397 1400
f 1403 1400 1401
f 1404 1402 1399
f 1404 1399 1398
f 1404 1398 1402
o link5047
usemtl Material047
v 0.040176451 -0.071819711 -0.039434125
v 0.040176451 -0.110252403 -0.039434125
v 0.040176451 -0.110252403 -0.058650471
v -0.039434125 -0.071819711 -0.058650471
v -0.039434125 -0.110252403 -0.039434125
v 0.040176451 -0.071819711 -0.058650471
v -0.039434125 -0.071819711 -0.039434125
v -0.039434125 -0.110252403 -0.058650471
f 1405 1406 1407
f 1409 1406 1405
f 1409 1407 1406
f 1410 1405 1407
f 1410 1407 1408
f 1410 1408 1405
f 1411 1409 1405
f 1411 1405 1408
f 1411 1408 1409
f 1412 1409 1408
f 1412 1408 1407
f 1412 1407 1409
o link5048
usemtl Material048
v 0.001743759 -0.088290865 0.067628374
v 0.001743759 -0.145939903 0.067628374
v 0.001743759 -0.088290865 0.045666835
v -0.017472587 -0.088290865 0.045666835
v -0.017472587 -0.088290865 0.067628374
v -0.017472587 -0.145939903 0.045666835
v 0.001743759 -0.145939903 0.045666835
v -0.017472587 -0.145939903 0.067628374
f 1413 1414 1415
f 1413 1415 1416
f 1417 1414 1413
f 1417 1413 1416
f 1418 1416 1415
f 1418 1417 1416
f 1419 1418 1415
f 1419 1415 1414
f 1419 1414 1418
f 1420 1418 1414
f 1420 1414 1417
f 1420 1417 1418
o link5049
usemtl Material049
v -0.053160087 -0.000444712 -0.011982203
v -0.053160087 -0.038877403 -0.011982203
v -0.053160087 -0.000444712 -0.033943741
v -0.070725620 -0.000444712 -0.033857223
v -0.071873426 -0.000444711 -0.011955842
v -0.053160087 -0.038877403 -0.033943741
v -0.070725620 -0.038877403 -0.033857223
v -0.071873412 -0.038877403 -0.011955841
f 1421 1422 1423
f 1425 1421 1423
f 1425 1423 1424
f 1426 1423 1422
f 1427 1425 1424
f 1427 1424 1423
f 1427 1423 1426
f 1427 1426 1422
f 1428 1427 1422
f 1428 1425 1427
f 1428 1422 1421
f 1428 1421 1425
o link5050
usemtl Material050
v 0.070545372 -0.038877403 0.037296394
v 0.070545373 -0.071819710 0.037296395
v 0.070445845 -0.038877410 -0.039149822
v 0.045666835 -0.038877403 -0.039434125
v 0.045666835 -0.071819711 0.037431258
v 0.045666835 -0.071819711 -0.039434125
v 0.045666835 -0.038877403 0.037431258
v 0.070446111 -0.071819711 -0.039147800
f 1429 1431 1432
f 1434 1432 1431
f 1434 1433 1432
f 1435 1429 1432
f 1435 1432 1433
f 1435 1433 1430
f 1435 1430 1429
f 1436 1434 1431
f 1436 1430 1433
f 1436 1433 1434
f 1436 1429 1430
f 1436 1431 1429
o link5051
usemtl Material051
v 0.040176451 -0.038877403 -0.039434125
v 0.040176451 -0.071819711 -0.039434125
v 0.037431258 -0.071819711 -0.075121625
v -0.035557088 -0.037900016 -0.074000001
v -0.039434125 -0.071819711 -0.039434125
v 0.035874031 -0.037532989 -0.074000046
v 0.039354905 -0.071684157 -0.070741502
v -0.039434125 -0.038877403 -0.039434125
v -0.036688933 -0.071819711 -0.075121625
v 0.039235972 -0.038881137 -0.070859354
v -0.038748273 -0.038871078 -0.071124006
v -0.038783890 -0.071659588 -0.071030783
f 1441 1438 1437
f 1441 1439 1438
f 1443 1437 1438
f 1443 1438 1439
f 1444 1441 1437
f 1444 1442 1440
f 1444 1437 1442
f 1445 1439 1441
f 1445 1442 1439
f 1445 1440 1442
f 1446 1442 1437
f 1446 1437 1443
f 1446 1443 1439
f 1446 1439 1442
f 1447 1444 1440
f 1447 1440 1445
f 1448 1447 1445
f 1448 1445 1441
f 1448 1441 1444
f 1448 1444 1447
o link5052
usemtl Material052
v 0.045666835 -0.038877403 0.045666835
v 0.045666835 -0.182999998 0.045666835
v 0.045666835 -0.038877403 0.001743759
v 0.001743759 -0.038877403 0.001743759
v 0.001743759 -0.038877403 0.045666835
v 0.001743759 -0.182999998 0.001743759
v 0.045666835 -0.182999998 0.001743759
v 0.001743759 -0.182999998 0.045666835
f 1449 1450 1451
f 1449 1451 1452
f 1453 1450 1449
f 1453 1449 1452
f 1454 1452 1451
f 1455 1454 1451
f 1455 1451 1450
f 1455 1450 1454
f 1456 1454 1450
f 1456 1450 1453
f 1456 1453 1452
f 1456 1452 1454
o link5053
usemtl Material053
v 0.045666835 -0.110252403 0.001743759
v 0.045666835 -0.182999998 0.001743759
v 0.045666835 -0.182999998 -0.039434125
v -0.039434125 -0.110252403 -0.039434125
v -0.039434125 -0.110252403 0.001743759
v -0.039434125 -0.182999998 -0.039434125
v 0.045666835 -0.110252403 -0.039434125
v -0.039434125 -0.182999998 0.001743759
f 1457 1458 1459
f 1461 1458 1457
f 1461 1457 1460
f 1462 1459 1458
f 1462 1460 1459
f 1462 1461 1460
f 1463 1457 1459
f 1463 1459 1460
f 1463 1460 1457
f 1464 1462 1458
f 1464 1458 1461
f 1464 1461 1462
o link5054
usemtl Material054
v 0.001743759 0.035242788 0.080499999
v 0.001743759 -0.038877403 0.080499999
v 0.001743759 0.035245070 -0.074000525
v -0.036688933 0.035245070 -0.074000525
v -0.035668596 0.034125577 0.080483687
v 0.001743762 -0.038877400 -0.074000104
v -0.036688933 -0.038877403 0.075900003
v -0.035314056 -0.034650484 0.080191104
v -0.035557088 -0.037900016 -0.074000001
v -0.032494716 -0.037315767 0.080128370
f 1465 1467 1468
f 1469 1466 1465
f 1469 1465 1468
f 1470 1468 1467
f 1470 1465 1466
f 1470 1467 1465
f 1471 1469 1468
f 1471 1470 1466
f 1472 1466 1469
f 1472 1469 1471
f 1473 1471 1468
f 1473 1468 1470
f 1473 1470 1471
f 1474 1472 1471
f 1474 1471 1466
f 1474 1466 1472
o link5055
usemtl Material055
v 0.040176451 -0.110252403 -0.039434125
v 0.040176451 -0.182999998 -0.039434125
v 0.040176451 -0.181627402 -0.061395664
v -0.039434125 -0.110252403 -0.061395664
v -0.039434125 -0.110252403 -0.039434125
v -0.039434125 -0.184372594 -0.058650471
v 0.040176451 -0.110252403 -0.061395664
v 0.037431258 -0.184372594 -0.061395664
v -0.039434125 -0.182999998 -0.039434125
v 0.040176451 -0.184372594 -0.058650471
v -0.036688933 -0.184372594 -0.061395664
v -0.039434125 -0.181627402 -0.061395664
f 1479 1476 1475
f 1479 1475 1478
f 1481 1477 1478
f 1481 1478 1475
f 1481 1475 1476
f 1481 1476 1477
f 1482 1478 1477
f 1483 1480 1476
f 1483 1476 1479
f 1483 1479 1478
f 1484 1482 1477
f 1484 1477 1476
f 1484 1476 1480
f 1484 1480 1482
f 1485 1482 1480
f 1485 1478 1482
f 1486 1485 1480
f 1486 1478 1485
f 1486 1483 1478
f 1486 1480 1483
o link5056
usemtl Material056
v -0.055905279 0.018771634 0.026450489
v -0.055905279 -0.000444712 0.026450489
v -0.055905279 -0.000444712 0.004488951
v -0.072265051 0.018771634 0.004483115
v -0.071117223 -0.000444712 0.026384499
v -0.055905279 0.018771634 0.004488951
v -0.071117223 0.018771634 0.026384499
v -0.072265051 -0.000444712 0.004483115
f 1487 1488 1489
f 1491 1488 1487
f 1491 1489 1488
f 1492 1487 1489
f 1492 1490 1487
f 1493 1491 1487
f 1493 1487 1490
f 1493 1490 1491
f 1494 1491 1490
f 1494 1489 1491
f 1494 1492 1489
f 1494 1490 1492
o link5057
usemtl Material057
v -0.036688933 -0.000444712 0.004488951
v -0.036688933 -0.038877403 0.004488951
v -0.036688933 -0.000444712 -0.033943741
v -0.053160087 -0.000444712 -0.033943741
v -0.053160087 -0.000444712 0.004488951
v -0.053160087 -0.038877403 -0.033943741
v -0.036688933 -0.038877403 -0.033943741
v -0.053160087 -0.038877403 0.004488951
f 1495 1496 1497
f 1495 1497 1498
f 1499 1496 1495
f 1499 1495 1498
f 1500 1498 1497
f 1500 1499 1498
f 1501 1500 1497
f 1501 1497 1496
f 1501 1496 1500
f 1502 1500 1496
f 1502 1496 1499
f 1502 1499 1500
o link5058
usemtl Material058
v 0.042921643 0.062694711 0.070373566
v 0.042396767 0.054459042 0.068841047
v 0.042700686 0.067836965 0.064554749
v -0.037056361 0.068885707 0.066240717
v -0.036688933 0.054459134 0.068999998
v 0.042105462 0.066837610 0.065735172
v 0.042921643 0.054459134 0.064883181
v -0.036688933 0.062694711 0.070373566
v -0.036688933 0.054459134 0.064883181
f 1507 1504 1503
f 1508 1503 1505
f 1508 1505 1506
f 1508 1506 1503
f 1509 1503 1504
f 1509 1505 1503
f 1510 1507 1503
f 1510 1503 1506
f 1510 1506 1507
f 1511 1507 1506
f 1511 1506 1505
f 1511 1505 1509
f 1511 1509 1504
f 1511 1504 1507
o link5059
usemtl Material059
v 0.045666835 -0.038877403 0.001743759
v 0.045666835 -0.110252403 0.001743759
v 0.045666835 -0.038877403 -0.039434125
v 0.001743759 -0.038877403 -0.039434125
v 0.001743759 -0.110252403 0.001743759
v 0.001743759 -0.110252403 -0.039434125
v 0.001743759 -0.038877403 0.001743759
v 0.045666835 -0.110252403 -0.039434125
f 1512 1513 1514
f 1512 1514 1515
f 1516 1513 1512
f 1517 1515 1514
f 1517 1516 1515
f 1517 1513 1516
f 1518 1516 1512
f 1518 1512 1515
f 1518 1515 1516
f 1519 1517 1514
f 1519 1514 1513
f 1519 1513 1517
o link5060
usemtl Material060
v 0.001743759 -0.110252403 0.045666835
v 0.001743759 -0.182999998 0.045666835
v 0.001743759 -0.182999998 0.001743759
v -0.039434125 -0.110252403 0.001743759
v -0.039434125 -0.110252403 0.045666835
v -0.039434125 -0.182999998 0.042921643
v 0.001743759 -0.110252403 0.001743759
v -0.039434125 -0.182999998 0.001743759
v -0.039434125 -0.182999998 0.045666835
f 1520 1521 1522
f 1524 1521 1520
f 1524 1520 1523
f 1525 1522 1521
f 1525 1524 1523
f 1526 1520 1522
f 1526 1523 1520
f 1527 1525 1523
f 1527 1522 1525
f 1527 1526 1522
f 1527 1523 1526
f 1528 1525 1521
f 1528 1521 1524
f 1528 1524 1525
o link5061
usemtl Material061
v -0.036688933 -0.000444712 0.045666835
v -0.036688933 -0.038877403 0.045666835
v -0.036688933 -0.000444712 0.004488951
v -0.072265051 -0.000444712 0.004483115
v -0.072376433 -0.000444712 0.042921643
v -0.072265039 -0.038877403 0.004483113
v -0.067628930 -0.038877403 0.044332700
v -0.036688933 -0.038877403 0.004488951
v -0.067629022 -0.000444705 0.044332644
v -0.072376433 -0.038877403 0.042921643
f 1529 1530 1531
f 1534 1532 1531
f 1535 1530 1529
f 1536 1534 1531
f 1536 1531 1530
f 1537 1535 1529
f 1537 1533 1535
f 1537 1532 1533
f 1537 1529 1531
f 1537 1531 1532
f 1538 1535 1533
f 1538 1534 1536
f 1538 1536 1530
f 1538 1530 1535
f 1538 1533 1532
f 1538 1532 1534
o link5062
usemtl Material062
v 0.001737748 -0.145908902 0.083507987
v 0.001437160 -0.162274674 0.081510048
v 0.001743759 -0.145939903 0.045666835
v -0.017472587 -0.145939903 0.045666835
v -0.017472587 -0.156920672 0.084099527
v -0.017472587 -0.162411056 0.045666835
v -0.016966365 -0.145815097 0.081771828
v 0.001743759 -0.162411056 0.045666835
v -0.003746626 -0.162411056 0.084099527
v -0.017472587 -0.162411056 0.081354335
v -0.014727395 -0.159665864 0.084099527
f 1544 1542 1541
f 1544 1543 1542
f 1545 1539 1541
f 1545 1541 1542
f 1545 1543 1539
f 1545 1542 1543
f 1546 1539 1540
f 1546 1541 1539
f 1546 1544 1541
f 1547 1540 1539
f 1547 1539 1543
f 1547 1546 1540
f 1547 1544 1546
f 1548 1543 1544
f 1548 1544 1547
f 1549 1548 1547
f 1549 1547 1543
f 1549 1543 1548
o link5063
usemtl Material063
v 0.046634850 -0.038877825 0.066217185
v 0.046612595 -0.071817886 0.066235946
v 0.045666835 -0.071819711 0.045666835
v 0.026450489 -0.038877403 0.045666835
v 0.026450489 -0.038877403 0.064883181
v 0.045666835 -0.038877403 0.045666835
v 0.026450489 -0.071819711 0.064883181
v 0.026450489 -0.071819711 0.045666835
f 1550 1551 1552
f 1554 1551 1550
f 1555 1550 1552
f 1555 1552 1553
f 1555 1554 1550
f 1555 1553 1554
f 1556 1552 1551
f 1556 1551 1554
f 1556 1554 1553
f 1557 1556 1553
f 1557 1553 1552
f 1557 1552 1556
